key,tasa_marcado,tasa_con_ilicita_2saltos,tasa_sin_ilicita_2saltos,frac_marcados_con_ilicita_2saltos,auc_grado
B|GCN|class_weighting|42,0.5558788662571398,0.5800575263662512,0.5528169014084507,0.11729352462194649,0.4763172942073013
B|GCN|focal_loss|42,0.22739519344756978,0.27708533077660596,0.2211024769305488,0.13696682464454976,0.43987178280836003
B|GCN|none|42,0.25221827064698066,0.2879514221796101,0.2476930548810102,0.12832929782082325,0.4478467050260222
B|GraphSAGE|class_weighting|42,0.1427955598663649,0.1808884627676574,0.13797150720414442,0.14238993710691825,0.40724507637996055
B|GraphSAGE|focal_loss|42,0.1562309156877537,0.17417705337168424,0.15395823215152987,0.1253161646355484,0.42910655139801623
B|GraphSAGE|none|42,0.13162337895606566,0.15947587088526685,0.12809616318601263,0.13618995633187772,0.41181671799186975
B|TAGCN|class_weighting|42,0.12361245823903438,0.15691914349632471,0.11939452808806864,0.14269107817494914,0.3988344214293471
B|TAGCN|focal_loss|42,0.1352516434960664,0.15468200703100032,0.1327909988667638,0.12855245683930944,0.4104608374963644
B|TAGCN|none|42,0.15694938391349642,0.17513582614253756,0.15464626841508822,0.12542915999084459,0.4169680141433733
