key,mode,arch,balancing,seed,split,group,n,flagged,rate,mean_prob
B|GCN|class_weighting|42,B,GCN,class_weighting,42,train,licita,26432,1408,0.053268765133171914,0.0912342369556427
B|GCN|class_weighting|42,B,GCN,class_weighting,42,train,ilicita,3462,1494,0.43154246100519933,0.4664534330368042
B|GCN|class_weighting|42,B,GCN,class_weighting,42,train,sin_etiqueta,106371,19688,0.18508804091340686,0.2532573640346527
B|GCN|class_weighting|42,B,GCN,class_weighting,42,val,licita,9069,2068,0.22802955121843643,0.248655766248703
B|GCN|class_weighting|42,B,GCN,class_weighting,42,val,ilicita,914,577,0.6312910284463895,0.605227530002594
B|GCN|class_weighting|42,B,GCN,class_weighting,42,val,sin_etiqueta,27837,15474,0.5558788662571398,0.5285221934318542
B|GCN|class_weighting|42,B,GCN,class_weighting,42,test,licita,6518,1925,0.29533599263577787,0.3128744065761566
B|GCN|class_weighting|42,B,GCN,class_weighting,42,test,ilicita,169,100,0.591715976331361,0.6061206459999084
B|GCN|class_weighting|42,B,GCN,class_weighting,42,test,sin_etiqueta,22997,12350,0.5370265686828717,0.5198643207550049
B|GCN|focal_loss|42,B,GCN,focal_loss,42,train,licita,26432,577,0.0218296004842615,0.03516881912946701
B|GCN|focal_loss|42,B,GCN,focal_loss,42,train,ilicita,3462,1436,0.414789139225881,0.4108690023422241
B|GCN|focal_loss|42,B,GCN,focal_loss,42,train,sin_etiqueta,106371,13513,0.12703650431038535,0.16005100309848785
B|GCN|focal_loss|42,B,GCN,focal_loss,42,val,licita,9069,467,0.051494100782886756,0.06504283100366592
B|GCN|focal_loss|42,B,GCN,focal_loss,42,val,ilicita,914,412,0.45076586433260396,0.42751580476760864
B|GCN|focal_loss|42,B,GCN,focal_loss,42,val,sin_etiqueta,27837,6330,0.22739519344756978,0.2433149516582489
B|GCN|focal_loss|42,B,GCN,focal_loss,42,test,licita,6518,464,0.07118748082233814,0.09328046441078186
B|GCN|focal_loss|42,B,GCN,focal_loss,42,test,ilicita,169,21,0.1242603550295858,0.172949880361557
B|GCN|focal_loss|42,B,GCN,focal_loss,42,test,sin_etiqueta,22997,5760,0.2504674522763839,0.25591471791267395
B|GCN|none|42,B,GCN,none,42,train,licita,26432,516,0.01952179176755448,0.031628649681806564
B|GCN|none|42,B,GCN,none,42,train,ilicita,3462,1329,0.38388214904679374,0.3913397192955017
B|GCN|none|42,B,GCN,none,42,train,sin_etiqueta,106371,11310,0.10632597230448149,0.14224261045455933
B|GCN|none|42,B,GCN,none,42,val,licita,9069,588,0.06483625537545484,0.07863622903823853
B|GCN|none|42,B,GCN,none,42,val,ilicita,914,426,0.4660831509846827,0.44511377811431885
B|GCN|none|42,B,GCN,none,42,val,sin_etiqueta,27837,7021,0.25221827064698066,0.27440232038497925
B|GCN|none|42,B,GCN,none,42,test,licita,6518,570,0.0874501380791654,0.11443816125392914
B|GCN|none|42,B,GCN,none,42,test,ilicita,169,30,0.17751479289940827,0.21967141330242157
B|GCN|none|42,B,GCN,none,42,test,sin_etiqueta,22997,6506,0.28290646606079056,0.2917588949203491
B|GraphSAGE|class_weighting|42,B,GraphSAGE,class_weighting,42,train,licita,26432,151,0.005712772397094431,0.059540312737226486
B|GraphSAGE|class_weighting|42,B,GraphSAGE,class_weighting,42,train,ilicita,3462,3106,0.8971692663200462,0.9421656131744385
B|GraphSAGE|class_weighting|42,B,GraphSAGE,class_weighting,42,train,sin_etiqueta,106371,11020,0.10359966532231529,0.2823728621006012
B|GraphSAGE|class_weighting|42,B,GraphSAGE,class_weighting,42,val,licita,9069,148,0.01631932958429816,0.10682322084903717
B|GraphSAGE|class_weighting|42,B,GraphSAGE,class_weighting,42,val,ilicita,914,703,0.7691466083150985,0.853007972240448
B|GraphSAGE|class_weighting|42,B,GraphSAGE,class_weighting,42,val,sin_etiqueta,27837,3975,0.1427955598663649,0.3612968921661377
B|GraphSAGE|class_weighting|42,B,GraphSAGE,class_weighting,42,test,licita,6518,140,0.021478981282602026,0.12212733924388885
B|GraphSAGE|class_weighting|42,B,GraphSAGE,class_weighting,42,test,ilicita,169,6,0.03550295857988166,0.23216891288757324
B|GraphSAGE|class_weighting|42,B,GraphSAGE,class_weighting,42,test,sin_etiqueta,22997,3207,0.13945297212679914,0.3464890718460083
B|GraphSAGE|focal_loss|42,B,GraphSAGE,focal_loss,42,train,licita,26432,284,0.01074455205811138,0.1395629197359085
B|GraphSAGE|focal_loss|42,B,GraphSAGE,focal_loss,42,train,ilicita,3462,2798,0.8082033506643559,0.7366788983345032
B|GraphSAGE|focal_loss|42,B,GraphSAGE,focal_loss,42,train,sin_etiqueta,106371,11979,0.11261528048058211,0.3274092376232147
B|GraphSAGE|focal_loss|42,B,GraphSAGE,focal_loss,42,val,licita,9069,157,0.017311721248208182,0.167148619890213
B|GraphSAGE|focal_loss|42,B,GraphSAGE,focal_loss,42,val,ilicita,914,675,0.7385120350109409,0.6896029710769653
B|GraphSAGE|focal_loss|42,B,GraphSAGE,focal_loss,42,val,sin_etiqueta,27837,4349,0.1562309156877537,0.36305785179138184
B|GraphSAGE|focal_loss|42,B,GraphSAGE,focal_loss,42,test,licita,6518,168,0.02577477753912243,0.17798909544944763
B|GraphSAGE|focal_loss|42,B,GraphSAGE,focal_loss,42,test,ilicita,169,5,0.029585798816568046,0.27100440859794617
B|GraphSAGE|focal_loss|42,B,GraphSAGE,focal_loss,42,test,sin_etiqueta,22997,3970,0.17263121276688265,0.3570617437362671
B|GraphSAGE|none|42,B,GraphSAGE,none,42,train,licita,26432,97,0.0036697941888619856,0.02586328238248825
B|GraphSAGE|none|42,B,GraphSAGE,none,42,train,ilicita,3462,2909,0.840265742345465,0.8207690715789795
B|GraphSAGE|none|42,B,GraphSAGE,none,42,train,sin_etiqueta,106371,9738,0.09154750824942888,0.17210084199905396
B|GraphSAGE|none|42,B,GraphSAGE,none,42,val,licita,9069,107,0.01179843422648583,0.044660862535238266
B|GraphSAGE|none|42,B,GraphSAGE,none,42,val,ilicita,914,681,0.7450765864332604,0.7353290319442749
B|GraphSAGE|none|42,B,GraphSAGE,none,42,val,sin_etiqueta,27837,3664,0.13162337895606566,0.2161335051059723
B|GraphSAGE|none|42,B,GraphSAGE,none,42,test,licita,6518,104,0.01595581466707579,0.05335967242717743
B|GraphSAGE|none|42,B,GraphSAGE,none,42,test,ilicita,169,3,0.01775147928994083,0.06046826019883156
B|GraphSAGE|none|42,B,GraphSAGE,none,42,test,sin_etiqueta,22997,2908,0.12645127625342437,0.2046598196029663
B|TAGCN|class_weighting|42,B,TAGCN,class_weighting,42,train,licita,26432,133,0.005031779661016949,0.05495336651802063
B|TAGCN|class_weighting|42,B,TAGCN,class_weighting,42,train,ilicita,3462,3075,0.8882149046793761,0.9459320306777954
B|TAGCN|class_weighting|42,B,TAGCN,class_weighting,42,train,sin_etiqueta,106371,9452,0.08885880550149947,0.2515413761138916
B|TAGCN|class_weighting|42,B,TAGCN,class_weighting,42,val,licita,9069,134,0.0147756092182159,0.10198638588190079
B|TAGCN|class_weighting|42,B,TAGCN,class_weighting,42,val,ilicita,914,638,0.6980306345733042,0.8203675746917725
B|TAGCN|class_weighting|42,B,TAGCN,class_weighting,42,val,sin_etiqueta,27837,3441,0.12361245823903438,0.3298218250274658
B|TAGCN|class_weighting|42,B,TAGCN,class_weighting,42,test,licita,6518,130,0.019944768333844738,0.12489495426416397
B|TAGCN|class_weighting|42,B,TAGCN,class_weighting,42,test,ilicita,169,5,0.029585798816568046,0.2167494297027588
B|TAGCN|class_weighting|42,B,TAGCN,class_weighting,42,test,sin_etiqueta,22997,2615,0.1137104839761708,0.31656983494758606
B|TAGCN|focal_loss|42,B,TAGCN,focal_loss,42,train,licita,26432,61,0.0023078087167070216,0.042345378547906876
B|TAGCN|focal_loss|42,B,TAGCN,focal_loss,42,train,ilicita,3462,3332,0.9624494511842865,0.9076752066612244
B|TAGCN|focal_loss|42,B,TAGCN,focal_loss,42,train,sin_etiqueta,106371,10980,0.10322362297994754,0.17847749590873718
B|TAGCN|focal_loss|42,B,TAGCN,focal_loss,42,val,licita,9069,124,0.01367295181387143,0.08047077804803848
B|TAGCN|focal_loss|42,B,TAGCN,focal_loss,42,val,ilicita,914,659,0.7210065645514223,0.7065524458885193
B|TAGCN|focal_loss|42,B,TAGCN,focal_loss,42,val,sin_etiqueta,27837,3765,0.1352516434960664,0.23533086478710175
B|TAGCN|focal_loss|42,B,TAGCN,focal_loss,42,test,licita,6518,99,0.015188708192697147,0.08960803598165512
B|TAGCN|focal_loss|42,B,TAGCN,focal_loss,42,test,ilicita,169,3,0.01775147928994083,0.12592202425003052
B|TAGCN|focal_loss|42,B,TAGCN,focal_loss,42,test,sin_etiqueta,22997,2197,0.09553420011305823,0.20408126711845398
B|TAGCN|none|42,B,TAGCN,none,42,train,licita,26432,184,0.0069612590799031475,0.02002066560089588
B|TAGCN|none|42,B,TAGCN,none,42,train,ilicita,3462,3038,0.877527440785673,0.8384759426116943
B|TAGCN|none|42,B,TAGCN,none,42,train,sin_etiqueta,106371,11970,0.11253067095354936,0.13694195449352264
B|TAGCN|none|42,B,TAGCN,none,42,val,licita,9069,164,0.018083581431249312,0.04098464548587799
B|TAGCN|none|42,B,TAGCN,none,42,val,ilicita,914,652,0.7133479212253829,0.6645082831382751
B|TAGCN|none|42,B,TAGCN,none,42,val,sin_etiqueta,27837,4369,0.15694938391349642,0.18324346840381622
B|TAGCN|none|42,B,TAGCN,none,42,test,licita,6518,184,0.02822951825713409,0.05137623846530914
B|TAGCN|none|42,B,TAGCN,none,42,test,ilicita,169,4,0.023668639053254437,0.058995578438043594
B|TAGCN|none|42,B,TAGCN,none,42,test,sin_etiqueta,22997,3216,0.139844327520981,0.16316336393356323
A|GCN|class_weighting|42,A,GCN,class_weighting,42,train,licita,26432,877,0.0331794794188862,0.1626000553369522
A|GCN|class_weighting|42,A,GCN,class_weighting,42,train,ilicita,3462,2389,0.6900635470826112,0.8396981954574585
A|GCN|class_weighting|42,A,GCN,class_weighting,42,train,sin_etiqueta,106371,3203,0.03011159056509763,0.1643746793270111
A|GCN|class_weighting|42,A,GCN,class_weighting,42,val,licita,9069,272,0.02999228139816959,0.23892836272716522
A|GCN|class_weighting|42,A,GCN,class_weighting,42,val,ilicita,914,304,0.33260393873085337,0.6323144435882568
A|GCN|class_weighting|42,A,GCN,class_weighting,42,val,sin_etiqueta,27837,694,0.024930847433272264,0.24617208540439606
A|GCN|class_weighting|42,A,GCN,class_weighting,42,test,licita,6518,223,0.03421294875728751,0.2138601839542389
A|GCN|class_weighting|42,A,GCN,class_weighting,42,test,ilicita,169,3,0.01775147928994083,0.2092560976743698
A|GCN|class_weighting|42,A,GCN,class_weighting,42,test,sin_etiqueta,22997,259,0.0112623385658999,0.19071853160858154
A|GCN|focal_loss|42,A,GCN,focal_loss,42,train,licita,26432,61,0.0023078087167070216,0.01118633896112442
A|GCN|focal_loss|42,A,GCN,focal_loss,42,train,ilicita,3462,446,0.1288272674754477,0.16639134287834167
A|GCN|focal_loss|42,A,GCN,focal_loss,42,train,sin_etiqueta,106371,1815,0.017062921284936684,0.0453001894056797
A|GCN|focal_loss|42,A,GCN,focal_loss,42,val,licita,9069,48,0.005292755540853457,0.016414456069469452
A|GCN|focal_loss|42,A,GCN,focal_loss,42,val,ilicita,914,147,0.16083150984682712,0.18063311278820038
A|GCN|focal_loss|42,A,GCN,focal_loss,42,val,sin_etiqueta,27837,809,0.029062039731292885,0.07087767869234085
A|GCN|focal_loss|42,A,GCN,focal_loss,42,test,licita,6518,84,0.012887388769561215,0.02375529147684574
A|GCN|focal_loss|42,A,GCN,focal_loss,42,test,ilicita,169,3,0.01775147928994083,0.02955242618918419
A|GCN|focal_loss|42,A,GCN,focal_loss,42,test,sin_etiqueta,22997,1022,0.04444057920598339,0.07834761589765549
A|GCN|none|42,A,GCN,none,42,train,licita,26432,72,0.002723970944309927,0.016080856323242188
A|GCN|none|42,A,GCN,none,42,train,ilicita,3462,523,0.15106874638937032,0.1860770434141159
A|GCN|none|42,A,GCN,none,42,train,sin_etiqueta,106371,1168,0.010980436397138318,0.047785256057977676
A|GCN|none|42,A,GCN,none,42,val,licita,9069,61,0.006726210166501268,0.04159718379378319
A|GCN|none|42,A,GCN,none,42,val,ilicita,914,164,0.17943107221006566,0.2313079535961151
A|GCN|none|42,A,GCN,none,42,val,sin_etiqueta,27837,705,0.02532600495743076,0.11820283532142639
A|GCN|none|42,A,GCN,none,42,test,licita,6518,61,0.009358698987419454,0.04915069043636322
A|GCN|none|42,A,GCN,none,42,test,ilicita,169,14,0.08284023668639054,0.15840192139148712
A|GCN|none|42,A,GCN,none,42,test,sin_etiqueta,22997,698,0.030351785015436797,0.11740323901176453
A|GraphSAGE|class_weighting|42,A,GraphSAGE,class_weighting,42,train,licita,26432,401,0.015171004842615013,0.07084746658802032
A|GraphSAGE|class_weighting|42,A,GraphSAGE,class_weighting,42,train,ilicita,3462,3190,0.9214326978625073,0.9311797022819519
A|GraphSAGE|class_weighting|42,A,GraphSAGE,class_weighting,42,train,sin_etiqueta,106371,2350,0.022092487614105347,0.0665750503540039
A|GraphSAGE|class_weighting|42,A,GraphSAGE,class_weighting,42,val,licita,9069,220,0.024258462895578342,0.08656813949346542
A|GraphSAGE|class_weighting|42,A,GraphSAGE,class_weighting,42,val,ilicita,914,547,0.5984682713347921,0.6831870675086975
A|GraphSAGE|class_weighting|42,A,GraphSAGE,class_weighting,42,val,sin_etiqueta,27837,627,0.022523978877034164,0.08080529421567917
A|GraphSAGE|class_weighting|42,A,GraphSAGE,class_weighting,42,test,licita,6518,183,0.02807609696225836,0.07630032300949097
A|GraphSAGE|class_weighting|42,A,GraphSAGE,class_weighting,42,test,ilicita,169,3,0.01775147928994083,0.11813843995332718
A|GraphSAGE|class_weighting|42,A,GraphSAGE,class_weighting,42,test,sin_etiqueta,22997,146,0.006348654172283342,0.04782090336084366
A|GraphSAGE|focal_loss|42,A,GraphSAGE,focal_loss,42,train,licita,26432,162,0.006128934624697336,0.15273381769657135
A|GraphSAGE|focal_loss|42,A,GraphSAGE,focal_loss,42,train,ilicita,3462,2606,0.7527440785673022,0.5928015112876892
A|GraphSAGE|focal_loss|42,A,GraphSAGE,focal_loss,42,train,sin_etiqueta,106371,1870,0.01757997950569234,0.13108037412166595
A|GraphSAGE|focal_loss|42,A,GraphSAGE,focal_loss,42,val,licita,9069,140,0.015437203660822582,0.17650336027145386
A|GraphSAGE|focal_loss|42,A,GraphSAGE,focal_loss,42,val,ilicita,914,460,0.5032822757111597,0.4670667052268982
A|GraphSAGE|focal_loss|42,A,GraphSAGE,focal_loss,42,val,sin_etiqueta,27837,504,0.018105399288716458,0.171806201338768
A|GraphSAGE|focal_loss|42,A,GraphSAGE,focal_loss,42,test,licita,6518,148,0.022706351641607857,0.17104211449623108
A|GraphSAGE|focal_loss|42,A,GraphSAGE,focal_loss,42,test,ilicita,169,3,0.01775147928994083,0.23476161062717438
A|GraphSAGE|focal_loss|42,A,GraphSAGE,focal_loss,42,test,sin_etiqueta,22997,170,0.007392268556768274,0.14988920092582703
A|GraphSAGE|none|42,A,GraphSAGE,none,42,train,licita,26432,19322,0.7310078692493946,0.28881365060806274
A|GraphSAGE|none|42,A,GraphSAGE,none,42,train,ilicita,3462,2941,0.8495089543616406,0.3508060872554779
A|GraphSAGE|none|42,A,GraphSAGE,none,42,train,sin_etiqueta,106371,83671,0.7865959707063015,0.3153226673603058
A|GraphSAGE|none|42,A,GraphSAGE,none,42,val,licita,9069,5901,0.6506781343036718,0.2538711726665497
A|GraphSAGE|none|42,A,GraphSAGE,none,42,val,ilicita,914,834,0.912472647702407,0.32886430621147156
A|GraphSAGE|none|42,A,GraphSAGE,none,42,val,sin_etiqueta,27837,22746,0.8171139131371915,0.31147801876068115
A|GraphSAGE|none|42,A,GraphSAGE,none,42,test,licita,6518,5026,0.7710954280454128,0.29318341612815857
A|GraphSAGE|none|42,A,GraphSAGE,none,42,test,ilicita,169,169,1.0,0.46241524815559387
A|GraphSAGE|none|42,A,GraphSAGE,none,42,test,sin_etiqueta,22997,18662,0.811497151802409,0.3089604675769806
A|TAGCN|class_weighting|42,A,TAGCN,class_weighting,42,train,licita,26432,623,0.023569915254237288,0.04095815494656563
A|TAGCN|class_weighting|42,A,TAGCN,class_weighting,42,train,ilicita,3462,3423,0.988734835355286,0.9655389189720154
A|TAGCN|class_weighting|42,A,TAGCN,class_weighting,42,train,sin_etiqueta,106371,2178,0.02047550554192402,0.033792342990636826
A|TAGCN|class_weighting|42,A,TAGCN,class_weighting,42,val,licita,9069,284,0.031315470283382954,0.0528985820710659
A|TAGCN|class_weighting|42,A,TAGCN,class_weighting,42,val,ilicita,914,508,0.5557986870897156,0.5796115398406982
A|TAGCN|class_weighting|42,A,TAGCN,class_weighting,42,val,sin_etiqueta,27837,613,0.02202105111901426,0.03989944979548454
A|TAGCN|class_weighting|42,A,TAGCN,class_weighting,42,test,licita,6518,293,0.04495243939858853,0.063160240650177
A|TAGCN|class_weighting|42,A,TAGCN,class_weighting,42,test,ilicita,169,2,0.011834319526627219,0.03271257132291794
A|TAGCN|class_weighting|42,A,TAGCN,class_weighting,42,test,sin_etiqueta,22997,171,0.007435752489455146,0.020503224804997444
A|TAGCN|focal_loss|42,A,TAGCN,focal_loss,42,train,licita,26432,407,0.015398002421307505,0.10547591745853424
A|TAGCN|focal_loss|42,A,TAGCN,focal_loss,42,train,ilicita,3462,3110,0.8983246678220682,0.6460024118423462
A|TAGCN|focal_loss|42,A,TAGCN,focal_loss,42,train,sin_etiqueta,106371,1726,0.01622622707316844,0.07361361384391785
A|TAGCN|focal_loss|42,A,TAGCN,focal_loss,42,val,licita,9069,128,0.014114014775609219,0.11532318592071533
A|TAGCN|focal_loss|42,A,TAGCN,focal_loss,42,val,ilicita,914,433,0.4737417943107221,0.4141847789287567
A|TAGCN|focal_loss|42,A,TAGCN,focal_loss,42,val,sin_etiqueta,27837,555,0.019937493264360385,0.10369081050157547
A|TAGCN|focal_loss|42,A,TAGCN,focal_loss,42,test,licita,6518,166,0.025467934949370972,0.12429102510213852
A|TAGCN|focal_loss|42,A,TAGCN,focal_loss,42,test,ilicita,169,1,0.005917159763313609,0.14918766915798187
A|TAGCN|focal_loss|42,A,TAGCN,focal_loss,42,test,sin_etiqueta,22997,201,0.008740270470061312,0.08361361920833588
A|TAGCN|none|42,A,TAGCN,none,42,train,licita,26432,51,0.0019294794188861985,0.019076067954301834
A|TAGCN|none|42,A,TAGCN,none,42,train,ilicita,3462,1254,0.36221837088388215,0.21221314370632172
A|TAGCN|none|42,A,TAGCN,none,42,train,sin_etiqueta,106371,882,0.008291733649208901,0.028410613536834717
A|TAGCN|none|42,A,TAGCN,none,42,val,licita,9069,55,0.0060646157238945855,0.031057244166731834
A|TAGCN|none|42,A,TAGCN,none,42,val,ilicita,914,217,0.237417943107221,0.17953170835971832
A|TAGCN|none|42,A,TAGCN,none,42,val,sin_etiqueta,27837,494,0.017746165175845097,0.06141768395900726
A|TAGCN|none|42,A,TAGCN,none,42,test,licita,6518,26,0.003988953666768947,0.03251007944345474
A|TAGCN|none|42,A,TAGCN,none,42,test,ilicita,169,0,0.0,0.026356352493166924
A|TAGCN|none|42,A,TAGCN,none,42,test,sin_etiqueta,22997,335,0.014567117450102187,0.05382926017045975
C|GAT|class_weighting|42,C,GAT,class_weighting,42,train,licita,26432,127,0.004804782082324455,0.07272835075855255
C|GAT|class_weighting|42,C,GAT,class_weighting,42,train,ilicita,3462,2680,0.7741190063547082,0.8903493881225586
C|GAT|class_weighting|42,C,GAT,class_weighting,42,train,sin_etiqueta,106371,2119,0.019920843086931588,0.13253745436668396
C|GAT|class_weighting|42,C,GAT,class_weighting,42,val,licita,9069,82,0.009041790715624656,0.11095872521400452
C|GAT|class_weighting|42,C,GAT,class_weighting,42,val,ilicita,914,496,0.5426695842450766,0.7483137249946594
C|GAT|class_weighting|42,C,GAT,class_weighting,42,val,sin_etiqueta,27837,729,0.026188166828322017,0.1866181641817093
C|GAT|class_weighting|42,C,GAT,class_weighting,42,test,licita,6518,104,0.01595581466707579,0.11696754395961761
C|GAT|class_weighting|42,C,GAT,class_weighting,42,test,ilicita,169,0,0.0,0.17780444025993347
C|GAT|class_weighting|42,C,GAT,class_weighting,42,test,sin_etiqueta,22997,211,0.009175109796930035,0.13679786026477814
C|GAT|class_weighting|43,C,GAT,class_weighting,43,train,licita,26432,150,0.005674939467312349,0.09811117500066757
C|GAT|class_weighting|43,C,GAT,class_weighting,43,train,ilicita,3462,1714,0.4950895436164067,0.7660751938819885
C|GAT|class_weighting|43,C,GAT,class_weighting,43,train,sin_etiqueta,106371,2269,0.021331001870810655,0.17174404859542847
C|GAT|class_weighting|43,C,GAT,class_weighting,43,val,licita,9069,62,0.006836475906935715,0.12082244455814362
C|GAT|class_weighting|43,C,GAT,class_weighting,43,val,ilicita,914,389,0.42560175054704596,0.7256136536598206
C|GAT|class_weighting|43,C,GAT,class_weighting,43,val,sin_etiqueta,27837,602,0.02162589359485577,0.23949605226516724
C|GAT|class_weighting|43,C,GAT,class_weighting,43,test,licita,6518,83,0.012733967474685486,0.1629994809627533
C|GAT|class_weighting|43,C,GAT,class_weighting,43,test,ilicita,169,15,0.08875739644970414,0.2974593937397003
C|GAT|class_weighting|43,C,GAT,class_weighting,43,test,sin_etiqueta,22997,542,0.023568291516284732,0.23546303808689117
C|GAT|class_weighting|44,C,GAT,class_weighting,44,train,licita,26432,114,0.004312953995157385,0.12095765769481659
C|GAT|class_weighting|44,C,GAT,class_weighting,44,train,ilicita,3462,1747,0.5046216060080878,0.7854987382888794
C|GAT|class_weighting|44,C,GAT,class_weighting,44,train,sin_etiqueta,106371,1955,0.01837906948322381,0.1876814365386963
C|GAT|class_weighting|44,C,GAT,class_weighting,44,val,licita,9069,82,0.009041790715624656,0.15270505845546722
C|GAT|class_weighting|44,C,GAT,class_weighting,44,val,ilicita,914,389,0.42560175054704596,0.7364440560340881
C|GAT|class_weighting|44,C,GAT,class_weighting,44,val,sin_etiqueta,27837,776,0.0278765671588174,0.2909630239009857
C|GAT|class_weighting|44,C,GAT,class_weighting,44,test,licita,6518,76,0.011660018410555384,0.1943766474723816
C|GAT|class_weighting|44,C,GAT,class_weighting,44,test,ilicita,169,10,0.05917159763313609,0.3031105697154999
C|GAT|class_weighting|44,C,GAT,class_weighting,44,test,sin_etiqueta,22997,462,0.020089576901334956,0.25772666931152344
C|GAT|focal_loss|42,C,GAT,focal_loss,42,train,licita,26432,140,0.005296610169491525,0.08150587230920792
C|GAT|focal_loss|42,C,GAT,focal_loss,42,train,ilicita,3462,2246,0.6487579433853264,0.5308363437652588
C|GAT|focal_loss|42,C,GAT,focal_loss,42,train,sin_etiqueta,106371,1943,0.018266256780513485,0.12535808980464935
C|GAT|focal_loss|42,C,GAT,focal_loss,42,val,licita,9069,86,0.009482853677362443,0.11015655845403671
C|GAT|focal_loss|42,C,GAT,focal_loss,42,val,ilicita,914,423,0.462800875273523,0.4430794417858124
C|GAT|focal_loss|42,C,GAT,focal_loss,42,val,sin_etiqueta,27837,684,0.024571613320400906,0.19819138944149017
C|GAT|focal_loss|42,C,GAT,focal_loss,42,test,licita,6518,58,0.008898435102792267,0.1295182853937149
C|GAT|focal_loss|42,C,GAT,focal_loss,42,test,ilicita,169,6,0.03550295857988166,0.20191210508346558
C|GAT|focal_loss|42,C,GAT,focal_loss,42,test,sin_etiqueta,22997,390,0.016958733747880157,0.18572701513767242
C|GAT|focal_loss|43,C,GAT,focal_loss,43,train,licita,26432,154,0.005826271186440678,0.02670378051698208
C|GAT|focal_loss|43,C,GAT,focal_loss,43,train,ilicita,3462,1681,0.4855574812247256,0.472396582365036
C|GAT|focal_loss|43,C,GAT,focal_loss,43,train,sin_etiqueta,106371,2397,0.022534337366387457,0.07160317897796631
C|GAT|focal_loss|43,C,GAT,focal_loss,43,val,licita,9069,30,0.0033079722130334105,0.029923085123300552
C|GAT|focal_loss|43,C,GAT,focal_loss,43,val,ilicita,914,375,0.4102844638949672,0.42932644486427307
C|GAT|focal_loss|43,C,GAT,focal_loss,43,val,sin_etiqueta,27837,563,0.02022488055465747,0.07551202923059464
C|GAT|focal_loss|43,C,GAT,focal_loss,43,test,licita,6518,31,0.004756060141147591,0.03561292588710785
C|GAT|focal_loss|43,C,GAT,focal_loss,43,test,ilicita,169,1,0.005917159763313609,0.024220509454607964
C|GAT|focal_loss|43,C,GAT,focal_loss,43,test,sin_etiqueta,22997,388,0.016871765882506416,0.06769523024559021
C|GAT|focal_loss|44,C,GAT,focal_loss,44,train,licita,26432,155,0.00586410411622276,0.06720845401287079
C|GAT|focal_loss|44,C,GAT,focal_loss,44,train,ilicita,3462,1670,0.4823801270941652,0.522939145565033
C|GAT|focal_loss|44,C,GAT,focal_loss,44,train,sin_etiqueta,106371,2115,0.019883238852694815,0.11435627937316895
C|GAT|focal_loss|44,C,GAT,focal_loss,44,val,licita,9069,51,0.005623552762156798,0.07505545765161514
C|GAT|focal_loss|44,C,GAT,focal_loss,44,val,ilicita,914,399,0.4365426695842451,0.4741819500923157
C|GAT|focal_loss|44,C,GAT,focal_loss,44,val,sin_etiqueta,27837,723,0.025972626360599202,0.15421712398529053
C|GAT|focal_loss|44,C,GAT,focal_loss,44,test,licita,6518,63,0.009665541577170911,0.08500027656555176
C|GAT|focal_loss|44,C,GAT,focal_loss,44,test,ilicita,169,1,0.005917159763313609,0.05746858939528465
C|GAT|focal_loss|44,C,GAT,focal_loss,44,test,sin_etiqueta,22997,372,0.016176022959516458,0.12608464062213898
C|GAT|none|42,C,GAT,none,42,train,licita,26432,190,0.007188256658595642,0.01551525853574276
C|GAT|none|42,C,GAT,none,42,train,ilicita,3462,1637,0.47284806470248414,0.4334079325199127
C|GAT|none|42,C,GAT,none,42,train,sin_etiqueta,106371,2517,0.023662464393490706,0.03463713452219963
C|GAT|none|42,C,GAT,none,42,val,licita,9069,87,0.00959311941779689,0.021406160667538643
C|GAT|none|42,C,GAT,none,42,val,ilicita,914,379,0.41466083150984684,0.34935200214385986
C|GAT|none|42,C,GAT,none,42,val,sin_etiqueta,27837,851,0.030570823005352587,0.05252159759402275
C|GAT|none|42,C,GAT,none,42,test,licita,6518,59,0.009051856397667996,0.02146952971816063
C|GAT|none|42,C,GAT,none,42,test,ilicita,169,0,0.0,0.007304604165256023
C|GAT|none|42,C,GAT,none,42,test,sin_etiqueta,22997,407,0.017697960603556984,0.03634854033589363
C|GAT|none|43,C,GAT,none,43,train,licita,26432,262,0.009912227602905568,0.013378185220062733
C|GAT|none|43,C,GAT,none,43,train,ilicita,3462,1097,0.3168688619295205,0.3083944022655487
C|GAT|none|43,C,GAT,none,43,train,sin_etiqueta,106371,2061,0.01937558169049835,0.028095247223973274
C|GAT|none|43,C,GAT,none,43,val,licita,9069,147,0.01620906384386371,0.022655528038740158
C|GAT|none|43,C,GAT,none,43,val,ilicita,914,405,0.4431072210065646,0.4183046519756317
C|GAT|none|43,C,GAT,none,43,val,sin_etiqueta,27837,1062,0.038150662786938246,0.050681956112384796
C|GAT|none|43,C,GAT,none,43,test,licita,6518,114,0.017490027615833077,0.02300017885863781
C|GAT|none|43,C,GAT,none,43,test,ilicita,169,1,0.005917159763313609,0.013791969045996666
C|GAT|none|43,C,GAT,none,43,test,sin_etiqueta,22997,533,0.023176936122102882,0.03376607969403267
C|GAT|none|44,C,GAT,none,44,train,licita,26432,50,0.0018916464891041162,0.004901512060314417
C|GAT|none|44,C,GAT,none,44,train,ilicita,3462,563,0.16262276140958984,0.17401659488677979
C|GAT|none|44,C,GAT,none,44,train,sin_etiqueta,106371,1158,0.01088642581154638,0.026453940197825432
C|GAT|none|44,C,GAT,none,44,val,licita,9069,40,0.004410629617377881,0.009648165665566921
C|GAT|none|44,C,GAT,none,44,val,ilicita,914,158,0.17286652078774617,0.16773472726345062
C|GAT|none|44,C,GAT,none,44,val,sin_etiqueta,27837,747,0.026834788231490464,0.048101115971803665
C|GAT|none|44,C,GAT,none,44,test,licita,6518,34,0.005216324025774778,0.01188056543469429
C|GAT|none|44,C,GAT,none,44,test,ilicita,169,0,0.0,0.003972404636442661
C|GAT|none|44,C,GAT,none,44,test,sin_etiqueta,22997,565,0.024568421968082794,0.043597131967544556
C|GCN|class_weighting|42,C,GCN,class_weighting,42,train,licita,26432,257,0.009723062953995158,0.0686919167637825
C|GCN|class_weighting|42,C,GCN,class_weighting,42,train,ilicita,3462,932,0.269208549971115,0.4182966649532318
C|GCN|class_weighting|42,C,GCN,class_weighting,42,train,sin_etiqueta,106371,4514,0.042436378336200654,0.1833123117685318
C|GCN|class_weighting|42,C,GCN,class_weighting,42,val,licita,9069,76,0.008380196273017974,0.06384105980396271
C|GCN|class_weighting|42,C,GCN,class_weighting,42,val,ilicita,914,196,0.21444201312910285,0.36334091424942017
C|GCN|class_weighting|42,C,GCN,class_weighting,42,val,sin_etiqueta,27837,1210,0.04346732765743435,0.19035682082176208
C|GCN|class_weighting|42,C,GCN,class_weighting,42,test,licita,6518,134,0.020558453513347653,0.08631440252065659
C|GCN|class_weighting|42,C,GCN,class_weighting,42,test,ilicita,169,19,0.11242603550295859,0.30950888991355896
C|GCN|class_weighting|42,C,GCN,class_weighting,42,test,sin_etiqueta,22997,1395,0.06066008609818672,0.2037000209093094
C|GCN|class_weighting|43,C,GCN,class_weighting,43,train,licita,26432,70,0.0026483050847457626,0.044403307139873505
C|GCN|class_weighting|43,C,GCN,class_weighting,43,train,ilicita,3462,343,0.09907567879838244,0.40025797486305237
C|GCN|class_weighting|43,C,GCN,class_weighting,43,train,sin_etiqueta,106371,757,0.00711660132930968,0.1394215226173401
C|GCN|class_weighting|43,C,GCN,class_weighting,43,val,licita,9069,122,0.013452420333002537,0.1294054388999939
C|GCN|class_weighting|43,C,GCN,class_weighting,43,val,ilicita,914,217,0.237417943107221,0.5656911730766296
C|GCN|class_weighting|43,C,GCN,class_weighting,43,val,sin_etiqueta,27837,1122,0.040306067464166394,0.3191262483596802
C|GCN|class_weighting|43,C,GCN,class_weighting,43,test,licita,6518,125,0.019177661859466094,0.15425115823745728
C|GCN|class_weighting|43,C,GCN,class_weighting,43,test,ilicita,169,2,0.011834319526627219,0.2711584270000458
C|GCN|class_weighting|43,C,GCN,class_weighting,43,test,sin_etiqueta,22997,838,0.036439535591598904,0.33543410897254944
C|GCN|class_weighting|44,C,GCN,class_weighting,44,train,licita,26432,71,0.002686138014527845,0.053310565650463104
C|GCN|class_weighting|44,C,GCN,class_weighting,44,train,ilicita,3462,638,0.18428653957250143,0.4460749328136444
C|GCN|class_weighting|44,C,GCN,class_weighting,44,train,sin_etiqueta,106371,994,0.009344652207838602,0.15980103611946106
C|GCN|class_weighting|44,C,GCN,class_weighting,44,val,licita,9069,39,0.004300363876943433,0.1014389619231224
C|GCN|class_weighting|44,C,GCN,class_weighting,44,val,ilicita,914,179,0.19584245076586435,0.5154125094413757
C|GCN|class_weighting|44,C,GCN,class_weighting,44,val,sin_etiqueta,27837,713,0.025613392247727844,0.27805936336517334
C|GCN|class_weighting|44,C,GCN,class_weighting,44,test,licita,6518,51,0.007824486038662166,0.11401928961277008
C|GCN|class_weighting|44,C,GCN,class_weighting,44,test,ilicita,169,5,0.029585798816568046,0.3364485800266266
C|GCN|class_weighting|44,C,GCN,class_weighting,44,test,sin_etiqueta,22997,438,0.019045962516850024,0.2544608414173126
C|GCN|focal_loss|42,C,GCN,focal_loss,42,train,licita,26432,702,0.02655871670702179,0.0968499556183815
C|GCN|focal_loss|42,C,GCN,focal_loss,42,train,ilicita,3462,1378,0.3980358174465627,0.422263503074646
C|GCN|focal_loss|42,C,GCN,focal_loss,42,train,sin_etiqueta,106371,6795,0.06388019290972163,0.19211046397686005
C|GCN|focal_loss|42,C,GCN,focal_loss,42,val,licita,9069,438,0.048296394310287795,0.1643344610929489
C|GCN|focal_loss|42,C,GCN,focal_loss,42,val,ilicita,914,351,0.38402625820568925,0.4185316264629364
C|GCN|focal_loss|42,C,GCN,focal_loss,42,val,sin_etiqueta,27837,2765,0.09932823220893056,0.29993703961372375
C|GCN|focal_loss|42,C,GCN,focal_loss,42,test,licita,6518,349,0.05354403191162933,0.19139400124549866
C|GCN|focal_loss|42,C,GCN,focal_loss,42,test,ilicita,169,81,0.47928994082840237,0.46291300654411316
C|GCN|focal_loss|42,C,GCN,focal_loss,42,test,sin_etiqueta,22997,2453,0.10666608688089751,0.2956291437149048
C|GCN|focal_loss|43,C,GCN,focal_loss,43,train,licita,26432,122,0.004615617433414043,0.04342542216181755
C|GCN|focal_loss|43,C,GCN,focal_loss,43,train,ilicita,3462,891,0.25736568457538994,0.3452897369861603
C|GCN|focal_loss|43,C,GCN,focal_loss,43,train,sin_etiqueta,106371,1505,0.014148593131586616,0.10602816939353943
C|GCN|focal_loss|43,C,GCN,focal_loss,43,val,licita,9069,114,0.01257029440952696,0.10891792923212051
C|GCN|focal_loss|43,C,GCN,focal_loss,43,val,ilicita,914,248,0.2713347921225383,0.3802691102027893
C|GCN|focal_loss|43,C,GCN,focal_loss,43,val,sin_etiqueta,27837,954,0.03427093436792758,0.1942482739686966
C|GCN|focal_loss|43,C,GCN,focal_loss,43,test,licita,6518,82,0.012580546179809757,0.10728922486305237
C|GCN|focal_loss|43,C,GCN,focal_loss,43,test,ilicita,169,2,0.011834319526627219,0.12091042101383209
C|GCN|focal_loss|43,C,GCN,focal_loss,43,test,sin_etiqueta,22997,527,0.02291603252598165,0.17064642906188965
C|GCN|focal_loss|44,C,GCN,focal_loss,44,train,licita,26432,46,0.0017403147699757869,0.0092128561809659
C|GCN|focal_loss|44,C,GCN,focal_loss,44,train,ilicita,3462,728,0.21028307336799537,0.24703052639961243
C|GCN|focal_loss|44,C,GCN,focal_loss,44,train,sin_etiqueta,106371,1457,0.013697342320745315,0.04984942451119423
C|GCN|focal_loss|44,C,GCN,focal_loss,44,val,licita,9069,24,0.0026463777704267286,0.015075158327817917
C|GCN|focal_loss|44,C,GCN,focal_loss,44,val,ilicita,914,161,0.1761487964989059,0.21993307769298553
C|GCN|focal_loss|44,C,GCN,focal_loss,44,val,sin_etiqueta,27837,613,0.02202105111901426,0.0727791115641594
C|GCN|focal_loss|44,C,GCN,focal_loss,44,test,licita,6518,50,0.007671064743786438,0.022086333483457565
C|GCN|focal_loss|44,C,GCN,focal_loss,44,test,ilicita,169,0,0.0,0.013222160749137402
C|GCN|focal_loss|44,C,GCN,focal_loss,44,test,sin_etiqueta,22997,555,0.024133582641214072,0.06992398202419281
C|GCN|none|42,C,GCN,none,42,train,licita,26432,2966,0.11221246973365617,0.04736998677253723
C|GCN|none|42,C,GCN,none,42,train,ilicita,3462,1139,0.32900057770075103,0.14430688321590424
C|GCN|none|42,C,GCN,none,42,train,sin_etiqueta,106371,33477,0.31471923738612967,0.1333969235420227
C|GCN|none|42,C,GCN,none,42,val,licita,9069,109,0.012018965707354725,0.00749753974378109
C|GCN|none|42,C,GCN,none,42,val,ilicita,914,82,0.08971553610503283,0.038851622492074966
C|GCN|none|42,C,GCN,none,42,val,sin_etiqueta,27837,1611,0.057872615583575815,0.03118123672902584
C|GCN|none|42,C,GCN,none,42,test,licita,6518,202,0.03099110156489721,0.016704654321074486
C|GCN|none|42,C,GCN,none,42,test,ilicita,169,4,0.023668639053254437,0.01054510660469532
C|GCN|none|42,C,GCN,none,42,test,sin_etiqueta,22997,1919,0.08344566682610775,0.03776814788579941
C|GCN|none|43,C,GCN,none,43,train,licita,26432,88,0.0033292978208232446,0.010396575555205345
C|GCN|none|43,C,GCN,none,43,train,ilicita,3462,630,0.18197573656845753,0.20284339785575867
C|GCN|none|43,C,GCN,none,43,train,sin_etiqueta,106371,1108,0.010416372883586692,0.03696437180042267
C|GCN|none|43,C,GCN,none,43,val,licita,9069,56,0.006174881464329033,0.028611300513148308
C|GCN|none|43,C,GCN,none,43,val,ilicita,914,218,0.23851203501094093,0.2535373568534851
C|GCN|none|43,C,GCN,none,43,val,sin_etiqueta,27837,828,0.029744584545748465,0.10601823031902313
C|GCN|none|43,C,GCN,none,43,test,licita,6518,50,0.007671064743786438,0.02929672785103321
C|GCN|none|43,C,GCN,none,43,test,ilicita,169,0,0.0,0.03067605197429657
C|GCN|none|43,C,GCN,none,43,test,sin_etiqueta,22997,518,0.0225246771317998,0.09329193085432053
C|GCN|none|44,C,GCN,none,44,train,licita,26432,142,0.00537227602905569,0.022528408095240593
C|GCN|none|44,C,GCN,none,44,train,ilicita,3462,621,0.17937608318890816,0.23125582933425903
C|GCN|none|44,C,GCN,none,44,train,sin_etiqueta,106371,877,0.008244728356412932,0.03517359867691994
C|GCN|none|44,C,GCN,none,44,val,licita,9069,161,0.01775278420994597,0.06222998723387718
C|GCN|none|44,C,GCN,none,44,val,ilicita,914,204,0.22319474835886213,0.30112358927726746
C|GCN|none|44,C,GCN,none,44,val,sin_etiqueta,27837,930,0.03340877249703632,0.10696376115083694
C|GCN|none|44,C,GCN,none,44,test,licita,6518,164,0.025161092359619514,0.0755542740225792
C|GCN|none|44,C,GCN,none,44,test,ilicita,169,28,0.16568047337278108,0.21960540115833282
C|GCN|none|44,C,GCN,none,44,test,sin_etiqueta,22997,865,0.03761360177414445,0.10723023116588593
C|GraphSAGE|class_weighting|42,C,GraphSAGE,class_weighting,42,train,licita,26432,58,0.0021943099273607747,0.031863704323768616
C|GraphSAGE|class_weighting|42,C,GraphSAGE,class_weighting,42,train,ilicita,3462,3063,0.8847487001733102,0.9312753081321716
C|GraphSAGE|class_weighting|42,C,GraphSAGE,class_weighting,42,train,sin_etiqueta,106371,2067,0.01943198804185351,0.07359150797128677
C|GraphSAGE|class_weighting|42,C,GraphSAGE,class_weighting,42,val,licita,9069,38,0.004190098136508987,0.053143005818128586
C|GraphSAGE|class_weighting|42,C,GraphSAGE,class_weighting,42,val,ilicita,914,526,0.5754923413566739,0.707456111907959
C|GraphSAGE|class_weighting|42,C,GraphSAGE,class_weighting,42,val,sin_etiqueta,27837,566,0.02033265078851888,0.0918337032198906
C|GraphSAGE|class_weighting|42,C,GraphSAGE,class_weighting,42,test,licita,6518,82,0.012580546179809757,0.056571345776319504
C|GraphSAGE|class_weighting|42,C,GraphSAGE,class_weighting,42,test,ilicita,169,3,0.01775147928994083,0.1083279475569725
C|GraphSAGE|class_weighting|42,C,GraphSAGE,class_weighting,42,test,sin_etiqueta,22997,127,0.005522459451232769,0.05957481265068054
C|GraphSAGE|class_weighting|43,C,GraphSAGE,class_weighting,43,train,licita,26432,55,0.002080811138014528,0.03781984746456146
C|GraphSAGE|class_weighting|43,C,GraphSAGE,class_weighting,43,train,ilicita,3462,3030,0.8752166377816292,0.9195488095283508
C|GraphSAGE|class_weighting|43,C,GraphSAGE,class_weighting,43,train,sin_etiqueta,106371,2274,0.021378007163606622,0.0811295434832573
C|GraphSAGE|class_weighting|43,C,GraphSAGE,class_weighting,43,val,licita,9069,36,0.0039695666556400925,0.05213025212287903
C|GraphSAGE|class_weighting|43,C,GraphSAGE,class_weighting,43,val,ilicita,914,448,0.49015317286652077,0.6613749265670776
C|GraphSAGE|class_weighting|43,C,GraphSAGE,class_weighting,43,val,sin_etiqueta,27837,505,0.01814132270000359,0.08647126704454422
C|GraphSAGE|class_weighting|43,C,GraphSAGE,class_weighting,43,test,licita,6518,49,0.007517643448910709,0.04612880200147629
C|GraphSAGE|class_weighting|43,C,GraphSAGE,class_weighting,43,test,ilicita,169,1,0.005917159763313609,0.08818773180246353
C|GraphSAGE|class_weighting|43,C,GraphSAGE,class_weighting,43,test,sin_etiqueta,22997,103,0.004478845066747837,0.050152745097875595
C|GraphSAGE|class_weighting|44,C,GraphSAGE,class_weighting,44,train,licita,26432,94,0.0035562953995157383,0.029777932912111282
C|GraphSAGE|class_weighting|44,C,GraphSAGE,class_weighting,44,train,ilicita,3462,3222,0.9306759098786829,0.9367412328720093
C|GraphSAGE|class_weighting|44,C,GraphSAGE,class_weighting,44,train,sin_etiqueta,106371,2649,0.024903404123304284,0.07066087424755096
C|GraphSAGE|class_weighting|44,C,GraphSAGE,class_weighting,44,val,licita,9069,66,0.007277538868673503,0.044039614498615265
C|GraphSAGE|class_weighting|44,C,GraphSAGE,class_weighting,44,val,ilicita,914,539,0.5897155361050328,0.6772765517234802
C|GraphSAGE|class_weighting|44,C,GraphSAGE,class_weighting,44,val,sin_etiqueta,27837,675,0.02424830261881668,0.07740317285060883
C|GraphSAGE|class_weighting|44,C,GraphSAGE,class_weighting,44,test,licita,6518,42,0.006443694384780607,0.036217134445905685
C|GraphSAGE|class_weighting|44,C,GraphSAGE,class_weighting,44,test,ilicita,169,3,0.01775147928994083,0.07562913000583649
C|GraphSAGE|class_weighting|44,C,GraphSAGE,class_weighting,44,test,sin_etiqueta,22997,176,0.007653172152889507,0.04465572535991669
C|GraphSAGE|focal_loss|42,C,GraphSAGE,focal_loss,42,train,licita,26432,65,0.002459140435835351,0.10348226875066757
C|GraphSAGE|focal_loss|42,C,GraphSAGE,focal_loss,42,train,ilicita,3462,1745,0.5040439052570769,0.4912116527557373
C|GraphSAGE|focal_loss|42,C,GraphSAGE,focal_loss,42,train,sin_etiqueta,106371,1692,0.01590659108215585,0.16276295483112335
C|GraphSAGE|focal_loss|42,C,GraphSAGE,focal_loss,42,val,licita,9069,40,0.004410629617377881,0.11047910898923874
C|GraphSAGE|focal_loss|42,C,GraphSAGE,focal_loss,42,val,ilicita,914,432,0.4726477024070022,0.4685087502002716
C|GraphSAGE|focal_loss|42,C,GraphSAGE,focal_loss,42,val,sin_etiqueta,27837,542,0.019470488917627617,0.18611469864845276
C|GraphSAGE|focal_loss|42,C,GraphSAGE,focal_loss,42,test,licita,6518,25,0.003835532371893219,0.11721675097942352
C|GraphSAGE|focal_loss|42,C,GraphSAGE,focal_loss,42,test,ilicita,169,0,0.0,0.14981955289840698
C|GraphSAGE|focal_loss|42,C,GraphSAGE,focal_loss,42,test,sin_etiqueta,22997,330,0.014349697786667826,0.1758611500263214
C|GraphSAGE|focal_loss|43,C,GraphSAGE,focal_loss,43,train,licita,26432,88,0.0033292978208232446,0.09419628977775574
C|GraphSAGE|focal_loss|43,C,GraphSAGE,focal_loss,43,train,ilicita,3462,1741,0.5028885037550549,0.4642581045627594
C|GraphSAGE|focal_loss|43,C,GraphSAGE,focal_loss,43,train,sin_etiqueta,106371,2304,0.021660038920382436,0.15178364515304565
C|GraphSAGE|focal_loss|43,C,GraphSAGE,focal_loss,43,val,licita,9069,49,0.005403021281287904,0.10213913023471832
C|GraphSAGE|focal_loss|43,C,GraphSAGE,focal_loss,43,val,ilicita,914,458,0.5010940919037199,0.44833579659461975
C|GraphSAGE|focal_loss|43,C,GraphSAGE,focal_loss,43,val,sin_etiqueta,27837,938,0.0336961597873334,0.17713108658790588
C|GraphSAGE|focal_loss|43,C,GraphSAGE,focal_loss,43,test,licita,6518,37,0.005676587910401964,0.10590092092752457
C|GraphSAGE|focal_loss|43,C,GraphSAGE,focal_loss,43,test,ilicita,169,0,0.0,0.1578102856874466
C|GraphSAGE|focal_loss|43,C,GraphSAGE,focal_loss,43,test,sin_etiqueta,22997,467,0.02030699656476932,0.16285574436187744
C|GraphSAGE|focal_loss|44,C,GraphSAGE,focal_loss,44,train,licita,26432,94,0.0035562953995157383,0.10764935612678528
C|GraphSAGE|focal_loss|44,C,GraphSAGE,focal_loss,44,train,ilicita,3462,1839,0.5311958405545927,0.46455249190330505
C|GraphSAGE|focal_loss|44,C,GraphSAGE,focal_loss,44,train,sin_etiqueta,106371,2019,0.01898073723101221,0.16531892120838165
C|GraphSAGE|focal_loss|44,C,GraphSAGE,focal_loss,44,val,licita,9069,102,0.011247105524313596,0.13155150413513184
C|GraphSAGE|focal_loss|44,C,GraphSAGE,focal_loss,44,val,ilicita,914,425,0.4649890590809628,0.4404403269290924
C|GraphSAGE|focal_loss|44,C,GraphSAGE,focal_loss,44,val,sin_etiqueta,27837,768,0.027589179868520313,0.1979571133852005
C|GraphSAGE|focal_loss|44,C,GraphSAGE,focal_loss,44,test,licita,6518,111,0.01702976373120589,0.14203746616840363
C|GraphSAGE|focal_loss|44,C,GraphSAGE,focal_loss,44,test,ilicita,169,2,0.011834319526627219,0.20069520175457
C|GraphSAGE|focal_loss|44,C,GraphSAGE,focal_loss,44,test,sin_etiqueta,22997,491,0.02135061094925425,0.19346357882022858
C|GraphSAGE|none|42,C,GraphSAGE,none,42,train,licita,26432,73,0.00276180387409201,0.019280705600976944
C|GraphSAGE|none|42,C,GraphSAGE,none,42,train,ilicita,3462,1072,0.3096476025418833,0.2605956196784973
C|GraphSAGE|none|42,C,GraphSAGE,none,42,train,sin_etiqueta,106371,1343,0.012625621644997226,0.048964615911245346
C|GraphSAGE|none|42,C,GraphSAGE,none,42,val,licita,9069,114,0.01257029440952696,0.03872376307845116
C|GraphSAGE|none|42,C,GraphSAGE,none,42,val,ilicita,914,454,0.49671772428884026,0.365823358297348
C|GraphSAGE|none|42,C,GraphSAGE,none,42,val,sin_etiqueta,27837,1295,0.0465208176168409,0.10345321148633957
C|GraphSAGE|none|42,C,GraphSAGE,none,42,test,licita,6518,87,0.013347652654188401,0.04381149634718895
C|GraphSAGE|none|42,C,GraphSAGE,none,42,test,ilicita,169,0,0.0,0.02584964968264103
C|GraphSAGE|none|42,C,GraphSAGE,none,42,test,sin_etiqueta,22997,1108,0.0481801974170544,0.10101260244846344
C|GraphSAGE|none|43,C,GraphSAGE,none,43,train,licita,26432,80,0.003026634382566586,0.017166167497634888
C|GraphSAGE|none|43,C,GraphSAGE,none,43,train,ilicita,3462,895,0.2585210860774119,0.1917436569929123
C|GraphSAGE|none|43,C,GraphSAGE,none,43,train,sin_etiqueta,106371,1931,0.01815344407780316,0.04653602093458176
C|GraphSAGE|none|43,C,GraphSAGE,none,43,val,licita,9069,88,0.009703385158231338,0.0297367125749588
C|GraphSAGE|none|43,C,GraphSAGE,none,43,val,ilicita,914,274,0.29978118161925604,0.23249433934688568
C|GraphSAGE|none|43,C,GraphSAGE,none,43,val,sin_etiqueta,27837,1524,0.054747278801595,0.09042248874902725
C|GraphSAGE|none|43,C,GraphSAGE,none,43,test,licita,6518,64,0.00981896287204664,0.03302255645394325
C|GraphSAGE|none|43,C,GraphSAGE,none,43,test,ilicita,169,0,0.0,0.02308734692633152
C|GraphSAGE|none|43,C,GraphSAGE,none,43,test,sin_etiqueta,22997,1289,0.056050789233378265,0.09003923833370209
C|GraphSAGE|none|44,C,GraphSAGE,none,44,train,licita,26432,45,0.0017024818401937046,0.02545665018260479
C|GraphSAGE|none|44,C,GraphSAGE,none,44,train,ilicita,3462,773,0.22328134026574234,0.24035675823688507
C|GraphSAGE|none|44,C,GraphSAGE,none,44,train,sin_etiqueta,106371,714,0.006712355811264348,0.0506056472659111
C|GraphSAGE|none|44,C,GraphSAGE,none,44,val,licita,9069,89,0.009813650898665784,0.05462126433849335
C|GraphSAGE|none|44,C,GraphSAGE,none,44,val,ilicita,914,305,0.3336980306345733,0.33336713910102844
C|GraphSAGE|none|44,C,GraphSAGE,none,44,val,sin_etiqueta,27837,642,0.0230628300463412,0.10626477748155594
C|GraphSAGE|none|44,C,GraphSAGE,none,44,test,licita,6518,46,0.007057379564283523,0.05429503321647644
C|GraphSAGE|none|44,C,GraphSAGE,none,44,test,ilicita,169,1,0.005917159763313609,0.031681258231401443
C|GraphSAGE|none|44,C,GraphSAGE,none,44,test,sin_etiqueta,22997,451,0.01961125364177936,0.10007576644420624
C|TAGCN|class_weighting|42,C,TAGCN,class_weighting,42,train,licita,26432,82,0.0031023002421307505,0.014242520555853844
C|TAGCN|class_weighting|42,C,TAGCN,class_weighting,42,train,ilicita,3462,3369,0.9731369150779896,0.9701991081237793
C|TAGCN|class_weighting|42,C,TAGCN,class_weighting,42,train,sin_etiqueta,106371,1890,0.017768000676876217,0.03875068202614784
C|TAGCN|class_weighting|42,C,TAGCN,class_weighting,42,val,licita,9069,51,0.005623552762156798,0.022394290193915367
C|TAGCN|class_weighting|42,C,TAGCN,class_weighting,42,val,ilicita,914,445,0.486870897155361,0.5871939063072205
C|TAGCN|class_weighting|42,C,TAGCN,class_weighting,42,val,sin_etiqueta,27837,461,0.016560692603369617,0.044115666300058365
C|TAGCN|class_weighting|42,C,TAGCN,class_weighting,42,test,licita,6518,105,0.016109235961951518,0.03070879727602005
C|TAGCN|class_weighting|42,C,TAGCN,class_weighting,42,test,ilicita,169,1,0.005917159763313609,0.025096740573644638
C|TAGCN|class_weighting|42,C,TAGCN,class_weighting,42,test,sin_etiqueta,22997,108,0.004696264730182198,0.02112969011068344
C|TAGCN|class_weighting|43,C,TAGCN,class_weighting,43,train,licita,26432,105,0.003972457627118644,0.012598942965269089
C|TAGCN|class_weighting|43,C,TAGCN,class_weighting,43,train,ilicita,3462,3409,0.9846909300982092,0.9674407243728638
C|TAGCN|class_weighting|43,C,TAGCN,class_weighting,43,train,sin_etiqueta,106371,2263,0.02127459551945549,0.0376916378736496
C|TAGCN|class_weighting|43,C,TAGCN,class_weighting,43,val,licita,9069,37,0.00407983239607454,0.01274985633790493
C|TAGCN|class_weighting|43,C,TAGCN,class_weighting,43,val,ilicita,914,430,0.47045951859956237,0.5064608454704285
C|TAGCN|class_weighting|43,C,TAGCN,class_weighting,43,val,sin_etiqueta,27837,481,0.017279160829112333,0.032015375792980194
C|TAGCN|class_weighting|43,C,TAGCN,class_weighting,43,test,licita,6518,35,0.005369745320650507,0.01468374952673912
C|TAGCN|class_weighting|43,C,TAGCN,class_weighting,43,test,ilicita,169,1,0.005917159763313609,0.014013251289725304
C|TAGCN|class_weighting|43,C,TAGCN,class_weighting,43,test,sin_etiqueta,22997,126,0.005478975518545898,0.014162080362439156
C|TAGCN|class_weighting|44,C,TAGCN,class_weighting,44,train,licita,26432,195,0.007377421307506053,0.24855317175388336
C|TAGCN|class_weighting|44,C,TAGCN,class_weighting,44,train,ilicita,3462,1232,0.3558636626227614,0.4402272701263428
C|TAGCN|class_weighting|44,C,TAGCN,class_weighting,44,train,sin_etiqueta,106371,2006,0.018858523469742695,0.25546908378601074
C|TAGCN|class_weighting|44,C,TAGCN,class_weighting,44,val,licita,9069,183,0.020178630499503806,0.26448237895965576
C|TAGCN|class_weighting|44,C,TAGCN,class_weighting,44,val,ilicita,914,338,0.36980306345733044,0.46917158365249634
C|TAGCN|class_weighting|44,C,TAGCN,class_weighting,44,val,sin_etiqueta,27837,1200,0.04310809354456299,0.31344839930534363
C|TAGCN|class_weighting|44,C,TAGCN,class_weighting,44,test,licita,6518,110,0.016876342436330162,0.2985146939754486
C|TAGCN|class_weighting|44,C,TAGCN,class_weighting,44,test,ilicita,169,5,0.029585798816568046,0.4220130443572998
C|TAGCN|class_weighting|44,C,TAGCN,class_weighting,44,test,sin_etiqueta,22997,1003,0.043614384484932815,0.3402491509914398
C|TAGCN|focal_loss|42,C,TAGCN,focal_loss,42,train,licita,26432,46,0.0017403147699757869,0.09544970840215683
C|TAGCN|focal_loss|42,C,TAGCN,focal_loss,42,train,ilicita,3462,2579,0.744945118428654,0.5783736705780029
C|TAGCN|focal_loss|42,C,TAGCN,focal_loss,42,train,sin_etiqueta,106371,1781,0.016743285293924097,0.10946853458881378
C|TAGCN|focal_loss|42,C,TAGCN,focal_loss,42,val,licita,9069,37,0.00407983239607454,0.13605165481567383
C|TAGCN|focal_loss|42,C,TAGCN,focal_loss,42,val,ilicita,914,372,0.40700218818380746,0.4127698838710785
C|TAGCN|focal_loss|42,C,TAGCN,focal_loss,42,val,sin_etiqueta,27837,505,0.01814132270000359,0.15299828350543976
C|TAGCN|focal_loss|42,C,TAGCN,focal_loss,42,test,licita,6518,81,0.012427124884934028,0.13701967895030975
C|TAGCN|focal_loss|42,C,TAGCN,focal_loss,42,test,ilicita,169,2,0.011834319526627219,0.18106211721897125
C|TAGCN|focal_loss|42,C,TAGCN,focal_loss,42,test,sin_etiqueta,22997,198,0.008609818672000696,0.13271431624889374
C|TAGCN|focal_loss|43,C,TAGCN,focal_loss,43,train,licita,26432,172,0.00650726392251816,0.20976880192756653
C|TAGCN|focal_loss|43,C,TAGCN,focal_loss,43,train,ilicita,3462,1577,0.45551704217215483,0.4152204096317291
C|TAGCN|focal_loss|43,C,TAGCN,focal_loss,43,train,sin_etiqueta,106371,2726,0.025627285632362204,0.22314180433750153
C|TAGCN|focal_loss|43,C,TAGCN,focal_loss,43,val,licita,9069,111,0.01223949718822362,0.24423743784427643
C|TAGCN|focal_loss|43,C,TAGCN,focal_loss,43,val,ilicita,914,431,0.47155361050328226,0.4356732964515686
C|TAGCN|focal_loss|43,C,TAGCN,focal_loss,43,val,sin_etiqueta,27837,1257,0.04515572798792973,0.29368826746940613
C|TAGCN|focal_loss|43,C,TAGCN,focal_loss,43,test,licita,6518,78,0.011966861000306842,0.27061933279037476
C|TAGCN|focal_loss|43,C,TAGCN,focal_loss,43,test,ilicita,169,1,0.005917159763313609,0.33625197410583496
C|TAGCN|focal_loss|43,C,TAGCN,focal_loss,43,test,sin_etiqueta,22997,900,0.039135539418184984,0.31280961632728577
C|TAGCN|focal_loss|44,C,TAGCN,focal_loss,44,train,licita,26432,111,0.004199455205811138,0.16211964190006256
C|TAGCN|focal_loss|44,C,TAGCN,focal_loss,44,train,ilicita,3462,1906,0.5505488157134605,0.4740928113460541
C|TAGCN|focal_loss|44,C,TAGCN,focal_loss,44,train,sin_etiqueta,106371,2396,0.022524936307828262,0.17865125834941864
C|TAGCN|focal_loss|44,C,TAGCN,focal_loss,44,val,licita,9069,83,0.009152056456059102,0.20522324740886688
C|TAGCN|focal_loss|44,C,TAGCN,focal_loss,44,val,ilicita,914,440,0.4814004376367615,0.42520803213119507
C|TAGCN|focal_loss|44,C,TAGCN,focal_loss,44,val,sin_etiqueta,27837,702,0.02521823472356935,0.21194586157798767
C|TAGCN|focal_loss|44,C,TAGCN,focal_loss,44,test,licita,6518,97,0.01488186560294569,0.19223347306251526
C|TAGCN|focal_loss|44,C,TAGCN,focal_loss,44,test,ilicita,169,4,0.023668639053254437,0.25889402627944946
C|TAGCN|focal_loss|44,C,TAGCN,focal_loss,44,test,sin_etiqueta,22997,314,0.013653954863677872,0.1962524652481079
C|TAGCN|none|42,C,TAGCN,none,42,train,licita,26432,78,0.0029509685230024213,0.018136292695999146
C|TAGCN|none|42,C,TAGCN,none,42,train,ilicita,3462,1387,0.40063547082611206,0.22203479707241058
C|TAGCN|none|42,C,TAGCN,none,42,train,sin_etiqueta,106371,1031,0.009692491374528772,0.03393136337399483
C|TAGCN|none|42,C,TAGCN,none,42,val,licita,9069,104,0.011467637005182489,0.03470422700047493
C|TAGCN|none|42,C,TAGCN,none,42,val,ilicita,914,224,0.24507658643326038,0.18254652619361877
C|TAGCN|none|42,C,TAGCN,none,42,val,sin_etiqueta,27837,801,0.028774652440995797,0.07307327538728714
C|TAGCN|none|42,C,TAGCN,none,42,test,licita,6518,72,0.01104633323105247,0.03613637387752533
C|TAGCN|none|42,C,TAGCN,none,42,test,ilicita,169,0,0.0,0.01726398430764675
C|TAGCN|none|42,C,TAGCN,none,42,test,sin_etiqueta,22997,611,0.026568682871678916,0.06624073535203934
C|TAGCN|none|43,C,TAGCN,none,43,train,licita,26432,1189,0.044983353510895885,0.028773164376616478
C|TAGCN|none|43,C,TAGCN,none,43,train,ilicita,3462,1904,0.5499711149624494,0.22370517253875732
C|TAGCN|none|43,C,TAGCN,none,43,train,sin_etiqueta,106371,12151,0.11423226255276345,0.060015276074409485
C|TAGCN|none|43,C,TAGCN,none,43,val,licita,9069,959,0.10574484507663469,0.06083574518561363
C|TAGCN|none|43,C,TAGCN,none,43,val,ilicita,914,365,0.3993435448577681,0.13786976039409637
C|TAGCN|none|43,C,TAGCN,none,43,val,sin_etiqueta,27837,4836,0.17372561698458885,0.0827944204211235
C|TAGCN|none|43,C,TAGCN,none,43,test,licita,6518,412,0.06320957348880024,0.047158073633909225
C|TAGCN|none|43,C,TAGCN,none,43,test,ilicita,169,1,0.005917159763313609,0.011835707351565361
C|TAGCN|none|43,C,TAGCN,none,43,test,sin_etiqueta,22997,4247,0.18467626212114624,0.08835990726947784
C|TAGCN|none|44,C,TAGCN,none,44,train,licita,26432,766,0.02898002421307506,0.035911448299884796
C|TAGCN|none|44,C,TAGCN,none,44,train,ilicita,3462,1805,0.5213749277874061,0.22579820454120636
C|TAGCN|none|44,C,TAGCN,none,44,train,sin_etiqueta,106371,5179,0.04868808227806451,0.05640443414449692
C|TAGCN|none|44,C,TAGCN,none,44,val,licita,9069,260,0.028669092512956223,0.04175002500414848
C|TAGCN|none|44,C,TAGCN,none,44,val,ilicita,914,305,0.3336980306345733,0.16879697144031525
C|TAGCN|none|44,C,TAGCN,none,44,val,sin_etiqueta,27837,1885,0.06771563027625103,0.07332511991262436
C|TAGCN|none|44,C,TAGCN,none,44,test,licita,6518,192,0.02945688861613992,0.03975973278284073
C|TAGCN|none|44,C,TAGCN,none,44,test,ilicita,169,0,0.0,0.01366819441318512
C|TAGCN|none|44,C,TAGCN,none,44,test,sin_etiqueta,22997,1238,0.05383310866634779,0.06872325390577316
