run_id,scenario,architecture,balancing,seed,quality_passed,split,n_pos,roc_auc,pr_auc_ap,pr_auc_trap,prec_at_50,prec_at_100,prec_at_npos
1:100_GAT_class_weighting,1:100,GAT,class_weighting,42,False,val,914,0.8959088108179619,0.35532043293389853,0.3546793632151894,0.78,0.63,0.3949671772428884
1:100_GAT_class_weighting,1:100,GAT,class_weighting,42,False,test,169,0.5800195703427229,0.01738013592113648,0.017105885913360062,0.02,0.02,0.029585798816568046
1:100_GAT_focal_loss,1:100,GAT,focal_loss,42,False,val,914,0.8092558830874544,0.19567815339582426,0.19485070692628131,0.32,0.34,0.29321663019693656
1:100_GAT_focal_loss,1:100,GAT,focal_loss,42,False,test,169,0.5571569278524366,0.01520907217599549,0.01383704250449412,0.08,0.06,0.047337278106508875
1:100_GAT_none,1:100,GAT,none,42,False,val,914,0.5476639210018245,0.03296886661866569,0.03288570080391892,0.0,0.0,0.024070021881838075
1:100_GAT_none,1:100,GAT,none,42,False,test,169,0.4571241991173019,0.0060536883269517155,0.006000243958904259,0.0,0.0,0.0
1:100_GCN_class_weighting,1:100,GCN,class_weighting,42,False,val,914,0.8131867846809684,0.2054938447598954,0.20455002951399556,0.48,0.46,0.2888402625820569
1:100_GCN_class_weighting,1:100,GCN,class_weighting,42,False,test,169,0.5127231671329396,0.007854826529863499,0.007711837236285335,0.0,0.0,0.0
1:100_GCN_class_weighting_s43,1:100,GCN,class_weighting,43,True,val,914,0.8162942383643323,0.24289260107965852,0.24191845247275684,0.5,0.52,0.3293216630196937
1:100_GCN_class_weighting_s43,1:100,GCN,class_weighting,43,True,test,169,0.5153342615051667,0.008192607330178708,0.007908640687619376,0.02,0.02,0.011834319526627219
1:100_GCN_class_weighting_s44,1:100,GCN,class_weighting,44,True,val,914,0.8372668486104912,0.23275304190727228,0.23174598433181445,0.6,0.55,0.2975929978118162
1:100_GCN_class_weighting_s44,1:100,GCN,class_weighting,44,True,test,169,0.5044324021682273,0.009340720488211673,0.009081471611885699,0.0,0.01,0.01775147928994083
1:100_GCN_focal_loss,1:100,GCN,focal_loss,42,False,val,914,0.6540164574815771,0.10818438590536388,0.10739783127909593,0.62,0.44,0.15645514223194748
1:100_GCN_focal_loss,1:100,GCN,focal_loss,42,False,test,169,0.5787165961703777,0.008185096862894762,0.008051081203339139,0.0,0.0,0.011834319526627219
1:100_GCN_focal_loss_s43,1:100,GCN,focal_loss,43,False,val,914,0.6625407410394474,0.09305592784045413,0.09245759980683746,0.28,0.29,0.17943107221006566
1:100_GCN_focal_loss_s43,1:100,GCN,focal_loss,43,False,test,169,0.5904524979203617,0.008386324843974615,0.008242348746193798,0.0,0.01,0.011834319526627219
1:100_GCN_focal_loss_s44,1:100,GCN,focal_loss,44,False,val,914,0.6532643454483268,0.0927989229547902,0.09186794060392978,0.44,0.37,0.14770240700218817
1:100_GCN_focal_loss_s44,1:100,GCN,focal_loss,44,False,test,169,0.5107000064068042,0.006813142415916504,0.006697008565293651,0.02,0.01,0.005917159763313609
1:100_GCN_none,1:100,GCN,none,42,False,val,914,0.6186008672398848,0.05877525193773296,0.058370381011692056,0.12,0.17,0.09956236323851203
1:100_GCN_none,1:100,GCN,none,42,False,test,169,0.5421073703207493,0.007191537626945587,0.0071287750293272745,0.0,0.0,0.0
1:100_GCN_none_s43,1:100,GCN,none,43,False,val,914,0.5454542381725312,0.0341548553646959,0.03406943131833359,0.0,0.0,0.0175054704595186
1:100_GCN_none_s43,1:100,GCN,none,43,False,test,169,0.45688825375473474,0.006053722501113459,0.006007215428027659,0.0,0.0,0.0
1:100_GCN_none_s44,1:100,GCN,none,44,False,val,914,0.6226491487762968,0.08120732692817702,0.08032358876756449,0.4,0.38,0.1323851203501094
1:100_GCN_none_s44,1:100,GCN,none,44,False,test,169,0.4956332096828683,0.00654899987058356,0.006499611262690515,0.0,0.0,0.0
1:100_GraphSAGE_class_weighting,1:100,GraphSAGE,class_weighting,42,True,val,914,0.9091104876001738,0.46902688279231824,0.4686683268188669,0.84,0.79,0.4912472647702407
1:100_GraphSAGE_class_weighting,1:100,GraphSAGE,class_weighting,42,True,test,169,0.7251854049396202,0.018835299447598965,0.018565120988745014,0.0,0.0,0.005917159763313609
1:100_GraphSAGE_class_weighting_s43,1:100,GraphSAGE,class_weighting,43,True,val,914,0.8866526172327511,0.4599786482178021,0.45965394164384926,0.9,0.79,0.5142231947483589
1:100_GraphSAGE_class_weighting_s43,1:100,GraphSAGE,class_weighting,43,True,test,169,0.5373052260739953,0.007363224960545972,0.007283466613785299,0.0,0.0,0.0
1:100_GraphSAGE_class_weighting_s44,1:100,GraphSAGE,class_weighting,44,True,val,914,0.9100985582763805,0.46953876312553494,0.46905864698304667,0.9,0.89,0.5054704595185996
1:100_GraphSAGE_class_weighting_s44,1:100,GraphSAGE,class_weighting,44,True,test,169,0.7556600513625007,0.021524135391276598,0.02074231207043323,0.06,0.07,0.05325443786982249
1:100_GraphSAGE_focal_loss,1:100,GraphSAGE,focal_loss,42,False,val,914,0.5509760084279309,0.03444263300665418,0.034332802557299064,0.0,0.02,0.0262582056892779
1:100_GraphSAGE_focal_loss,1:100,GraphSAGE,focal_loss,42,False,test,169,0.6102694640129289,0.00867761430875481,0.008524367418810692,0.0,0.01,0.011834319526627219
1:100_GraphSAGE_focal_loss_s43,1:100,GraphSAGE,focal_loss,43,False,val,914,0.909353324357983,0.4224601827342681,0.4217589146569107,0.76,0.73,0.4387308533916849
1:100_GraphSAGE_focal_loss_s43,1:100,GraphSAGE,focal_loss,43,False,test,169,0.6369601077372326,0.01055737024180318,0.010426248066003894,0.0,0.0,0.0
1:100_GraphSAGE_focal_loss_s44,1:100,GraphSAGE,focal_loss,44,False,val,914,0.44053635854048445,0.02558688630333108,0.025533177659169175,0.0,0.0,0.007658643326039387
1:100_GraphSAGE_focal_loss_s44,1:100,GraphSAGE,focal_loss,44,False,test,169,0.6201149725472296,0.009576486402701182,0.009253400177760085,0.02,0.03,0.01775147928994083
1:100_GraphSAGE_none,1:100,GraphSAGE,none,42,False,val,914,0.7869720486775587,0.1894840196357942,0.18898205118221018,0.48,0.56,0.2603938730853392
1:100_GraphSAGE_none,1:100,GraphSAGE,none,42,False,test,169,0.5370813738761397,0.007077803517704755,0.0070192535332484094,0.0,0.0,0.0
1:100_GraphSAGE_none_s43,1:100,GraphSAGE,none,43,False,val,914,0.5263789067790622,0.03220098409408817,0.032098026867057164,0.02,0.03,0.01312910284463895
1:100_GraphSAGE_none_s43,1:100,GraphSAGE,none,43,False,test,169,0.6019282679783547,0.008259332208047327,0.008190489755385211,0.0,0.0,0.0
1:100_GraphSAGE_none_s44,1:100,GraphSAGE,none,44,False,val,914,0.8375001542662902,0.28977970667926556,0.2890026868213827,0.72,0.63,0.36214442013129106
1:100_GraphSAGE_none_s44,1:100,GraphSAGE,none,44,False,test,169,0.5335833616579265,0.007081983099814862,0.007006514952453257,0.0,0.0,0.0
1:100_TAGCN_class_weighting,1:100,TAGCN,class_weighting,42,False,val,914,0.7198557183742904,0.16077333630028606,0.16010062068940567,0.34,0.38,0.30196936542669583
1:100_TAGCN_class_weighting,1:100,TAGCN,class_weighting,42,False,test,169,0.693489992134297,0.010996156206106694,0.010880571988431809,0.0,0.0,0.0
1:100_TAGCN_focal_loss,1:100,TAGCN,focal_loss,42,False,val,914,0.6949674366460772,0.081104922194508,0.08077055390780254,0.02,0.01,0.1586433260393873
1:100_TAGCN_focal_loss,1:100,TAGCN,focal_loss,42,False,test,169,0.4553494628705108,0.0060786179279902035,0.006014353134240623,0.0,0.0,0.0
1:100_TAGCN_none,1:100,TAGCN,none,42,False,val,914,0.6459762556470305,0.05882019736796856,0.0582429023445808,0.18,0.2,0.0787746170678337
1:100_TAGCN_none,1:100,TAGCN,none,42,False,test,169,0.6817498449115952,0.010433809011846883,0.010349205537797307,0.0,0.0,0.0
1:10_GAT_class_weighting,1:10,GAT,class_weighting,42,False,val,914,0.9108380735335722,0.3625232488052444,0.36137302140196714,0.54,0.6,0.40700218818380746
1:10_GAT_class_weighting,1:10,GAT,class_weighting,42,False,test,169,0.6234335170550931,0.01499979510332916,0.014387972845903615,0.02,0.03,0.03550295857988166
1:10_GAT_focal_loss,1:10,GAT,focal_loss,42,True,val,914,0.8366777085957334,0.24341006070679963,0.242515478737717,0.58,0.52,0.3238512035010941
1:10_GAT_focal_loss,1:10,GAT,focal_loss,42,True,test,169,0.6064737541017056,0.05806866601294706,0.054458338496880636,0.26,0.18,0.13609467455621302
1:10_GAT_none,1:10,GAT,none,42,True,val,914,0.9029366917085071,0.41226849599332327,0.4114172525172062,0.62,0.68,0.462800875273523
1:10_GAT_none,1:10,GAT,none,42,True,test,169,0.5996297947789948,0.016473019845488553,0.015685859827766598,0.02,0.03,0.029585798816568046
1:10_GCN_class_weighting,1:10,GCN,class_weighting,42,True,val,914,0.8351697899989695,0.23590097616291983,0.23485372163125953,0.42,0.45,0.3293216630196937
1:10_GCN_class_weighting,1:10,GCN,class_weighting,42,True,test,169,0.5106835391186861,0.008302376929104282,0.008107168012711684,0.0,0.02,0.011834319526627219
1:10_GCN_class_weighting_s43,1:10,GCN,class_weighting,43,False,val,914,0.8350067197216934,0.22256721994705028,0.22156175090654737,0.58,0.44,0.3074398249452954
1:10_GCN_class_weighting_s43,1:10,GCN,class_weighting,43,False,test,169,0.5925217155929523,0.011794386892027331,0.011548853134644443,0.0,0.01,0.005917159763313609
1:10_GCN_class_weighting_s44,1:10,GCN,class_weighting,44,False,val,914,0.8360752643416752,0.21221674088547632,0.21123692930144108,0.26,0.42,0.3085339168490153
1:10_GCN_class_weighting_s44,1:10,GCN,class_weighting,44,False,test,169,0.5462405309877054,0.008789313662047332,0.008536062711172292,0.02,0.02,0.01775147928994083
1:10_GCN_focal_loss,1:10,GCN,focal_loss,42,False,val,914,0.824599660307594,0.21019596205149832,0.20926935203805747,0.7,0.51,0.2800875273522976
1:10_GCN_focal_loss,1:10,GCN,focal_loss,42,False,test,169,0.657519774254064,0.01717458929741951,0.01679237126049383,0.0,0.01,0.04142011834319527
1:10_GCN_focal_loss_s43,1:10,GCN,focal_loss,43,False,val,914,0.8271158515864745,0.19536103496938112,0.19439146624642054,0.58,0.46,0.25601750547045954
1:10_GCN_focal_loss_s43,1:10,GCN,focal_loss,43,False,test,169,0.6580222838430431,0.014706291252858418,0.014327903235179964,0.02,0.01,0.011834319526627219
1:10_GCN_focal_loss_s44,1:10,GCN,focal_loss,44,False,val,914,0.7960994053457022,0.18940928220415768,0.18851802844859689,0.68,0.54,0.24726477024070023
1:10_GCN_focal_loss_s44,1:10,GCN,focal_loss,44,False,test,169,0.6005074497754144,0.01082465454720702,0.010567640325575426,0.0,0.01,0.01775147928994083
1:10_GCN_none,1:10,GCN,none,42,False,val,914,0.6943052510515852,0.11695805743555429,0.1163484499211934,0.26,0.32,0.2111597374179431
1:10_GCN_none,1:10,GCN,none,42,False,test,169,0.60682574238523,0.012269124718374031,0.011982521070153955,0.0,0.02,0.011834319526627219
1:10_GCN_none_s43,1:10,GCN,none,43,False,val,914,0.7504065948465705,0.10559698726843525,0.10493149812442576,0.44,0.25,0.1323851203501094
1:10_GCN_none_s43,1:10,GCN,none,43,False,test,169,0.6830620819335067,0.019215914613624537,0.018851187992199325,0.0,0.01,0.011834319526627219
1:10_GCN_none_s44,1:10,GCN,none,44,False,val,914,0.6433844051047718,0.10105907460343347,0.10031090010457205,0.54,0.37,0.16630196936542668
1:10_GCN_none_s44,1:10,GCN,none,44,False,test,169,0.5401026066430585,0.007567012298836896,0.007410759087315486,0.02,0.01,0.005917159763313609
1:10_GraphSAGE_class_weighting,1:10,GraphSAGE,class_weighting,42,True,val,914,0.9055582753586858,0.46575206394882157,0.4651946207042912,0.8,0.83,0.49015317286652077
1:10_GraphSAGE_class_weighting,1:10,GraphSAGE,class_weighting,42,True,test,169,0.7918233739260562,0.02730989498049023,0.026664633525756622,0.06,0.05,0.03550295857988166
1:10_GraphSAGE_class_weighting_s43,1:10,GraphSAGE,class_weighting,43,True,val,914,0.9236727930625211,0.4961377143605581,0.495735497169155,0.76,0.78,0.5175054704595186
1:10_GraphSAGE_class_weighting_s43,1:10,GraphSAGE,class_weighting,43,True,test,169,0.8338414606690402,0.04157607302772898,0.04046278341642243,0.04,0.05,0.04142011834319527
1:10_GraphSAGE_class_weighting_s44,1:10,GraphSAGE,class_weighting,44,True,val,914,0.9236436102037895,0.46584751017031095,0.4648128832490143,0.58,0.66,0.5142231947483589
1:10_GraphSAGE_class_weighting_s44,1:10,GraphSAGE,class_weighting,44,True,test,169,0.7356284959216446,0.022418868305945396,0.02094467621554743,0.06,0.04,0.04142011834319527
1:10_GraphSAGE_focal_loss,1:10,GraphSAGE,focal_loss,42,True,val,914,0.9306325609642693,0.523322526219562,0.522903865666907,0.86,0.86,0.5306345733041575
1:10_GraphSAGE_focal_loss,1:10,GraphSAGE,focal_loss,42,True,test,169,0.7586873307117754,0.02296698177628534,0.022483753437701717,0.0,0.03,0.04142011834319527
1:10_GraphSAGE_focal_loss_s43,1:10,GraphSAGE,focal_loss,43,True,val,914,0.9287136848309426,0.5250150539480192,0.5247024940845272,0.9,0.88,0.49781181619256015
1:10_GraphSAGE_focal_loss_s43,1:10,GraphSAGE,focal_loss,43,True,test,169,0.7589380709035112,0.01938014492855894,0.019075911720819905,0.0,0.01,0.011834319526627219
1:10_GraphSAGE_focal_loss_s44,1:10,GraphSAGE,focal_loss,44,True,val,914,0.9291317759551954,0.5348976050073757,0.53433080608524,0.78,0.82,0.5470459518599562
1:10_GraphSAGE_focal_loss_s44,1:10,GraphSAGE,focal_loss,44,True,test,169,0.7435986633708076,0.01674437598313962,0.016512510346592856,0.0,0.0,0.005917159763313609
1:10_GraphSAGE_none,1:10,GraphSAGE,none,42,True,val,914,0.8979483487375592,0.3872054892185162,0.3864653247121994,0.7,0.66,0.46936542669584247
1:10_GraphSAGE_none,1:10,GraphSAGE,none,42,True,test,169,0.5499500449376854,0.008398819321244148,0.008216046423151399,0.0,0.01,0.01775147928994083
1:10_GraphSAGE_none_s43,1:10,GraphSAGE,none,43,True,val,914,0.9013654354998294,0.39835529116845325,0.3975763640771976,0.68,0.68,0.4638949671772429
1:10_GraphSAGE_none_s43,1:10,GraphSAGE,none,43,True,test,169,0.5536930080666554,0.008635762469163893,0.008464654814286703,0.0,0.0,0.011834319526627219
1:10_GraphSAGE_none_s44,1:10,GraphSAGE,none,44,True,val,914,0.8889579844655222,0.44074198650225554,0.440235327255953,0.82,0.74,0.5010940919037199
1:10_GraphSAGE_none_s44,1:10,GraphSAGE,none,44,True,test,169,0.48356757621845714,0.00697487646175213,0.006845350169227517,0.0,0.01,0.005917159763313609
1:10_TAGCN_class_weighting,1:10,TAGCN,class_weighting,42,False,val,914,0.713343755052958,0.17706737312454018,0.17628374095801397,0.6,0.46,0.29978118161925604
1:10_TAGCN_class_weighting,1:10,TAGCN,class_weighting,42,False,test,169,0.6910533480955711,0.010874957874055487,0.010761071851017164,0.0,0.0,0.0
1:10_TAGCN_focal_loss,1:10,TAGCN,focal_loss,42,True,val,914,0.836011808819221,0.1988720666789762,0.19808237928090863,0.1,0.2,0.3238512035010941
1:10_TAGCN_focal_loss,1:10,TAGCN,focal_loss,42,True,test,169,0.49166472189709337,0.0068145408635593265,0.00672715668358287,0.0,0.0,0.0
1:10_TAGCN_none,1:10,TAGCN,none,42,True,val,914,0.8472003006875991,0.2932514591867154,0.2927193139700391,0.86,0.71,0.39059080962800874
1:10_TAGCN_none,1:10,TAGCN,none,42,True,test,169,0.6297451198291107,0.009717616622810014,0.009600539380980782,0.0,0.0,0.005917159763313609
1:1_GAT_class_weighting,1:1,GAT,class_weighting,42,True,val,914,0.8522594489380152,0.27463879008942144,0.2736370439888695,0.68,0.69,0.31181619256017507
1:1_GAT_class_weighting,1:1,GAT,class_weighting,42,True,test,169,0.5282492468145447,0.007252854907077354,0.007177259691439379,0.0,0.0,0.0
1:1_GAT_focal_loss,1:1,GAT,focal_loss,42,False,val,914,0.8468429334916164,0.1671864982710958,0.1663636584301916,0.18,0.15,0.23304157549234136
1:1_GAT_focal_loss,1:1,GAT,focal_loss,42,False,test,169,0.4716743346765323,0.006991204822674511,0.006826477239002296,0.0,0.01,0.005917159763313609
1:1_GAT_none,1:1,GAT,none,42,False,val,914,0.9174521277310732,0.3606487510003668,0.35976185065773425,0.46,0.53,0.43326039387308535
1:1_GAT_none,1:1,GAT,none,42,False,test,169,0.6691917366119019,0.015418706606428603,0.01498554004825798,0.02,0.03,0.029585798816568046
1:1_GCN_class_weighting,1:1,GCN,class_weighting,42,False,val,914,0.8419811281821992,0.16515691776492192,0.1642904262713056,0.32,0.27,0.2188183807439825
1:1_GCN_class_weighting,1:1,GCN,class_weighting,42,False,test,169,0.6404635232843594,0.01536261733994685,0.01499256512815016,0.02,0.02,0.023668639053254437
1:1_GCN_class_weighting_s43,1:1,GCN,class_weighting,43,False,val,914,0.8421354141242207,0.18341649354070805,0.182437603647846,0.26,0.28,0.24835886214442013
1:1_GCN_class_weighting_s43,1:1,GCN,class_weighting,43,False,test,169,0.7181193945286921,0.029938156231631406,0.02933515985545802,0.0,0.05,0.05917159763313609
1:1_GCN_class_weighting_s44,1:1,GCN,class_weighting,44,False,val,914,0.864706400003333,0.22532802988310668,0.22437762522013285,0.36,0.48,0.2921225382932166
1:1_GCN_class_weighting_s44,1:1,GCN,class_weighting,44,False,test,169,0.6106590182974728,0.012963485648492916,0.012672068723035914,0.0,0.01,0.01775147928994083
1:1_GCN_focal_loss,1:1,GCN,focal_loss,42,False,val,914,0.6994459147888824,0.06663411674955018,0.06685396480753816,0.08,0.07,0.08205689277899343
1:1_GCN_focal_loss,1:1,GCN,focal_loss,42,False,test,169,0.6474877222215504,0.010751077890532586,0.010376773629886076,0.02,0.02,0.01775147928994083
1:1_GCN_focal_loss_s43,1:1,GCN,focal_loss,43,False,val,914,0.6558378609015645,0.08296747940849604,0.08258768043437774,0.02,0.15,0.14332603938730853
1:1_GCN_focal_loss_s43,1:1,GCN,focal_loss,43,False,test,169,0.6425942359860162,0.01073549825736461,0.010573312615876535,0.0,0.0,0.0
1:1_GCN_focal_loss_s44,1:1,GCN,focal_loss,44,False,val,914,0.7794856923026978,0.10655966579681792,0.10582815887254132,0.38,0.29,0.13566739606126915
1:1_GCN_focal_loss_s44,1:1,GCN,focal_loss,44,False,test,169,0.6877243828819453,0.02966877791008639,0.02875829079388045,0.06,0.07,0.07100591715976332
1:1_GCN_none,1:1,GCN,none,42,False,val,914,0.8192439670482486,0.13196246960974106,0.13120357450677161,0.22,0.16,0.19037199124726478
1:1_GCN_none,1:1,GCN,none,42,False,test,169,0.6834580687524717,0.02064146081020446,0.02004922229729631,0.04,0.02,0.011834319526627219
1:1_GCN_none_s43,1:1,GCN,none,43,False,val,914,0.8419111286247567,0.17185449063575886,0.17314589431448732,0.24,0.21,0.24070021881838075
1:1_GCN_none_s43,1:1,GCN,none,43,False,test,169,0.6535557892423838,0.023179084300713363,0.022697125952304418,0.0,0.02,0.03550295857988166
1:1_GCN_none_s44,1:1,GCN,none,44,False,val,914,0.782468612803717,0.1399398324541047,0.13915321345505727,0.46,0.42,0.16192560175054704
1:1_GCN_none_s44,1:1,GCN,none,44,False,test,169,0.7226046721298611,0.029491197032693362,0.02905307760491195,0.0,0.0,0.0
1:1_GraphSAGE_class_weighting,1:1,GraphSAGE,class_weighting,42,True,val,914,0.9120631443958416,0.33177030256377765,0.33060197927593715,0.48,0.48,0.40153172866520787
1:1_GraphSAGE_class_weighting,1:1,GraphSAGE,class_weighting,42,True,test,169,0.8043521498687892,0.024819250809671862,0.024462902447815973,0.0,0.0,0.01775147928994083
1:1_GraphSAGE_class_weighting_s43,1:1,GraphSAGE,class_weighting,43,True,val,914,0.8800784167978812,0.351449535583775,0.3509293765207296,0.78,0.67,0.41575492341356673
1:1_GraphSAGE_class_weighting_s43,1:1,GraphSAGE,class_weighting,43,True,test,169,0.5081372846934241,0.00724477780938507,0.007147055111052953,0.0,0.0,0.0
1:1_GraphSAGE_class_weighting_s44,1:1,GraphSAGE,class_weighting,44,True,val,914,0.8462815614091064,0.21259998211682968,0.21192958248305052,0.2,0.31,0.3227571115973742
1:1_GraphSAGE_class_weighting_s44,1:1,GraphSAGE,class_weighting,44,True,test,169,0.6526831516228127,0.010329462042814475,0.010204534691840253,0.0,0.0,0.0
1:1_GraphSAGE_focal_loss,1:1,GraphSAGE,focal_loss,42,False,val,914,0.9267187563991034,0.4432952354680149,0.4428764605140663,0.8,0.75,0.47045951859956237
1:1_GraphSAGE_focal_loss,1:1,GraphSAGE,focal_loss,42,False,test,169,0.8221571478451137,0.02455562259706306,0.024210901634076038,0.0,0.0,0.011834319526627219
1:1_GraphSAGE_focal_loss_s43,1:1,GraphSAGE,focal_loss,43,False,val,914,0.9176037213824241,0.4546025968749293,0.4535785251194922,0.7,0.73,0.487964989059081
1:1_GraphSAGE_focal_loss_s43,1:1,GraphSAGE,focal_loss,43,False,test,169,0.7954371717638499,0.023523552181864416,0.023239260716974654,0.0,0.0,0.0
1:1_GraphSAGE_focal_loss_s44,1:1,GraphSAGE,focal_loss,44,True,val,914,0.9273307907104416,0.47803583762144686,0.4772014838661381,0.68,0.65,0.5317286652078774
1:1_GraphSAGE_focal_loss_s44,1:1,GraphSAGE,focal_loss,44,True,test,169,0.7694180846331127,0.02246088224506352,0.02209216176423418,0.0,0.0,0.011834319526627219
1:1_GraphSAGE_none,1:1,GraphSAGE,none,42,True,val,914,0.9202379607639314,0.4151686607783434,0.41418859957832077,0.8,0.69,0.45295404814004375
1:1_GraphSAGE_none,1:1,GraphSAGE,none,42,True,test,169,0.7787747205514071,0.02020870916540829,0.019830232425527845,0.0,0.03,0.01775147928994083
1:1_GraphSAGE_none_s43,1:1,GraphSAGE,none,43,True,val,914,0.8094893263055506,0.22868288358711442,0.22769308670310223,0.68,0.57,0.32603938730853393
1:1_GraphSAGE_none_s43,1:1,GraphSAGE,none,43,True,test,169,0.6753023870106032,0.011443207944626454,0.011305284176272586,0.0,0.0,0.0
1:1_GraphSAGE_none_s44,1:1,GraphSAGE,none,44,True,val,914,0.8481838318080033,0.2842908205907831,0.2833127505899453,0.62,0.52,0.387308533916849
1:1_GraphSAGE_none_s44,1:1,GraphSAGE,none,44,True,test,169,0.5457521729744528,0.007614002056226393,0.007518467282473962,0.0,0.0,0.0
1:1_TAGCN_class_weighting,1:1,TAGCN,class_weighting,42,False,val,914,0.7129426626982694,0.17305897362247197,0.17212323869536122,0.62,0.46,0.29321663019693656
1:1_TAGCN_class_weighting,1:1,TAGCN,class_weighting,42,False,test,169,0.6953348430062783,0.011096332900269967,0.010977140139301001,0.0,0.0,0.0
1:1_TAGCN_focal_loss,1:1,TAGCN,focal_loss,42,False,val,914,0.8893694136442463,0.28518743012699593,0.2840539187693741,0.54,0.48,0.37089715536105033
1:1_TAGCN_focal_loss,1:1,TAGCN,focal_loss,42,False,test,169,0.7950795228500347,0.02266170357288471,0.022266934002028418,0.02,0.01,0.005917159763313609
1:1_TAGCN_none,1:1,TAGCN,none,42,False,val,914,0.7129426233947561,0.17305896796648107,0.17212323304379396,0.62,0.46,0.29321663019693656
1:1_TAGCN_none,1:1,TAGCN,none,42,False,test,169,0.6953348430062783,0.011096332900269967,0.010977140139301001,0.0,0.0,0.0
1:30_native_GAT_class_weighting,1:30_native,GAT,class_weighting,42,False,val,914,0.8422494925719897,0.20179110286418386,0.20082080198094085,0.68,0.53,0.22975929978118162
1:30_native_GAT_class_weighting,1:30_native,GAT,class_weighting,42,False,test,169,0.5762104807599036,0.008550502001244489,0.008461665995587519,0.0,0.0,0.0
1:30_native_GAT_focal_loss,1:30_native,GAT,focal_loss,42,True,val,914,0.8383129116207834,0.26766781011339796,0.26720038915980115,0.74,0.65,0.3424507658643326
1:30_native_GAT_focal_loss,1:30_native,GAT,focal_loss,42,True,test,169,0.581087885659385,0.008433385547959974,0.008280294443781802,0.0,0.01,0.005917159763313609
1:30_native_GAT_none,1:30_native,GAT,none,42,True,val,914,0.8452017170290096,0.20192842396407232,0.20129618051692544,0.22,0.21,0.3074398249452954
1:30_native_GAT_none,1:30_native,GAT,none,42,True,test,169,0.740128182399917,0.018915331704923825,0.018403018476022236,0.04,0.05,0.029585798816568046
1:30_native_GCN_class_weighting,1:30_native,GCN,class_weighting,42,False,val,914,0.6011384734311,0.07501217453360425,0.07450008486000023,0.24,0.29,0.14660831509846828
1:30_native_GCN_class_weighting,1:30_native,GCN,class_weighting,42,False,test,169,0.6368111302400389,0.010993217355328906,0.010778541234098375,0.0,0.0,0.005917159763313609
1:30_native_GCN_class_weighting_s43,1:30_native,GCN,class_weighting,43,True,val,914,0.824869046588734,0.23235179236941728,0.23173201039536048,0.4,0.46,0.33916849015317285
1:30_native_GCN_class_weighting_s43,1:30_native,GCN,class_weighting,43,True,test,169,0.4677843238106951,0.009747766799095264,0.00937939675412567,0.02,0.03,0.029585798816568046
1:30_native_GCN_class_weighting_s44,1:30_native,GCN,class_weighting,44,False,val,914,0.6806017863132432,0.09909204495119214,0.09833681835140637,0.44,0.42,0.1652078774617068
1:30_native_GCN_class_weighting_s44,1:30_native,GCN,class_weighting,44,False,test,169,0.6660502154513078,0.013002424226864824,0.01275700326972948,0.0,0.01,0.011834319526627219
1:30_native_GCN_focal_loss,1:30_native,GCN,focal_loss,42,False,val,914,0.6641059838105683,0.11275332603040644,0.11211023624931975,0.18,0.33,0.2111597374179431
1:30_native_GCN_focal_loss,1:30_native,GCN,focal_loss,42,False,test,169,0.5317783924993561,0.008196314628744717,0.008003215465614652,0.0,0.01,0.011834319526627219
1:30_native_GCN_focal_loss_s43,1:30_native,GCN,focal_loss,43,False,val,914,0.7291957856571889,0.0742563210369076,0.07393596403762408,0.06,0.06,0.11597374179431072
1:30_native_GCN_focal_loss_s43,1:30_native,GCN,focal_loss,43,False,test,169,0.5577586271221896,0.008252873496079947,0.008051041367832398,0.02,0.01,0.005917159763313609
1:30_native_GCN_focal_loss_s44,1:30_native,GCN,focal_loss,44,False,val,914,0.6337529219214482,0.08909399036102414,0.08842741879416957,0.46,0.41,0.14770240700218817
1:30_native_GCN_focal_loss_s44,1:30_native,GCN,focal_loss,44,False,test,169,0.524884388058849,0.007053173599347288,0.006950717063821478,0.0,0.01,0.005917159763313609
1:30_native_GCN_none,1:30_native,GCN,none,42,False,val,914,0.7303542174124155,0.12219615624964365,0.12144823858956627,0.42,0.47,0.17833698030634573
1:30_native_GCN_none,1:30_native,GCN,none,42,False,test,169,0.5674082006580226,0.008886673732568733,0.008644070190869782,0.02,0.02,0.011834319526627219
1:30_native_GCN_none_s43,1:30_native,GCN,none,43,False,val,914,0.7744608363677611,0.14014570286710945,0.13946010284394547,0.34,0.38,0.22319474835886213
1:30_native_GCN_none_s43,1:30_native,GCN,none,43,False,test,169,0.5971985540691827,0.011874041362584471,0.011310903391583116,0.04,0.02,0.023668639053254437
1:30_native_GCN_none_s44,1:30_native,GCN,none,44,False,val,914,0.6397916709409237,0.09019719890406852,0.08956563902001802,0.26,0.29,0.18052516411378555
1:30_native_GCN_none_s44,1:30_native,GCN,none,44,False,test,169,0.5322296991143429,0.007155949562236736,0.007056852637644054,0.0,0.0,0.005917159763313609
1:30_native_GraphSAGE_class_weighting,1:30_native,GraphSAGE,class_weighting,42,True,val,914,0.9094060107177536,0.5040683759565783,0.5037223541722855,0.88,0.8,0.5328227571115973
1:30_native_GraphSAGE_class_weighting,1:30_native,GraphSAGE,class_weighting,42,True,test,169,0.688869888611661,0.014999949949952789,0.013672993558120317,0.04,0.03,0.01775147928994083
1:30_native_GraphSAGE_class_weighting_s43,1:30_native,GraphSAGE,class_weighting,43,True,val,914,0.9264907960211324,0.5206156880250816,0.5202507385024019,0.86,0.77,0.5426695842450766
1:30_native_GraphSAGE_class_weighting_s43,1:30_native,GraphSAGE,class_weighting,43,True,test,169,0.8216291654198271,0.04145607369326642,0.040523168177823414,0.08,0.05,0.04142011834319527
1:30_native_GraphSAGE_class_weighting_s44,1:30_native,GraphSAGE,class_weighting,44,True,val,914,0.9231909909429769,0.4983771327214311,0.4978996091414542,0.76,0.75,0.537199124726477
1:30_native_GraphSAGE_class_weighting_s44,1:30_native,GraphSAGE,class_weighting,44,True,test,169,0.7353454644071146,0.023428562481693796,0.022541582527818092,0.06,0.03,0.047337278106508875
1:30_native_GraphSAGE_focal_loss,1:30_native,GraphSAGE,focal_loss,42,True,val,914,0.9237482165048186,0.48640975113307267,0.4859352558551559,0.72,0.75,0.5306345733041575
1:30_native_GraphSAGE_focal_loss,1:30_native,GraphSAGE,focal_loss,42,True,test,169,0.6890255559446524,0.012292885442666499,0.012074613028225257,0.0,0.02,0.011834319526627219
1:30_native_GraphSAGE_focal_loss_s43,1:30_native,GraphSAGE,focal_loss,43,True,val,914,0.9176835271664706,0.465776185157952,0.46519667953241023,0.8,0.74,0.49562363238512036
1:30_native_GraphSAGE_focal_loss_s43,1:30_native,GraphSAGE,focal_loss,43,True,test,169,0.7545651053533353,0.018284929287167684,0.018011254848924865,0.0,0.0,0.011834319526627219
1:30_native_GraphSAGE_focal_loss_s44,1:30_native,GraphSAGE,focal_loss,44,True,val,914,0.9218755023480311,0.5027648807965683,0.5022848933234749,0.84,0.88,0.4890590809628009
1:30_native_GraphSAGE_focal_loss_s44,1:30_native,GraphSAGE,focal_loss,44,True,test,169,0.7077722769602314,0.013201128872617946,0.013056391332459494,0.0,0.0,0.0
1:30_native_GraphSAGE_none,1:30_native,GraphSAGE,none,42,True,val,914,0.918669868488086,0.45977086254321714,0.45875424287011224,0.82,0.78,0.4912472647702407
1:30_native_GraphSAGE_none,1:30_native,GraphSAGE,none,42,True,test,169,0.7121869253334562,0.017655208058720572,0.017314126977283382,0.0,0.01,0.01775147928994083
1:30_native_GraphSAGE_none_s43,1:30_native,GraphSAGE,none,43,True,val,914,0.9181440660852419,0.4342830564312901,0.4335725987179063,0.74,0.77,0.4638949671772429
1:30_native_GraphSAGE_none_s43,1:30_native,GraphSAGE,none,43,True,test,169,0.7211084646235049,0.019650654714935458,0.019147825254287622,0.02,0.03,0.04142011834319527
1:30_native_GraphSAGE_none_s44,1:30_native,GraphSAGE,none,44,True,val,914,0.9117760911854088,0.46514984078276883,0.46440744417826996,0.84,0.82,0.5021881838074398
1:30_native_GraphSAGE_none_s44,1:30_native,GraphSAGE,none,44,True,test,169,0.7314074668344956,0.018602652920017483,0.01811183215376282,0.02,0.01,0.023668639053254437
1:30_native_TAGCN_class_weighting,1:30_native,TAGCN,class_weighting,42,False,val,914,0.7137040110571788,0.18036648193428853,0.179593915801942,0.62,0.45,0.30196936542669583
1:30_native_TAGCN_class_weighting,1:30_native,TAGCN,class_weighting,42,False,test,169,0.6866778095316266,0.010670575142282689,0.010559161888897616,0.0,0.0,0.0
1:30_native_TAGCN_focal_loss,1:30_native,TAGCN,focal_loss,42,True,val,914,0.8868956308563709,0.3964432295066043,0.39624821752270817,0.78,0.67,0.48468271334792123
1:30_native_TAGCN_focal_loss,1:30_native,TAGCN,focal_loss,42,True,test,169,0.6705235285384535,0.011530392400172847,0.011342911157051654,0.0,0.01,0.005917159763313609
1:30_native_TAGCN_none,1:30_native,TAGCN,none,42,False,val,914,0.6465469426622266,0.05942075166022938,0.05883487875849466,0.18,0.19,0.08096280087527352
1:30_native_TAGCN_none,1:30_native,TAGCN,none,42,False,test,169,0.6810835629962539,0.010411387450987287,0.010326874765619658,0.0,0.0,0.0
1:50_GAT_class_weighting,1:50,GAT,class_weighting,42,True,val,914,0.8321262831319776,0.271941089967688,0.2709392289405444,0.66,0.72,0.31838074398249455
1:50_GAT_class_weighting,1:50,GAT,class_weighting,42,True,test,169,0.4539060021464081,0.006079376272893532,0.006015332068188732,0.0,0.0,0.0
1:50_GAT_focal_loss,1:50,GAT,focal_loss,42,True,val,914,0.886549504465233,0.38522912998542463,0.3845975955788949,0.84,0.79,0.4212253829321663
1:50_GAT_focal_loss,1:50,GAT,focal_loss,42,True,test,169,0.6243024238047,0.011403089285696631,0.011220313691598269,0.0,0.0,0.0
1:50_GAT_none,1:50,GAT,none,42,False,val,914,0.8380499514640912,0.19366609493928233,0.1929473886517449,0.42,0.42,0.28774617067833697
1:50_GAT_none,1:50,GAT,none,42,False,test,169,0.573180757047549,0.008449433812705073,0.008264201392607065,0.02,0.01,0.005917159763313609
1:50_GCN_class_weighting,1:50,GCN,class_weighting,42,False,val,914,0.8474290667875958,0.24760269161294995,0.24666546499538308,0.54,0.52,0.3238512035010941
1:50_GCN_class_weighting,1:50,GCN,class_weighting,42,False,test,169,0.5226274690318495,0.00834367061208838,0.00818038237101381,0.0,0.0,0.005917159763313609
1:50_GCN_class_weighting_s43,1:50,GCN,class_weighting,43,False,val,914,0.8534142647700048,0.2543137585378171,0.2533362663438819,0.62,0.51,0.3227571115973742
1:50_GCN_class_weighting_s43,1:50,GCN,class_weighting,43,False,test,169,0.576439478985296,0.010542035600973675,0.0103013216835429,0.0,0.02,0.011834319526627219
1:50_GCN_class_weighting_s44,1:50,GCN,class_weighting,44,False,val,914,0.8446797467187265,0.23928707583938683,0.23826971464928778,0.6,0.55,0.29431072210065645
1:50_GCN_class_weighting_s44,1:50,GCN,class_weighting,44,False,test,169,0.5273201315427559,0.009429194023011702,0.009191965041345718,0.0,0.01,0.011834319526627219
1:50_GCN_focal_loss,1:50,GCN,focal_loss,42,False,val,914,0.6014840495730499,0.07372968159254059,0.07342696895547653,0.5,0.36,0.08971553610503283
1:50_GCN_focal_loss,1:50,GCN,focal_loss,42,False,test,169,0.4926836353494011,0.0064991549551755715,0.006446186269076159,0.0,0.0,0.0
1:50_GCN_focal_loss_s43,1:50,GCN,focal_loss,43,False,val,914,0.6757510645946169,0.06388836776701437,0.06333731334454211,0.16,0.08,0.09299781181619256
1:50_GCN_focal_loss_s43,1:50,GCN,focal_loss,43,False,test,169,0.7764956736059989,0.037493916583809996,0.03675586207275023,0.04,0.04,0.04142011834319527
1:50_GCN_focal_loss_s44,1:50,GCN,focal_loss,44,False,val,914,0.676142999230673,0.05741228572143134,0.05715382848143631,0.06,0.05,0.07221006564551423
1:50_GCN_focal_loss_s44,1:50,GCN,focal_loss,44,False,test,169,0.7805661813876932,0.04759773699958288,0.04635616181533102,0.08,0.13,0.10059171597633136
1:50_GCN_none,1:50,GCN,none,42,False,val,914,0.5949536725556693,0.0830102694703728,0.0821371303263291,0.22,0.35,0.14770240700218817
1:50_GCN_none,1:50,GCN,none,42,False,test,169,0.5075743092808864,0.008606298581261657,0.008252792155164064,0.04,0.03,0.029585798816568046
1:50_GCN_none_s43,1:50,GCN,none,43,False,val,914,0.6422284494708922,0.0812282123976539,0.0806295100688329,0.22,0.28,0.1389496717724289
1:50_GCN_none_s43,1:50,GCN,none,43,False,test,169,0.5827333279643112,0.008628444278167143,0.008460178748804958,0.0,0.02,0.011834319526627219
1:50_GCN_none_s44,1:50,GCN,none,44,False,val,914,0.6391100301072773,0.09680439439441715,0.09597821064866525,0.58,0.42,0.1323851203501094
1:50_GCN_none_s44,1:50,GCN,none,44,False,test,169,0.5377886953610878,0.007950656646192659,0.0077411381067255345,0.0,0.03,0.01775147928994083
1:50_GraphSAGE_class_weighting,1:50,GraphSAGE,class_weighting,42,True,val,914,0.9214306062276102,0.5175335713457236,0.5171590324874522,0.88,0.85,0.5229759299781181
1:50_GraphSAGE_class_weighting,1:50,GraphSAGE,class_weighting,42,True,test,169,0.767631641173675,0.02532773243799338,0.02468919348131162,0.04,0.02,0.029585798816568046
1:50_GraphSAGE_class_weighting_s43,1:50,GraphSAGE,class_weighting,43,True,val,914,0.9183244692119464,0.4941991118029629,0.49317720886129657,0.66,0.66,0.5437636761487965
1:50_GraphSAGE_class_weighting_s43,1:50,GraphSAGE,class_weighting,43,True,test,169,0.6984272196038948,0.0181873420887336,0.016334605886568758,0.04,0.03,0.01775147928994083
1:50_GraphSAGE_class_weighting_s44,1:50,GraphSAGE,class_weighting,44,True,val,914,0.9194879514686505,0.4963501114721109,0.49598829485897616,0.84,0.79,0.5076586433260394
1:50_GraphSAGE_class_weighting_s44,1:50,GraphSAGE,class_weighting,44,True,test,169,0.7570081819264821,0.027237127233442213,0.026543061600048757,0.04,0.04,0.05325443786982249
1:50_GraphSAGE_focal_loss,1:50,GraphSAGE,focal_loss,42,True,val,914,0.9207032947113427,0.4782431720956004,0.4777649583624616,0.74,0.75,0.5273522975929978
1:50_GraphSAGE_focal_loss,1:50,GraphSAGE,focal_loss,42,True,test,169,0.7106711629224599,0.015905205176963644,0.015663219454156215,0.0,0.0,0.0
1:50_GraphSAGE_focal_loss_s43,1:50,GraphSAGE,focal_loss,43,True,val,914,0.9155089030711686,0.49269996257783993,0.4922446554928726,0.7,0.78,0.5339168490153173
1:50_GraphSAGE_focal_loss_s43,1:50,GraphSAGE,focal_loss,43,True,test,169,0.5741386900735443,0.008373870861663746,0.008276997093284864,0.0,0.0,0.0
1:50_GraphSAGE_focal_loss_s44,1:50,GraphSAGE,focal_loss,44,False,val,914,0.6605589006775847,0.05453703962998166,0.05402184929726328,0.12,0.09,0.06783369803063458
1:50_GraphSAGE_focal_loss_s44,1:50,GraphSAGE,focal_loss,44,False,test,169,0.5666097944856713,0.0077365697670766665,0.007632313397862478,0.0,0.0,0.0
1:50_GraphSAGE_none,1:50,GraphSAGE,none,42,False,val,914,0.8465457596264719,0.19118582602510892,0.1903066711547354,0.54,0.42,0.2363238512035011
1:50_GraphSAGE_none,1:50,GraphSAGE,none,42,False,test,169,0.5667042240909735,0.0077563695320703695,0.00765415156018932,0.0,0.0,0.005917159763313609
1:50_GraphSAGE_none_s43,1:50,GraphSAGE,none,43,False,val,914,0.8233111535746269,0.17328668137606315,0.17227151591864617,0.5,0.47,0.19146608315098468
1:50_GraphSAGE_none_s43,1:50,GraphSAGE,none,43,False,test,169,0.5840859613023875,0.008111524765119086,0.008001847520390216,0.0,0.0,0.005917159763313609
1:50_GraphSAGE_none_s44,1:50,GraphSAGE,none,44,False,val,914,0.838713846761418,0.20053424712657178,0.20005844848530752,0.56,0.48,0.23960612691466082
1:50_GraphSAGE_none_s44,1:50,GraphSAGE,none,44,False,test,169,0.5996529519029109,0.008477728571979034,0.008381958919432227,0.0,0.0,0.0
1:50_TAGCN_class_weighting,1:50,TAGCN,class_weighting,42,False,val,914,0.7208633818519485,0.17132762221976827,0.17058403219235438,0.44,0.43,0.3041575492341357
1:50_TAGCN_class_weighting,1:50,TAGCN,class_weighting,42,False,test,169,0.688091680597392,0.010762743959234385,0.010649848728504524,0.0,0.0,0.0
1:50_TAGCN_focal_loss,1:50,TAGCN,focal_loss,42,True,val,914,0.8563990128843992,0.22505650358188897,0.22441618421304202,0.1,0.19,0.3522975929978118
1:50_TAGCN_focal_loss,1:50,TAGCN,focal_loss,42,True,test,169,0.5961258646291142,0.00908369312512834,0.00894046386924895,0.0,0.0,0.005917159763313609
1:50_TAGCN_none,1:50,TAGCN,none,42,False,val,914,0.6461676441057426,0.059200638606732726,0.058616313200764596,0.2,0.2,0.0787746170678337
1:50_TAGCN_none,1:50,TAGCN,none,42,False,test,169,0.681269205939648,0.010416792620115477,0.010332308071310801,0.0,0.0,0.0
