scenario,trial,value,best_so_far
native,0,0.40408000690432117,0.40408000690432117
native,1,0.1855148646710817,0.40408000690432117
native,2,0.4446577150348316,0.4446577150348316
native,3,0.337259195318717,0.4446577150348316
native,4,0.2601271039934593,0.4446577150348316
native,5,0.41366723874222583,0.4446577150348316
native,6,0.15336847239444978,0.4446577150348316
native,7,0.39124713663238053,0.4446577150348316
native,8,0.41000586868556005,0.4446577150348316
native,9,0.2872520207357213,0.4446577150348316
native,10,0.4299035020934996,0.4446577150348316
native,11,0.4309965478747331,0.4446577150348316
native,12,0.42405777012319007,0.4446577150348316
native,13,0.4557928257075825,0.4557928257075825
native,14,0.4459604467827431,0.4557928257075825
native,15,0.4324601010183447,0.4557928257075825
native,16,0.4463775342171828,0.4557928257075825
native,17,0.3832146518753427,0.4557928257075825
native,18,0.4304077760735838,0.4557928257075825
native,19,0.12019370151722003,0.4557928257075825
native,20,0.5178151362201991,0.5178151362201991
native,21,0.49305168530642385,0.5178151362201991
native,22,0.4943721701910443,0.5178151362201991
native,23,0.4777067849406578,0.5178151362201991
native,24,0.4688621101801499,0.5178151362201991
native,25,0.4209389693008394,0.5178151362201991
native,26,0.4013765618367272,0.5178151362201991
native,27,0.4717763738454967,0.5178151362201991
native,28,0.3986531994728114,0.5178151362201991
native,29,0.4206344209069098,0.5178151362201991
native,30,0.43824537073038133,0.5178151362201991
native,31,0.4848506368683905,0.5178151362201991
native,32,0.45838512643921636,0.5178151362201991
native,33,0.37226192328614677,0.5178151362201991
native,34,0.44816073662726424,0.5178151362201991
native,35,0.39112039284282807,0.5178151362201991
native,36,0.38064998919308535,0.5178151362201991
native,37,0.39800101813899574,0.5178151362201991
native,38,0.4022756769173623,0.5178151362201991
native,39,0.4718793611062189,0.5178151362201991
native,40,0.4046402149563939,0.5178151362201991
native,41,0.4037307655177321,0.5178151362201991
native,42,0.48593261628277173,0.5178151362201991
native,43,0.36792915944971155,0.5178151362201991
native,44,0.46593251804074065,0.5178151362201991
native,45,0.3974980157412665,0.5178151362201991
native,46,0.393853031579224,0.5178151362201991
native,47,0.46396559773359053,0.5178151362201991
native,48,0.39317320877651146,0.5178151362201991
native,49,0.41001813451508395,0.5178151362201991
native,50,0.39236726345881057,0.5178151362201991
native,51,0.484479282434805,0.5178151362201991
native,52,0.4493523644614879,0.5178151362201991
native,53,0.48130264638046477,0.5178151362201991
native,54,0.41628998404381057,0.5178151362201991
native,55,0.4888406588268804,0.5178151362201991
native,56,0.45456364047060943,0.5178151362201991
native,57,0.48375458752705874,0.5178151362201991
native,58,0.46877225058314514,0.5178151362201991
native,59,0.4652718113997117,0.5178151362201991
native,60,0.2253334789401584,0.5178151362201991
native,61,0.4829640165973313,0.5178151362201991
native,62,0.3694763373593776,0.5178151362201991
native,63,0.47374793940608834,0.5178151362201991
native,64,0.5037810007336202,0.5178151362201991
native,65,0.49507894087430154,0.5178151362201991
native,66,0.48141111882512777,0.5178151362201991
native,67,0.40701515128933796,0.5178151362201991
native,68,0.41290658699987554,0.5178151362201991
native,69,0.49347706374771827,0.5178151362201991
native,70,0.4742332663765144,0.5178151362201991
native,71,0.4535082563135929,0.5178151362201991
native,72,0.45970860660039664,0.5178151362201991
native,73,0.4413102294857554,0.5178151362201991
native,74,0.47901153852482475,0.5178151362201991
native,75,0.4265281836701944,0.5178151362201991
native,76,0.3737134960040895,0.5178151362201991
native,77,0.16634802157914244,0.5178151362201991
native,78,0.39155071742426356,0.5178151362201991
native,79,0.4774731703392072,0.5178151362201991
native,80,0.494143671398538,0.5178151362201991
native,81,0.42341869305468344,0.5178151362201991
native,82,0.4716427745197108,0.5178151362201991
native,83,0.46434651145188277,0.5178151362201991
native,84,0.47295067782912714,0.5178151362201991
native,85,0.3798774089987662,0.5178151362201991
native,86,0.4038099554934873,0.5178151362201991
native,87,0.4471182562480338,0.5178151362201991
native,88,0.43463672930865566,0.5178151362201991
native,89,0.47796130223057565,0.5178151362201991
native,90,0.40255886084334325,0.5178151362201991
native,91,0.4927939935121914,0.5178151362201991
native,92,0.49406728700670793,0.5178151362201991
native,93,0.3770409840387478,0.5178151362201991
native,94,0.4623887927404152,0.5178151362201991
native,95,0.48889147428041774,0.5178151362201991
native,96,0.4790800803797144,0.5178151362201991
native,97,0.471891328033876,0.5178151362201991
native,98,0.494208041810487,0.5178151362201991
native,99,0.4813572395840338,0.5178151362201991
native,100,0.4072776336074783,0.5178151362201991
native,101,0.4664371832830669,0.5178151362201991
native,102,0.48211654177601776,0.5178151362201991
native,103,0.38894533036482765,0.5178151362201991
native,104,0.4156992112683661,0.5178151362201991
native,105,0.44106336405816327,0.5178151362201991
native,106,0.47771929814141684,0.5178151362201991
native,107,0.44737345897931197,0.5178151362201991
native,108,0.3741039303583774,0.5178151362201991
native,109,0.42858749798015977,0.5178151362201991
native,110,0.4181515194761421,0.5178151362201991
native,111,0.49104359245267815,0.5178151362201991
native,112,0.4854049512660431,0.5178151362201991
native,113,0.5028739935829615,0.5178151362201991
native,114,0.5029739654193999,0.5178151362201991
native,115,0.47257559285249723,0.5178151362201991
native,116,0.365151856943122,0.5178151362201991
native,117,0.5041780102964144,0.5178151362201991
native,118,0.44066837639122564,0.5178151362201991
native,119,0.4346372901675059,0.5178151362201991
native,120,0.4648570700789995,0.5178151362201991
native,121,0.502757813781727,0.5178151362201991
native,122,0.4866008846345163,0.5178151362201991
native,123,0.4073064897308372,0.5178151362201991
native,124,0.4776117341349188,0.5178151362201991
native,125,0.4289535119762339,0.5178151362201991
native,126,0.42577628466251705,0.5178151362201991
native,127,0.33245182392655004,0.5178151362201991
native,128,0.4314042224726703,0.5178151362201991
native,129,0.38436216399447665,0.5178151362201991
native,130,0.4778606158353439,0.5178151362201991
native,131,0.4972293122756399,0.5178151362201991
native,132,0.4813926839849888,0.5178151362201991
native,133,0.38665523348768355,0.5178151362201991
native,134,0.4743683308609208,0.5178151362201991
native,135,0.4903792887600759,0.5178151362201991
native,136,0.45479655340729247,0.5178151362201991
native,137,0.4352413952603199,0.5178151362201991
native,138,0.32991336424043444,0.5178151362201991
native,139,0.4690708123558423,0.5178151362201991
native,140,0.4852890875672018,0.5178151362201991
native,141,0.4672541743974545,0.5178151362201991
native,142,0.46831089544078064,0.5178151362201991
native,143,0.4907634436461146,0.5178151362201991
native,144,0.36209128217427144,0.5178151362201991
native,145,0.488500738600825,0.5178151362201991
native,146,0.44990809665548287,0.5178151362201991
native,147,0.48141037512472085,0.5178151362201991
native,148,0.2577976336103353,0.5178151362201991
native,149,0.3930494459170235,0.5178151362201991
1:10,0,0.39937155211999376,0.39937155211999376
1:10,1,0.18228161998112036,0.39937155211999376
1:10,2,0.44492984060711543,0.44492984060711543
1:10,3,0.32560787947867326,0.44492984060711543
1:10,4,0.2539091036829338,0.44492984060711543
1:10,5,0.4174632732133154,0.44492984060711543
1:10,6,0.1461129750452928,0.44492984060711543
1:10,7,0.3968030562908754,0.44492984060711543
1:10,8,0.419596362756612,0.44492984060711543
1:10,9,0.2825914666285961,0.44492984060711543
1:10,10,0.4486188901870441,0.4486188901870441
1:10,11,0.43291764303065144,0.4486188901870441
1:10,12,0.42963169933496587,0.4486188901870441
1:10,13,0.44072061030280374,0.4486188901870441
1:10,14,0.4269167678676951,0.4486188901870441
1:10,15,0.4419223824995071,0.4486188901870441
1:10,16,0.4358812459561636,0.4486188901870441
1:10,17,0.44727834645249337,0.4486188901870441
1:10,18,0.42202599697870896,0.4486188901870441
1:10,19,0.11792822624959369,0.4486188901870441
1:10,20,0.426403313855159,0.4486188901870441
1:10,21,0.4369718903952981,0.4486188901870441
1:10,22,0.45249633558687086,0.45249633558687086
1:10,23,0.3909327513150969,0.45249633558687086
1:10,24,0.42226812465231306,0.45249633558687086
1:10,25,0.33806791048775275,0.45249633558687086
1:10,26,0.41913529916107456,0.45249633558687086
1:10,27,0.42963597011326926,0.45249633558687086
1:10,28,0.4410481528230576,0.45249633558687086
1:10,29,0.3813213662562223,0.45249633558687086
1:10,30,0.3993476533759213,0.45249633558687086
1:10,31,0.4035503558306917,0.45249633558687086
1:10,32,0.44054959742988864,0.45249633558687086
1:10,33,0.4621931917497001,0.4621931917497001
1:10,34,0.41524494113762844,0.4621931917497001
1:10,35,0.43075652243717455,0.4621931917497001
1:10,36,0.3987653304679212,0.4621931917497001
1:10,37,0.41227805080543756,0.4621931917497001
1:10,38,0.3991509044541999,0.4621931917497001
1:10,39,0.4068658795311082,0.4621931917497001
1:10,40,0.44217710487411077,0.4621931917497001
1:10,41,0.4215735491714447,0.4621931917497001
1:10,42,0.4444671486399861,0.4621931917497001
1:10,43,0.4249223269659324,0.4621931917497001
1:10,44,0.40145531466346746,0.4621931917497001
1:10,45,0.44616254995770444,0.4621931917497001
1:10,46,0.36903535908598895,0.4621931917497001
1:10,47,0.37790375706931123,0.4621931917497001
1:10,48,0.39295159553562375,0.4621931917497001
1:10,49,0.4059470336342914,0.4621931917497001
1:10,50,0.4227062611591311,0.4621931917497001
1:10,51,0.4218382462076066,0.4621931917497001
1:10,52,0.45679974335822193,0.4621931917497001
1:10,53,0.4471422056598832,0.4621931917497001
1:10,54,0.44726102988503647,0.4621931917497001
1:10,55,0.4419902518966195,0.4621931917497001
1:10,56,0.43755209010699064,0.4621931917497001
1:10,57,0.42270191206480046,0.4621931917497001
1:10,58,0.4678168156277698,0.4678168156277698
1:10,59,0.45149598528915263,0.4678168156277698
1:10,60,0.4443801352605359,0.4678168156277698
1:10,61,0.4412928259088105,0.4678168156277698
1:10,62,0.40183094562011273,0.4678168156277698
1:10,63,0.42612246092180983,0.4678168156277698
1:10,64,0.4257264887555135,0.4678168156277698
1:10,65,0.44162651091259925,0.4678168156277698
1:10,66,0.44414415260223916,0.4678168156277698
1:10,67,0.33984404763580517,0.4678168156277698
1:10,68,0.40371714080228416,0.4678168156277698
1:10,69,0.24441529442971138,0.4678168156277698
1:10,70,0.4466069171643312,0.4678168156277698
1:10,71,0.43754689493323395,0.4678168156277698
1:10,72,0.42931920606684265,0.4678168156277698
1:10,73,0.45868627424310154,0.4678168156277698
1:10,74,0.43768639541267235,0.4678168156277698
1:10,75,0.44439748888130426,0.4678168156277698
1:10,76,0.4305222742984672,0.4678168156277698
1:10,77,0.4205659583525271,0.4678168156277698
1:10,78,0.4413285228801424,0.4678168156277698
1:10,79,0.4119339053910485,0.4678168156277698
1:10,80,0.4169354761817154,0.4678168156277698
1:10,81,0.47147615418175876,0.47147615418175876
1:10,82,0.44793196521674966,0.47147615418175876
1:10,83,0.4152867456403029,0.47147615418175876
1:10,84,0.4124216219430069,0.47147615418175876
1:10,85,0.4312242916849061,0.47147615418175876
1:10,86,0.4372596864947883,0.47147615418175876
1:10,87,0.39686976616410796,0.47147615418175876
1:10,88,0.4467776994616453,0.47147615418175876
1:10,89,0.4262042166742022,0.47147615418175876
1:10,90,0.4550390937698527,0.47147615418175876
1:10,91,0.4104132060667027,0.47147615418175876
1:10,92,0.18910442320442195,0.47147615418175876
1:10,93,0.4566772888868799,0.47147615418175876
1:10,94,0.43226193522996503,0.47147615418175876
1:10,95,0.4739312083467918,0.4739312083467918
1:10,96,0.429911321273198,0.4739312083467918
1:10,97,0.4203375189189021,0.4739312083467918
1:10,98,0.46499861922865027,0.4739312083467918
1:10,99,0.44650603541816264,0.4739312083467918
1:10,100,0.41404965517041753,0.4739312083467918
1:10,101,0.4358965093887443,0.4739312083467918
1:10,102,0.4176119809623136,0.4739312083467918
1:10,103,0.4661641656343079,0.4739312083467918
1:10,104,0.43247855339464414,0.4739312083467918
1:10,105,0.41922781393983305,0.4739312083467918
1:10,106,0.4184867493593941,0.4739312083467918
1:10,107,0.4468934544158984,0.4739312083467918
1:10,108,0.4567566364947328,0.4739312083467918
1:10,109,0.45880225413880976,0.4739312083467918
1:10,110,0.39896030532663185,0.4739312083467918
1:10,111,0.43157147669134177,0.4739312083467918
1:10,112,0.47148826942478295,0.4739312083467918
1:10,113,0.48587365255310616,0.48587365255310616
1:10,114,0.4455298173907148,0.48587365255310616
1:10,115,0.43836098339305646,0.48587365255310616
1:10,116,0.4739356049858915,0.48587365255310616
1:10,117,0.4465343414960403,0.48587365255310616
1:10,118,0.4465753447782709,0.48587365255310616
1:10,119,0.4439055589168902,0.48587365255310616
1:10,120,0.49945766873515934,0.49945766873515934
1:10,121,0.44381247363963316,0.49945766873515934
1:10,122,0.34669011611013045,0.49945766873515934
1:10,123,0.3773536011488445,0.49945766873515934
1:10,124,0.4607168965918943,0.49945766873515934
1:10,125,0.48703720985781596,0.49945766873515934
1:10,126,0.4425535263352579,0.49945766873515934
1:10,127,0.4963747953684408,0.49945766873515934
1:10,128,0.41809082450207125,0.49945766873515934
1:10,129,0.38394335504969346,0.49945766873515934
1:10,130,0.4787083606601923,0.49945766873515934
1:10,131,0.4048375041273604,0.49945766873515934
1:10,132,0.4573753109589468,0.49945766873515934
1:10,133,0.5008329724099411,0.5008329724099411
1:10,134,0.4801959534913517,0.5008329724099411
1:10,135,0.3893002934100871,0.5008329724099411
1:10,136,0.4367041452110905,0.5008329724099411
1:10,137,0.5019113588220359,0.5019113588220359
1:10,138,0.3766660284579566,0.5019113588220359
1:10,139,0.4622504421117827,0.5019113588220359
1:10,140,0.42188034693352067,0.5019113588220359
1:10,141,0.4644434740952672,0.5019113588220359
1:10,142,0.5093411449265025,0.5093411449265025
1:10,143,0.458467988304398,0.5093411449265025
1:10,144,0.49335196552582994,0.5093411449265025
1:10,145,0.4891641280100503,0.5093411449265025
1:10,146,0.38234042634323073,0.5093411449265025
1:10,147,0.4981111962796307,0.5093411449265025
1:10,148,0.4522935382503346,0.5093411449265025
1:10,149,0.4313766231899352,0.5093411449265025
1:10_os,0,0.403710651500315,0.403710651500315
1:10_os,1,0.18425621935171757,0.403710651500315
1:10_os,2,0.4362945278410122,0.4362945278410122
1:10_os,3,0.33279688468111246,0.4362945278410122
1:10_os,4,0.25581265629100103,0.4362945278410122
1:10_os,5,0.40407285969260914,0.4362945278410122
1:10_os,6,0.14915947163814627,0.4362945278410122
1:10_os,7,0.386854540502892,0.4362945278410122
1:10_os,8,0.40720848828384043,0.4362945278410122
1:10_os,9,0.28799882048394654,0.4362945278410122
1:10_os,10,0.4350287579831341,0.4362945278410122
1:10_os,11,0.44261821758358977,0.44261821758358977
1:10_os,12,0.4169275699482052,0.44261821758358977
1:10_os,13,0.4545559235657574,0.4545559235657574
1:10_os,14,0.4184306351173646,0.4545559235657574
1:10_os,15,0.4351307264563559,0.4545559235657574
1:10_os,16,0.4297767539214793,0.4545559235657574
1:10_os,17,0.38003899158161564,0.4545559235657574
1:10_os,18,0.4327014098569116,0.4545559235657574
1:10_os,19,0.11961617741234729,0.4545559235657574
1:10_os,20,0.4292956678757808,0.4545559235657574
1:10_os,21,0.42437720324911105,0.4545559235657574
1:10_os,22,0.45698951313135633,0.45698951313135633
1:10_os,23,0.3778488721444756,0.45698951313135633
1:10_os,24,0.42452576478808224,0.45698951313135633
1:10_os,25,0.44146914308840945,0.45698951313135633
1:10_os,26,0.3869507525460698,0.45698951313135633
1:10_os,27,0.3897358730858981,0.45698951313135633
1:10_os,28,0.43385672572735284,0.45698951313135633
1:10_os,29,0.368023020548707,0.45698951313135633
1:10_os,30,0.3874156846824097,0.45698951313135633
1:10_os,31,0.40095580301261213,0.45698951313135633
1:10_os,32,0.44614815424558857,0.45698951313135633
1:10_os,33,0.4161290694072767,0.45698951313135633
1:10_os,34,0.4511288527956505,0.45698951313135633
1:10_os,35,0.41915424839870896,0.45698951313135633
1:10_os,36,0.4062689954570874,0.45698951313135633
1:10_os,37,0.4080334666009511,0.45698951313135633
1:10_os,38,0.44199878459219527,0.45698951313135633
1:10_os,39,0.3630004618016465,0.45698951313135633
1:10_os,40,0.393957030999244,0.45698951313135633
1:10_os,41,0.4260403120343393,0.45698951313135633
1:10_os,42,0.4399997900397436,0.45698951313135633
1:10_os,43,0.43407639107813045,0.45698951313135633
1:10_os,44,0.43685207853412333,0.45698951313135633
1:10_os,45,0.4252286585106614,0.45698951313135633
1:10_os,46,0.3643436605891287,0.45698951313135633
1:10_os,47,0.3957901363610025,0.45698951313135633
1:10_os,48,0.41997520280022965,0.45698951313135633
1:10_os,49,0.3953537887790774,0.45698951313135633
1:10_os,50,0.48174145530225987,0.48174145530225987
1:10_os,51,0.4364043090184887,0.48174145530225987
1:10_os,52,0.43727911235696076,0.48174145530225987
1:10_os,53,0.4194783856203388,0.48174145530225987
1:10_os,54,0.44934760616934,0.48174145530225987
1:10_os,55,0.44670913931684236,0.48174145530225987
1:10_os,56,0.42901923322059615,0.48174145530225987
1:10_os,57,0.42144436902308124,0.48174145530225987
1:10_os,58,0.44185356114064206,0.48174145530225987
1:10_os,59,0.4285136009489952,0.48174145530225987
1:10_os,60,0.4037921512310511,0.48174145530225987
1:10_os,61,0.4137542947613692,0.48174145530225987
1:10_os,62,0.4302949049637552,0.48174145530225987
1:10_os,63,0.43041494804865615,0.48174145530225987
1:10_os,64,0.40976881182733393,0.48174145530225987
1:10_os,65,0.3904750960160727,0.48174145530225987
1:10_os,66,0.40727867382704974,0.48174145530225987
1:10_os,67,0.42668376500800226,0.48174145530225987
1:10_os,68,0.4442224663088384,0.48174145530225987
1:10_os,69,0.15939761793249393,0.48174145530225987
1:10_os,70,0.446447656210045,0.48174145530225987
1:10_os,71,0.4068773602651479,0.48174145530225987
1:10_os,72,0.43808679735382355,0.48174145530225987
1:10_os,73,0.36521917310263324,0.48174145530225987
1:10_os,74,0.4413171045378982,0.48174145530225987
1:10_os,75,0.440624777567965,0.48174145530225987
1:10_os,76,0.1304480901989585,0.48174145530225987
1:10_os,77,0.4017630877856022,0.48174145530225987
1:10_os,78,0.4304608133787144,0.48174145530225987
1:10_os,79,0.43041317016509856,0.48174145530225987
1:10_os,80,0.49675946889910744,0.49675946889910744
1:10_os,81,0.44232924237305365,0.49675946889910744
1:10_os,82,0.36201108933106135,0.49675946889910744
1:10_os,83,0.46387788650428013,0.49675946889910744
1:10_os,84,0.43683003524636715,0.49675946889910744
1:10_os,85,0.44559016438101534,0.49675946889910744
1:10_os,86,0.4366512389040449,0.49675946889910744
1:10_os,87,0.3811862822317337,0.49675946889910744
1:10_os,88,0.3954134757057452,0.49675946889910744
1:10_os,89,0.4014114960272557,0.49675946889910744
1:10_os,90,0.40062131468949264,0.49675946889910744
1:10_os,91,0.41023866484593785,0.49675946889910744
1:10_os,92,0.4552269604589743,0.49675946889910744
1:10_os,93,0.45077492112728146,0.49675946889910744
1:10_os,94,0.37826630309638254,0.49675946889910744
1:10_os,95,0.40353460837432387,0.49675946889910744
1:10_os,96,0.3976814182591832,0.49675946889910744
1:10_os,97,0.39255129341689105,0.49675946889910744
1:10_os,98,0.46876277610987455,0.49675946889910744
1:10_os,99,0.4611382280986794,0.49675946889910744
1:10_os,100,0.4078658764500377,0.49675946889910744
1:10_os,101,0.45888264721161764,0.49675946889910744
1:10_os,102,0.37628750667562355,0.49675946889910744
1:10_os,103,0.249507760369157,0.49675946889910744
1:10_os,104,0.3717038164107509,0.49675946889910744
1:10_os,105,0.42261828296527226,0.49675946889910744
1:10_os,106,0.438602704739222,0.49675946889910744
1:10_os,107,0.4059590018283309,0.49675946889910744
1:10_os,108,0.39753121554565185,0.49675946889910744
1:10_os,109,0.39544940994735195,0.49675946889910744
1:10_os,110,0.40362697094591304,0.49675946889910744
1:10_os,111,0.3644839742750541,0.49675946889910744
1:10_os,112,0.42042988406742565,0.49675946889910744
1:10_os,113,0.3895970345936141,0.49675946889910744
1:10_os,114,0.3858780608332836,0.49675946889910744
1:10_os,115,0.418712951673235,0.49675946889910744
1:10_os,116,0.3898235348381563,0.49675946889910744
1:10_os,117,0.4010735916219532,0.49675946889910744
1:10_os,118,0.3876446739113831,0.49675946889910744
1:10_os,119,0.3946642154459667,0.49675946889910744
1:10_os,120,0.34963203875456506,0.49675946889910744
1:10_os,121,0.4666024533132544,0.49675946889910744
1:10_os,122,0.4205095314962718,0.49675946889910744
1:10_os,123,0.4741974491725289,0.49675946889910744
1:10_os,124,0.4739213420091576,0.49675946889910744
1:10_os,125,0.4647532783810224,0.49675946889910744
1:10_os,126,0.4892223794882229,0.49675946889910744
1:10_os,127,0.4931807924420175,0.49675946889910744
1:10_os,128,0.34612544556647235,0.49675946889910744
1:10_os,129,0.4217416044705235,0.49675946889910744
1:10_os,130,0.3809484117275521,0.49675946889910744
1:10_os,131,0.43549522437107585,0.49675946889910744
1:10_os,132,0.39091242957185146,0.49675946889910744
1:10_os,133,0.4830374530122618,0.49675946889910744
1:10_os,134,0.45220527121609466,0.49675946889910744
1:10_os,135,0.4952277250541943,0.49675946889910744
1:10_os,136,0.47144719829457354,0.49675946889910744
1:10_os,137,0.47632848418538976,0.49675946889910744
1:10_os,138,0.45114976255949524,0.49675946889910744
1:10_os,139,0.41088145493957123,0.49675946889910744
1:10_os,140,0.4814953515799293,0.49675946889910744
1:10_os,141,0.4700749722271177,0.49675946889910744
1:10_os,142,0.40248128035016983,0.49675946889910744
1:10_os,143,0.49714984207155033,0.49714984207155033
1:10_os,144,0.3946830425585187,0.49714984207155033
1:10_os,145,0.4110918997258691,0.49714984207155033
1:10_os,146,0.4936345601835336,0.49714984207155033
1:10_os,147,0.4738538512958028,0.49714984207155033
1:10_os,148,0.39691977439105913,0.49714984207155033
1:10_os,149,0.4730288433255965,0.49714984207155033
1:20,0,0.40312772048779205,0.40312772048779205
1:20,1,0.18466331882070042,0.40312772048779205
1:20,2,0.44089617564121425,0.44089617564121425
1:20,3,0.33413756779558446,0.44089617564121425
1:20,4,0.25543516057632487,0.44089617564121425
1:20,5,0.41028860735955014,0.44089617564121425
1:20,6,0.1532764141786659,0.44089617564121425
1:20,7,0.39248587750338615,0.44089617564121425
1:20,8,0.42176756186703046,0.44089617564121425
1:20,9,0.28111794302026627,0.44089617564121425
1:20,10,0.4278643553820316,0.44089617564121425
1:20,11,0.4452205326468223,0.4452205326468223
1:20,12,0.42237301104993097,0.4452205326468223
1:20,13,0.4488040172936036,0.4488040172936036
1:20,14,0.42572577515614307,0.4488040172936036
1:20,15,0.446435017233529,0.4488040172936036
1:20,16,0.44695862810690024,0.4488040172936036
1:20,17,0.43230779666839764,0.4488040172936036
1:20,18,0.431370207789359,0.4488040172936036
1:20,19,0.11853987271839,0.4488040172936036
1:20,20,0.5045288394934635,0.5045288394934635
1:20,21,0.4843227123901817,0.5045288394934635
1:20,22,0.460686165717852,0.5045288394934635
1:20,23,0.452104989788534,0.5045288394934635
1:20,24,0.39318747246243135,0.5045288394934635
1:20,25,0.392190915368265,0.5045288394934635
1:20,26,0.4327257042484045,0.5045288394934635
1:20,27,0.39144475762226677,0.5045288394934635
1:20,28,0.3990245400193021,0.5045288394934635
1:20,29,0.370887850219863,0.5045288394934635
1:20,30,0.40618490982126954,0.5045288394934635
1:20,31,0.48319044690949986,0.5045288394934635
1:20,32,0.36578793561518175,0.5045288394934635
1:20,33,0.4605739526773506,0.5045288394934635
1:20,34,0.4203134638747976,0.5045288394934635
1:20,35,0.4290036670728071,0.5045288394934635
1:20,36,0.39644547516776174,0.5045288394934635
1:20,37,0.42737845317574247,0.5045288394934635
1:20,38,0.41646721797234254,0.5045288394934635
1:20,39,0.4578029820120989,0.5045288394934635
1:20,40,0.38392847298304233,0.5045288394934635
1:20,41,0.49840968599256946,0.5045288394934635
1:20,42,0.4647586493953273,0.5045288394934635
1:20,43,0.4834481033383234,0.5045288394934635
1:20,44,0.49817980044639104,0.5045288394934635
1:20,45,0.4137659715305625,0.5045288394934635
1:20,46,0.4762286564546967,0.5045288394934635
1:20,47,0.4787630109561626,0.5045288394934635
1:20,48,0.3887969402737107,0.5045288394934635
1:20,49,0.4034684180935563,0.5045288394934635
1:20,50,0.4191640906581228,0.5045288394934635
1:20,51,0.48068137668313105,0.5045288394934635
1:20,52,0.44300507882241164,0.5045288394934635
1:20,53,0.4704783524843998,0.5045288394934635
1:20,54,0.45051596400129457,0.5045288394934635
1:20,55,0.44936590244007435,0.5045288394934635
1:20,56,0.23053095664131537,0.5045288394934635
1:20,57,0.45850971085407816,0.5045288394934635
1:20,58,0.3253722750200429,0.5045288394934635
1:20,59,0.3990350321252735,0.5045288394934635
1:20,60,0.49915010582800046,0.5045288394934635
1:20,61,0.4891660105460123,0.5045288394934635
1:20,62,0.48213128222185087,0.5045288394934635
1:20,63,0.4721177481208454,0.5045288394934635
1:20,64,0.16202553575271986,0.5045288394934635
1:20,65,0.2635466630719785,0.5045288394934635
1:20,66,0.4766516921219134,0.5045288394934635
1:20,67,0.46886759112112647,0.5045288394934635
1:20,68,0.39345913673083255,0.5045288394934635
1:20,69,0.49264118188417955,0.5045288394934635
1:20,70,0.4725325714352364,0.5045288394934635
1:20,71,0.4707047738583967,0.5045288394934635
1:20,72,0.45906700782563037,0.5045288394934635
1:20,73,0.35004268855583,0.5045288394934635
1:20,74,0.46455683573663925,0.5045288394934635
1:20,75,0.47244040271414295,0.5045288394934635
1:20,76,0.42611408277867113,0.5045288394934635
1:20,77,0.4246988571515887,0.5045288394934635
1:20,78,0.47112496551496097,0.5045288394934635
1:20,79,0.07726986821908473,0.5045288394934635
1:20,80,0.4540822543761416,0.5045288394934635
1:20,81,0.44680485764955674,0.5045288394934635
1:20,82,0.3930719749084941,0.5045288394934635
1:20,83,0.47778730982462786,0.5045288394934635
1:20,84,0.48349216511427306,0.5045288394934635
1:20,85,0.47425554196384134,0.5045288394934635
1:20,86,0.3732164796858383,0.5045288394934635
1:20,87,0.4638291429700494,0.5045288394934635
1:20,88,0.40683998276865524,0.5045288394934635
1:20,89,0.4052325980572664,0.5045288394934635
1:20,90,0.49552277835416514,0.5045288394934635
1:20,91,0.46303304116439936,0.5045288394934635
1:20,92,0.42043990587583185,0.5045288394934635
1:20,93,0.47179791449187936,0.5045288394934635
1:20,94,0.37699204994167707,0.5045288394934635
1:20,95,0.37764680064624867,0.5045288394934635
1:20,96,0.4471988313900055,0.5045288394934635
1:20,97,0.4729573465721399,0.5045288394934635
1:20,98,0.4692459603969494,0.5045288394934635
1:20,99,0.4166189179132658,0.5045288394934635
1:20,100,0.4818827776977998,0.5045288394934635
1:20,101,0.4730078199213757,0.5045288394934635
1:20,102,0.47374634130722904,0.5045288394934635
1:20,103,0.38376882588131217,0.5045288394934635
1:20,104,0.480880920547329,0.5045288394934635
1:20,105,0.45456240591409547,0.5045288394934635
1:20,106,0.4478582962388773,0.5045288394934635
1:20,107,0.3799957514647072,0.5045288394934635
1:20,108,0.47525188502784366,0.5045288394934635
1:20,109,0.4932340093965855,0.5045288394934635
1:20,110,0.31123074789742383,0.5045288394934635
1:20,111,0.487672804456771,0.5045288394934635
1:20,112,0.47505970284543864,0.5045288394934635
1:20,113,0.4753888781102381,0.5045288394934635
1:20,114,0.4860961410878655,0.5045288394934635
1:20,115,0.4832543381873872,0.5045288394934635
1:20,116,0.46460776422479383,0.5045288394934635
1:20,117,0.4477777068077091,0.5045288394934635
1:20,118,0.43486235378226673,0.5045288394934635
1:20,119,0.470456046538679,0.5045288394934635
1:20,120,0.48234548253798165,0.5045288394934635
1:20,121,0.45563950119444585,0.5045288394934635
1:20,122,0.46997402562232843,0.5045288394934635
1:20,123,0.4594893960219782,0.5045288394934635
1:20,124,0.44915530243913043,0.5045288394934635
1:20,125,0.4832291346720155,0.5045288394934635
1:20,126,0.4812476759563667,0.5045288394934635
1:20,127,0.4861388893883001,0.5045288394934635
1:20,128,0.41282531891534535,0.5045288394934635
1:20,129,0.42373401525088406,0.5045288394934635
1:20,130,0.3666631243005754,0.5045288394934635
1:20,131,0.39916512306669044,0.5045288394934635
1:20,132,0.45096014488791153,0.5045288394934635
1:20,133,0.34644599595397735,0.5045288394934635
1:20,134,0.4995922071561272,0.5045288394934635
1:20,135,0.4543476679307031,0.5045288394934635
1:20,136,0.4767683269070323,0.5045288394934635
1:20,137,0.421077452155168,0.5045288394934635
1:20,138,0.4591127061841856,0.5045288394934635
1:20,139,0.45716978228645766,0.5045288394934635
1:20,140,0.4962831722921674,0.5045288394934635
1:20,141,0.46231350563582474,0.5045288394934635
1:20,142,0.5004283475275796,0.5045288394934635
1:20,143,0.3320518961805399,0.5045288394934635
1:20,144,0.46748324171968436,0.5045288394934635
1:20,145,0.4875625081027395,0.5045288394934635
1:20,146,0.4842664788023073,0.5045288394934635
1:20,147,0.4995176018362524,0.5045288394934635
1:20,148,0.4181373875476757,0.5045288394934635
1:20,149,0.43564956989572134,0.5045288394934635
