version,explainer,scenario,stab_mean,stab_sd,n_seeds,cross_seed
matriz_8,GNNExplainer,1:10,0.9641952392060177,0.0024147368203063266,3,0.9625603237746558
matriz_8,GNNExplainer,1:10_os,0.9648869683989981,0.0018156783344519532,3,0.9623716834155056
matriz_8,GNNExplainer,1:20,0.9636390515873842,0.002123204883191267,3,0.9636756315164682
matriz_8,GNNExplainer,native,0.963613046537437,0.002334333693171196,3,0.960762222990745
matriz_8,PGExplainer,1:10,0.031249999999999972,0.027083333333333296,3,0.40486111111111106
matriz_8,PGExplainer,1:10_os,0.0142361111111111,0.024569499403242323,3,0.5826453400237767
matriz_8,PGExplainer,1:20,0.02812500000000004,0.06273393718713975,3,0.6666666666666666
matriz_8,PGExplainer,native,-0.0006944444444444328,0.12829567448901996,3,0.5046616756396541
matriz_8,ShapleyFeatures,1:10,0.9937006257338568,0.0010649404300400202,3,0.9613459423921116
matriz_8,ShapleyFeatures,1:10_os,0.9930126285501536,0.0010300902495596082,3,0.9624399616907194
matriz_8,ShapleyFeatures,1:20,0.9936527862715611,0.0009894137231154212,3,0.9623369079725906
matriz_8,ShapleyFeatures,native,0.9933405162784777,0.0011562629537150199,3,0.9617254254835252
top_150,GNNExplainer,1:10,0.9155745689686624,0.024435615060841787,3,0.915833624578842
top_150,GNNExplainer,1:10_os,0.9377988344357114,0.03311761321298966,3,0.9198916688968453
top_150,GNNExplainer,1:20,0.9379120369854971,0.03390961736145438,3,0.9202685649787586
top_150,GNNExplainer,native,0.9583415924199157,0.0015303382333299238,3,0.9626278570019103
top_150,PGExplainer,1:10,-0.030632250738168765,0.1472220579287874,3,0.3280436917397203
top_150,PGExplainer,1:10_os,0.33228307139711655,0.1937204773566197,3,0.4460729760848594
top_150,PGExplainer,1:20,0.11375019183584782,0.07518498358927703,3,0.21825396825396823
top_150,PGExplainer,native,0.10851335792997104,0.538553839210471,3,0.4234517950385783
top_150,ShapleyFeatures,1:10,0.9903662582846776,0.008403097892271777,3,0.9312897830369393
top_150,ShapleyFeatures,1:10_os,0.983503827151048,0.010292446699568256,3,0.9360121715844917
top_150,ShapleyFeatures,1:20,0.9874358580497731,0.006032144921622743,3,0.9395731821197288
top_150,ShapleyFeatures,native,0.9849449406632815,0.001802494025297797,3,0.959283683782813
matriz_8_prauc,GNNExplainer,1:10,0.9535399656409836,0.007668636834560672,3,0.9564998201278146
matriz_8_prauc,GNNExplainer,1:10_os,0.9261235241333122,0.00979737805160287,3,0.9547968213560024
matriz_8_prauc,GNNExplainer,1:20,0.9427591047817203,0.02511093076128378,3,0.929405129047519
matriz_8_prauc,GNNExplainer,native,0.936244525081977,0.020603190708459528,3,0.9295617116882676
matriz_8_prauc,PGExplainer,1:10,0.07916666666666662,0.10576379769456924,3,0.674800564528543
matriz_8_prauc,PGExplainer,1:10_os,0.46966212952814357,0.2758594395182728,3,0.8055555555555557
matriz_8_prauc,PGExplainer,1:20,-0.0009170194970061357,0.06380638786796107,3,0.4777777777777778
matriz_8_prauc,PGExplainer,native,0.17407630068130397,0.15868828140369093,3,0.7079365079365078
matriz_8_prauc,ShapleyFeatures,1:10,0.9963426844219697,0.0008117401042326592,3,0.9633446186050337
matriz_8_prauc,ShapleyFeatures,1:10_os,0.9976645223001541,0.0003826211865781255,3,0.9691625652697685
matriz_8_prauc,ShapleyFeatures,1:20,0.9961333274439258,0.0011748067227115404,3,0.9560987131379379
matriz_8_prauc,ShapleyFeatures,native,0.9966698321396888,0.0004989817424673989,3,0.9589197589842687
top_150_prauc,GNNExplainer,1:10,0.952432660503146,0.004866239359973186,3,0.9599576062694611
top_150_prauc,GNNExplainer,1:10_os,0.9517453044635652,0.006975953763208232,3,0.9510303759477581
top_150_prauc,GNNExplainer,1:20,0.9564605740905502,0.0016309135670232264,3,0.9645381796048319
top_150_prauc,GNNExplainer,native,0.9570459922320946,0.003476100556067843,3,0.9648486826166861
top_150_prauc,PGExplainer,1:10,0.18536191782993994,0.16432007997235382,3,0.5826495545740524
top_150_prauc,PGExplainer,1:10_os,0.19143073197072524,0.11071089510061208,3,0.518123521556161
top_150_prauc,PGExplainer,1:20,0.22228544073346615,0.10389871226585211,3,0.5118880045673578
top_150_prauc,PGExplainer,native,0.16392049814451085,0.15467541593679923,3,0.7456490030274399
top_150_prauc,ShapleyFeatures,1:10,0.9925323794767832,0.0016757767745965205,3,0.9645828084678326
top_150_prauc,ShapleyFeatures,1:10_os,0.9896852389953703,0.006425760320247974,3,0.9587781597565277
top_150_prauc,ShapleyFeatures,1:20,0.991219177507129,0.00018618411687188494,3,0.9629417394681127
top_150_prauc,ShapleyFeatures,native,0.99272203533496,0.00037227872533514115,3,0.9630904211622098
