run_id,val_roc_auc,val_pr_auc_cpu,val_f1_argmax_cpu,val_n,test_roc_auc,test_pr_auc_cpu,test_f1_argmax_cpu,test_n
1:10_GraphSAGE_class_weighting,0.7614105016458514,0.13445247714666062,0.24781849912739964,37820,0.6071781773784667,0.0065008688920196525,0.0034662045060658577,29684
1:10_GraphSAGE_class_weighting_s43,0.8109947046260171,0.13650997818265265,0.19561981713799703,37820,0.6431674998270862,0.0071595521769578984,0.005891016200294551,29684
1:10_GraphSAGE_class_weighting_s44,0.9192994568613074,0.4934983228309794,0.4576659038901602,37820,0.698268757135826,0.009948172471322908,0.011976047904191617,29684
1:10_os_GraphSAGE_class_weighting,0.9214829418781241,0.4771664454434004,0.49453125,37820,0.6729347328156278,0.009642110518267844,0.015584415584415584,29684
1:10_os_GraphSAGE_class_weighting_s43,0.8039731846985795,0.16119802186639032,0.23072360616844603,37820,0.648690716885507,0.007263373766359179,0.004429678848283499,29684
1:10_os_GraphSAGE_class_weighting_s44,0.9115001314475558,0.4893591859779137,0.46790599789547527,37820,0.6891310907000452,0.01015746042734452,0.010273972602739725,29684
1:20_GraphSAGE_class_weighting,0.9300441680389506,0.4836435476249116,0.5105008077544426,37820,0.7307715362863332,0.015868180767629688,0.014962593516209476,29684
1:20_GraphSAGE_class_weighting_s43,0.7617711375318523,0.08038667379159883,0.1754631247815449,37820,0.6601941445879991,0.007831547696600303,0.011034482758620689,29684
1:20_GraphSAGE_class_weighting_s44,0.9262717803026933,0.5160152988993968,0.47776993648553284,37820,0.6717921987315646,0.008324572496678938,0.006956521739130435,29684
native_GraphSAGE_class_weighting,0.9235874368153477,0.47593046572329917,0.5186136071887034,37820,0.6812945378290248,0.01000466815961119,0.011204481792717087,29684
native_GraphSAGE_class_weighting_s43,0.9234659204572122,0.49557688746884215,0.47268673355629875,37820,0.736938293335953,0.012891711960414897,0.011472275334608031,29684
native_GraphSAGE_class_weighting_s44,0.9251113568909647,0.4914981146610529,0.4857351865398683,37820,0.6190163060203067,0.007173253942255559,0.01195219123505976,29684
