graph_seed,generator,architecture,scenario,train_ratio,balancing,model_seed,explainer,receptive_hops,aligned,val_pr_auc,test_pr_auc,n_tp,status,spearman_mean,plaus_edge_mean,plaus_edge_rand,plaus_edge_gain,plaus_feat_mean,plaus_feat_rand,plaus_feat_gain,fid_plus_mean,fid_plus_rand,fid_plus_gain,fid_minus_mean,fid_minus_rand,fid_minus_gain,subgraph_n_nodes,subgraph_n_edges,pg_degenerate,pg_train_illicit_frac,seconds
42,v4,GCN,1:1,1:1.0,none,42,GNNExplainer,2,True,0.4381,0.3445,30,ok,0.9301,0.4566,0.402,0.0546,0.4667,0.15,0.3167,0.1701,0.029,0.1411,0.0474,0.2074,-0.16,39,81,,,45.1
42,v4,GCN,1:1,1:1.0,none,42,PGExplainer,2,True,0.4381,0.3445,30,ok,nan,0.2017,0.4052,-0.2035,nan,nan,nan,0.0089,0.0318,-0.0229,0.2925,0.2084,0.0841,39,81,yes,0.5,10.4
42,v4,GCN,1:1,1:1.0,none,42,ShapleyFeatures,2,True,0.4381,0.3445,30,ok,0.976,nan,nan,nan,0.0333,0.15,-0.1167,0.387,0.1131,0.2739,0.139,0.4882,-0.3492,39,81,,,160.7
42,v4,GCN,1:1,1:1.0,none,43,GNNExplainer,2,True,0.4519,0.3593,30,ok,0.889,0.402,0.3754,0.0266,0.4667,0.15,0.3167,0.109,0.0397,0.0693,0.0223,0.0966,-0.0743,33,70,,,42.8
42,v4,GCN,1:1,1:1.0,none,43,PGExplainer,2,True,0.4519,0.3593,30,ok,nan,0.2578,0.3864,-0.1286,nan,nan,nan,0.0247,0.0265,-0.0018,0.2595,0.0878,0.1717,33,70,yes,0.5,11.0
42,v4,GCN,1:1,1:1.0,none,43,ShapleyFeatures,2,True,0.4519,0.3593,30,ok,0.9698,nan,nan,nan,0.1,0.15,-0.05,0.2845,0.0801,0.2044,0.1752,0.4766,-0.3014,33,70,,,140.1
42,v4,GCN,1:1,1:1.0,none,44,GNNExplainer,2,True,0.469,0.3648,30,ok,0.9184,0.4903,0.4634,0.0269,0.5,0.15,0.35,0.1804,0.035,0.1454,0.0861,0.2425,-0.1564,38,76,,,37.9
42,v4,GCN,1:1,1:1.0,none,44,PGExplainer,2,True,0.469,0.3648,30,ok,nan,0.2814,0.465,-0.1836,nan,nan,nan,0.0003,0.0446,-0.0443,0.2622,0.2015,0.0607,38,76,yes,0.5,9.5
42,v4,GCN,1:1,1:1.0,none,44,ShapleyFeatures,2,True,0.469,0.3648,30,ok,0.9694,nan,nan,nan,0.0,0.15,-0.15,0.5998,0.1107,0.4891,0.1065,0.4746,-0.3681,38,76,,,134.0
42,v4,GCN,1:1,1:1.0,class_weighting,42,GNNExplainer,2,True,0.4381,0.3445,30,ok,0.9301,0.4566,0.402,0.0546,0.4667,0.15,0.3167,0.1701,0.029,0.1411,0.0474,0.2074,-0.16,39,81,,,36.7
42,v4,GCN,1:1,1:1.0,class_weighting,42,PGExplainer,2,True,0.4381,0.3445,30,ok,nan,0.2017,0.4052,-0.2035,nan,nan,nan,0.0089,0.0318,-0.0229,0.2925,0.2084,0.0841,39,81,yes,0.5,8.2
42,v4,GCN,1:1,1:1.0,class_weighting,42,ShapleyFeatures,2,True,0.4381,0.3445,30,ok,0.976,nan,nan,nan,0.0333,0.15,-0.1167,0.387,0.1131,0.2739,0.139,0.4882,-0.3492,39,81,,,129.3
42,v4,GCN,1:1,1:1.0,class_weighting,43,GNNExplainer,2,True,0.4519,0.3593,30,ok,0.889,0.402,0.3754,0.0266,0.4667,0.15,0.3167,0.109,0.0397,0.0693,0.0223,0.0966,-0.0743,33,70,,,44.2
42,v4,GCN,1:1,1:1.0,class_weighting,43,PGExplainer,2,True,0.4519,0.3593,30,ok,nan,0.2578,0.3864,-0.1286,nan,nan,nan,0.0247,0.0265,-0.0018,0.2595,0.0878,0.1717,33,70,yes,0.5,7.7
42,v4,GCN,1:1,1:1.0,class_weighting,43,ShapleyFeatures,2,True,0.4519,0.3593,30,ok,0.9698,nan,nan,nan,0.1,0.15,-0.05,0.2845,0.0801,0.2044,0.1752,0.4766,-0.3014,33,70,,,132.0
42,v4,GCN,1:1,1:1.0,class_weighting,44,GNNExplainer,2,True,0.469,0.3648,30,ok,0.9184,0.4903,0.4634,0.0269,0.5,0.15,0.35,0.1804,0.035,0.1454,0.0861,0.2425,-0.1564,38,76,,,39.1
42,v4,GCN,1:1,1:1.0,class_weighting,44,PGExplainer,2,True,0.469,0.3648,30,ok,nan,0.2814,0.465,-0.1836,nan,nan,nan,0.0003,0.0446,-0.0443,0.2622,0.2015,0.0607,38,76,yes,0.5,7.8
42,v4,GCN,1:1,1:1.0,class_weighting,44,ShapleyFeatures,2,True,0.469,0.3648,30,ok,0.9694,nan,nan,nan,0.0,0.15,-0.15,0.5998,0.1107,0.4891,0.1065,0.4746,-0.3681,38,76,,,141.2
42,v4,GCN,1:1,1:1.0,focal_loss,42,GNNExplainer,2,True,0.3661,0.2904,30,ok,0.8097,0.4991,0.5061,-0.007,0.3333,0.15,0.1833,0.1068,0.013,0.0938,-0.1124,0.0194,-0.1318,35,72,,,35.8
42,v4,GCN,1:1,1:1.0,focal_loss,42,PGExplainer,2,True,0.3661,0.2904,30,ok,nan,0.3081,0.5064,-0.1983,nan,nan,nan,-0.0039,0.0114,-0.0153,-0.0058,0.015,-0.0208,35,72,yes,0.5,9.9
42,v4,GCN,1:1,1:1.0,focal_loss,42,ShapleyFeatures,2,True,0.3661,0.2904,30,ok,0.9878,nan,nan,nan,0.1333,0.15,-0.0167,0.195,0.0464,0.1486,0.0266,0.1753,-0.1487,35,72,,,141.3
42,v4,GCN,1:1,1:1.0,focal_loss,43,GNNExplainer,2,True,0.3811,0.3139,30,ok,0.823,0.4467,0.4284,0.0183,0.4,0.15,0.25,0.0966,0.0069,0.0897,-0.1098,0.0124,-0.1222,35,75,,,35.1
42,v4,GCN,1:1,1:1.0,focal_loss,43,PGExplainer,2,True,0.3811,0.3139,30,ok,nan,0.2441,0.4319,-0.1878,nan,nan,nan,-0.0411,0.0066,-0.0477,0.0904,0.0112,0.0792,35,75,yes,0.5,6.0
42,v4,GCN,1:1,1:1.0,focal_loss,43,ShapleyFeatures,2,True,0.3811,0.3139,30,ok,0.9813,nan,nan,nan,0.1333,0.15,-0.0167,0.2113,0.0503,0.161,0.0889,0.2187,-0.1298,35,75,,,132.3
42,v4,GCN,1:1,1:1.0,focal_loss,44,GNNExplainer,2,True,0.3871,0.3131,30,ok,0.7926,0.5362,0.5431,-0.0069,0.4667,0.15,0.3167,0.1011,0.0071,0.094,-0.0895,0.0105,-0.1,30,64,,,37.8
42,v4,GCN,1:1,1:1.0,focal_loss,44,PGExplainer,2,True,0.3871,0.3131,30,ok,nan,0.399,0.5469,-0.1479,nan,nan,nan,-0.0198,0.002,-0.0218,0.0513,0.008,0.0433,30,64,yes,0.5,7.9
42,v4,GCN,1:1,1:1.0,focal_loss,44,ShapleyFeatures,2,True,0.3871,0.3131,30,ok,0.9837,nan,nan,nan,0.2667,0.15,0.1167,0.1501,0.0528,0.0973,0.117,0.2055,-0.0885,30,64,,,153.0
42,v4,GCN,natural,1:6.1,none,42,GNNExplainer,2,True,0.4268,0.3396,30,ok,0.9005,0.5056,0.4975,0.0081,0.4333,0.15,0.2833,0.4401,0.0694,0.3707,0.0768,0.2534,-0.1766,33,71,,,37.0
42,v4,GCN,natural,1:6.1,none,42,PGExplainer,2,True,0.4268,0.3396,30,ok,nan,0.5358,0.4936,0.0422,nan,nan,nan,0.051,0.0852,-0.0342,0.2327,0.2605,-0.0278,33,71,yes,0.5,7.5
42,v4,GCN,natural,1:6.1,none,42,ShapleyFeatures,2,True,0.4268,0.3396,30,ok,0.9841,nan,nan,nan,0.1333,0.15,-0.0167,0.4258,0.1412,0.2846,0.1871,0.4383,-0.2512,33,71,,,148.6
42,v4,GCN,natural,1:6.1,none,43,GNNExplainer,2,True,0.3756,0.2942,30,ok,0.8584,0.4931,0.5165,-0.0234,0.2333,0.15,0.0833,-0.0233,-0.0118,-0.0115,-0.1783,-0.0272,-0.1511,33,73,,,27.8
42,v4,GCN,natural,1:6.1,none,43,PGExplainer,2,True,0.3756,0.2942,30,ok,nan,0.6677,0.5197,0.148,nan,nan,nan,-0.0655,-0.0095,-0.056,0.056,-0.0441,0.1001,33,73,yes,0.5,6.6
42,v4,GCN,natural,1:6.1,none,43,ShapleyFeatures,2,True,0.3756,0.2942,30,ok,0.9822,nan,nan,nan,0.1,0.15,-0.05,-0.0511,-0.0367,-0.0144,-0.013,-0.0583,0.0453,33,73,,,136.5
42,v4,GCN,natural,1:6.1,none,44,GNNExplainer,2,True,0.3609,0.2859,30,ok,0.8982,0.4565,0.4698,-0.0133,0.2333,0.15,0.0833,0.0628,0.0031,0.0597,-0.1277,0.0398,-0.1675,34,74,,,35.6
42,v4,GCN,natural,1:6.1,none,44,PGExplainer,2,True,0.3609,0.2859,30,ok,nan,0.5494,0.4687,0.0807,nan,nan,nan,-0.0362,0.036,-0.0722,0.0926,0.0422,0.0504,34,74,yes,0.5,8.7
42,v4,GCN,natural,1:6.1,none,44,ShapleyFeatures,2,True,0.3609,0.2859,30,ok,0.9869,nan,nan,nan,0.2,0.15,0.05,0.0499,0.013,0.0369,0.0265,0.0428,-0.0163,34,74,,,118.7
42,v4,GCN,natural,1:6.1,class_weighting,42,GNNExplainer,2,True,0.5448,0.4263,30,ok,0.9287,0.4372,0.4093,0.0279,0.5,0.15,0.35,0.2521,0.0562,0.1959,0.0957,0.2575,-0.1618,35,76,,,42.9
42,v4,GCN,natural,1:6.1,class_weighting,42,PGExplainer,2,True,0.5448,0.4263,30,ok,nan,0.4622,0.4196,0.0426,nan,nan,nan,0.1322,0.0504,0.0818,0.2585,0.2814,-0.0229,35,76,yes,0.5,6.1
42,v4,GCN,natural,1:6.1,class_weighting,42,ShapleyFeatures,2,True,0.5448,0.4263,30,ok,0.9736,nan,nan,nan,0.1333,0.15,-0.0167,0.6291,0.1273,0.5018,0.0944,0.4855,-0.3911,35,76,,,126.2
42,v4,GCN,natural,1:6.1,class_weighting,43,GNNExplainer,2,True,0.5464,0.454,30,ok,0.9248,0.5115,0.4818,0.0297,0.5667,0.15,0.4167,0.188,0.0516,0.1364,0.1065,0.2228,-0.1163,39,78,,,40.0
42,v4,GCN,natural,1:6.1,class_weighting,43,PGExplainer,2,True,0.5464,0.454,30,ok,nan,0.2772,0.4734,-0.1962,nan,nan,nan,0.0058,0.0571,-0.0513,0.3233,0.2153,0.108,39,78,yes,0.5,10.6
42,v4,GCN,natural,1:6.1,class_weighting,43,ShapleyFeatures,2,True,0.5464,0.454,30,ok,0.9627,nan,nan,nan,0.1333,0.15,-0.0167,0.5553,0.1327,0.4226,0.1061,0.4336,-0.3275,39,78,,,179.9
42,v4,GCN,natural,1:6.1,class_weighting,44,GNNExplainer,2,True,0.5568,0.4366,30,ok,0.9125,0.5233,0.4678,0.0555,0.5667,0.15,0.4167,0.1951,0.0646,0.1305,0.1797,0.3136,-0.1339,39,84,,,31.9
42,v4,GCN,natural,1:6.1,class_weighting,44,PGExplainer,2,True,0.5568,0.4366,30,ok,nan,0.2843,0.4665,-0.1822,nan,nan,nan,0.0982,0.0719,0.0263,0.3849,0.3366,0.0483,39,84,yes,0.5,6.9
42,v4,GCN,natural,1:6.1,class_weighting,44,ShapleyFeatures,2,True,0.5568,0.4366,30,ok,0.9684,nan,nan,nan,0.1,0.15,-0.05,0.5196,0.1204,0.3992,0.1126,0.5187,-0.4061,39,84,,,116.9
42,v4,GCN,natural,1:6.1,focal_loss,42,GNNExplainer,2,True,0.3743,0.3072,30,ok,0.7986,0.4644,0.481,-0.0166,0.2333,0.15,0.0833,0.0979,0.0157,0.0822,-0.049,0.0258,-0.0748,38,76,,,41.7
42,v4,GCN,natural,1:6.1,focal_loss,42,PGExplainer,2,True,0.3743,0.3072,30,ok,nan,0.7289,0.4893,0.2396,nan,nan,nan,0.077,0.0079,0.0691,-0.146,0.0393,-0.1853,38,76,yes,0.5,9.9
42,v4,GCN,natural,1:6.1,focal_loss,42,ShapleyFeatures,2,True,0.3743,0.3072,30,ok,0.9884,nan,nan,nan,0.4,0.15,0.25,0.1684,0.0391,0.1293,0.0778,0.1785,-0.1007,38,76,,,137.5
42,v4,GCN,natural,1:6.1,focal_loss,43,GNNExplainer,2,True,0.3716,0.3038,30,ok,0.7973,0.4679,0.4635,0.0044,0.4,0.15,0.25,0.1012,0.0183,0.0829,-0.044,0.0477,-0.0917,34,74,,,20.9
42,v4,GCN,natural,1:6.1,focal_loss,43,PGExplainer,2,True,0.3716,0.3038,30,ok,nan,0.6151,0.4736,0.1415,nan,nan,nan,-0.0266,0.0156,-0.0422,0.0885,0.0549,0.0336,34,74,yes,0.5,5.3
42,v4,GCN,natural,1:6.1,focal_loss,43,ShapleyFeatures,2,True,0.3716,0.3038,30,ok,0.9832,nan,nan,nan,0.1,0.15,-0.05,0.1824,0.0521,0.1303,0.0425,0.1827,-0.1402,34,74,,,74.3
42,v4,GCN,natural,1:6.1,focal_loss,44,GNNExplainer,2,True,0.3757,0.3087,30,ok,0.8039,0.4656,0.4636,0.002,0.2333,0.15,0.0833,0.0686,0.0161,0.0525,-0.0701,0.025,-0.0951,36,79,,,21.9
42,v4,GCN,natural,1:6.1,focal_loss,44,PGExplainer,2,True,0.3757,0.3087,30,ok,nan,0.6596,0.4627,0.1969,nan,nan,nan,0.0126,0.0106,0.002,0.0305,0.0107,0.0198,36,79,yes,0.5,5.3
42,v4,GCN,natural,1:6.1,focal_loss,44,ShapleyFeatures,2,True,0.3757,0.3087,30,ok,0.9809,nan,nan,nan,0.1667,0.15,0.0167,0.1569,0.0363,0.1206,0.0284,0.141,-0.1126,36,79,,,69.5
42,v4,GCN,1:50,1:50.2,none,42,GNNExplainer,2,True,0.249,0.2324,30,ok,0.7211,0.4621,0.4665,-0.0044,0.1333,0.15,-0.0167,-0.0323,-0.0097,-0.0226,-0.0497,-0.0217,-0.028,36,75,,,44.2
42,v4,GCN,1:50,1:50.2,none,42,PGExplainer,2,True,0.249,0.2324,30,ok,nan,0.3847,0.4732,-0.0885,nan,nan,nan,-0.0056,-0.0122,0.0066,-0.0131,-0.0261,0.013,36,75,yes,0.5,7.1
42,v4,GCN,1:50,1:50.2,none,42,ShapleyFeatures,2,True,0.249,0.2324,30,ok,0.9973,nan,nan,nan,0.1,0.15,-0.05,-0.0374,-0.0063,-0.0311,0.0054,-0.0297,0.0351,36,75,,,69.3
42,v4,GCN,1:50,1:50.2,none,43,GNNExplainer,2,True,0.2492,0.2327,30,ok,0.723,0.4509,0.4501,0.0008,0.0667,0.15,-0.0833,-0.044,-0.0093,-0.0347,-0.0429,-0.029,-0.0139,34,75,,,18.9
42,v4,GCN,1:50,1:50.2,none,43,PGExplainer,2,True,0.2492,0.2327,30,pg_failed,nan,nan,nan,nan,nan,nan,nan,nan,nan,nan,nan,nan,nan,34,75,yes,0.5,0.2
42,v4,GCN,1:50,1:50.2,none,43,ShapleyFeatures,2,True,0.2492,0.2327,30,ok,0.9975,nan,nan,nan,0.1,0.15,-0.05,-0.0271,-0.0086,-0.0185,-0.0062,-0.027,0.0208,34,75,,,70.6
42,v4,GCN,1:50,1:50.2,none,44,GNNExplainer,2,True,0.2499,0.2339,30,ok,0.7303,0.5257,0.5117,0.014,0.2,0.15,0.05,-0.0516,-0.0129,-0.0387,-0.0528,-0.037,-0.0158,31,65,,,44.1
42,v4,GCN,1:50,1:50.2,none,44,PGExplainer,2,True,0.2499,0.2339,30,ok,nan,0.5738,0.5135,0.0603,nan,nan,nan,-0.0087,-0.0145,0.0058,-0.0246,-0.0348,0.0102,31,65,yes,0.5,8.9
42,v4,GCN,1:50,1:50.2,none,44,ShapleyFeatures,2,True,0.2499,0.2339,30,ok,0.9946,nan,nan,nan,0.0667,0.15,-0.0833,-0.0307,-0.0098,-0.0209,-0.0061,-0.0291,0.023,31,65,,,182.8
42,v4,GCN,1:50,1:50.2,class_weighting,42,GNNExplainer,2,True,0.2209,0.2149,30,ok,0.9362,0.3906,0.3726,0.018,0.4667,0.15,0.3167,0.5767,0.1062,0.4705,-0.2464,0.332,-0.5784,37,76,,,19.0
42,v4,GCN,1:50,1:50.2,class_weighting,42,PGExplainer,2,True,0.2209,0.2149,30,ok,nan,0.3577,0.36,-0.0023,nan,nan,nan,0.031,0.1241,-0.0931,0.134,0.3458,-0.2118,37,76,yes,0.5,5.3
42,v4,GCN,1:50,1:50.2,class_weighting,42,ShapleyFeatures,2,True,0.2209,0.2149,30,ok,0.9889,nan,nan,nan,0.2,0.15,0.05,0.2716,0.1397,0.1319,0.2813,0.382,-0.1007,37,76,,,72.6
42,v4,GCN,1:50,1:50.2,class_weighting,43,GNNExplainer,2,True,0.2716,0.2607,30,ok,0.9016,0.3945,0.4029,-0.0084,0.3333,0.15,0.1833,0.7289,0.1293,0.5996,-0.0469,0.4288,-0.4757,37,76,,,18.9
42,v4,GCN,1:50,1:50.2,class_weighting,43,PGExplainer,2,True,0.2716,0.2607,30,pg_failed,nan,nan,nan,nan,nan,nan,nan,nan,nan,nan,nan,nan,nan,37,76,yes,0.5,0.2
42,v4,GCN,1:50,1:50.2,class_weighting,43,ShapleyFeatures,2,True,0.2716,0.2607,30,ok,0.9782,nan,nan,nan,0.1,0.15,-0.05,0.5562,0.2332,0.323,0.3148,0.575,-0.2602,37,76,,,94.9
42,v4,GCN,1:50,1:50.2,class_weighting,44,GNNExplainer,2,True,0.2502,0.2275,30,ok,0.9231,0.3957,0.3993,-0.0036,0.3333,0.15,0.1833,0.4601,0.1275,0.3326,-0.1194,0.336,-0.4554,33,74,,,45.6
42,v4,GCN,1:50,1:50.2,class_weighting,44,PGExplainer,2,True,0.2502,0.2275,30,ok,nan,0.4936,0.4028,0.0908,nan,nan,nan,0.2002,0.1624,0.0378,0.1033,0.3485,-0.2452,33,74,yes,0.5,7.2
42,v4,GCN,1:50,1:50.2,class_weighting,44,ShapleyFeatures,2,True,0.2502,0.2275,30,ok,0.9806,nan,nan,nan,0.2,0.15,0.05,0.3645,0.2016,0.1629,0.276,0.4201,-0.1441,33,74,,,111.0
42,v4,GCN,1:50,1:50.2,focal_loss,42,GNNExplainer,2,True,0.246,0.2217,30,ok,0.8359,0.5045,0.4381,0.0664,0.1333,0.15,-0.0167,0.0119,-0.0156,0.0275,-0.0762,-0.0423,-0.0339,36,79,,,39.1
42,v4,GCN,1:50,1:50.2,focal_loss,42,PGExplainer,2,True,0.246,0.2217,30,ok,nan,0.5549,0.4359,0.119,nan,nan,nan,-0.0397,-0.0112,-0.0285,-0.0098,-0.0542,0.0444,36,79,yes,0.5,7.5
42,v4,GCN,1:50,1:50.2,focal_loss,42,ShapleyFeatures,2,True,0.246,0.2217,30,ok,0.9985,nan,nan,nan,0.1667,0.15,0.0167,-0.0843,-0.0348,-0.0495,-0.0388,-0.0951,0.0563,36,79,,,110.0
42,v4,GCN,1:50,1:50.2,focal_loss,43,GNNExplainer,2,True,0.2438,0.2245,30,ok,0.8698,0.4877,0.4319,0.0558,0.1333,0.15,-0.0167,-0.0614,-0.0218,-0.0396,-0.1112,-0.0948,-0.0164,35,77,,,40.5
42,v4,GCN,1:50,1:50.2,focal_loss,43,PGExplainer,2,True,0.2438,0.2245,30,pg_failed,nan,nan,nan,nan,nan,nan,nan,nan,nan,nan,nan,nan,nan,35,77,yes,0.5,0.4
42,v4,GCN,1:50,1:50.2,focal_loss,43,ShapleyFeatures,2,True,0.2438,0.2245,30,ok,0.998,nan,nan,nan,0.0667,0.15,-0.0833,-0.0868,-0.0347,-0.0521,-0.0306,-0.0846,0.054,35,77,,,148.2
42,v4,GCN,1:50,1:50.2,focal_loss,44,GNNExplainer,2,True,0.2448,0.2233,30,ok,0.8376,0.474,0.433,0.041,0.3,0.15,0.15,-0.0915,-0.0257,-0.0658,-0.1034,-0.0982,-0.0052,35,78,,,25.1
42,v4,GCN,1:50,1:50.2,focal_loss,44,PGExplainer,2,True,0.2448,0.2233,30,ok,nan,0.4465,0.445,0.0015,nan,nan,nan,-0.0428,-0.0251,-0.0177,-0.0462,-0.0994,0.0532,35,78,yes,0.5,7.2
42,v4,GCN,1:50,1:50.2,focal_loss,44,ShapleyFeatures,2,True,0.2448,0.2233,30,ok,0.9986,nan,nan,nan,0.1,0.15,-0.05,-0.1018,-0.0361,-0.0657,-0.0458,-0.1109,0.0651,35,78,,,147.5
42,v4,GCN,1:100,1:100.4,none,42,GNNExplainer,2,True,0.2373,0.2167,30,ok,0.6268,0.5275,0.5341,-0.0066,0.1,0.15,-0.05,-0.0382,-0.0071,-0.0311,-0.036,-0.0184,-0.0176,32,71,,,30.2
42,v4,GCN,1:100,1:100.4,none,42,PGExplainer,2,True,0.2373,0.2167,30,ok,nan,0.5406,0.5358,0.0048,nan,nan,nan,-0.016,-0.0087,-0.0073,-0.0091,-0.0153,0.0062,32,71,yes,0.5,7.2
42,v4,GCN,1:100,1:100.4,none,42,ShapleyFeatures,2,True,0.2373,0.2167,30,ok,0.9957,nan,nan,nan,0.0,0.15,-0.15,-0.03,-0.0094,-0.0206,-0.0079,-0.023,0.0151,32,71,,,121.6
42,v4,GCN,1:100,1:100.4,none,43,GNNExplainer,2,True,0.239,0.2155,30,ok,0.7002,0.4742,0.4733,0.0009,0.1,0.15,-0.05,-0.0189,-0.0096,-0.0093,-0.0438,-0.0165,-0.0273,34,72,,,22.2
42,v4,GCN,1:100,1:100.4,none,43,PGExplainer,2,True,0.239,0.2155,30,pg_failed,nan,nan,nan,nan,nan,nan,nan,nan,nan,nan,nan,nan,nan,34,72,yes,0.5,2.0
42,v4,GCN,1:100,1:100.4,none,43,ShapleyFeatures,2,True,0.239,0.2155,30,ok,0.9966,nan,nan,nan,0.0333,0.15,-0.1167,-0.0262,-0.0071,-0.0191,-0.0083,-0.0293,0.021,34,72,,,98.5
42,v4,GCN,1:100,1:100.4,none,44,GNNExplainer,2,True,0.239,0.2186,30,ok,0.6901,0.4815,0.4797,0.0018,0.1,0.15,-0.05,-0.0323,-0.0065,-0.0258,-0.037,-0.0219,-0.0151,34,75,,,29.1
42,v4,GCN,1:100,1:100.4,none,44,PGExplainer,2,True,0.239,0.2186,30,ok,nan,0.5356,0.4837,0.0519,nan,nan,nan,-0.0024,-0.0077,0.0053,-0.0091,-0.0223,0.0132,34,75,yes,0.5,6.1
42,v4,GCN,1:100,1:100.4,none,44,ShapleyFeatures,2,True,0.239,0.2186,30,ok,0.9967,nan,nan,nan,0.0333,0.15,-0.1167,-0.029,-0.0065,-0.0225,-0.0021,-0.023,0.0209,34,75,,,179.7
42,v4,GCN,1:100,1:100.4,class_weighting,42,GNNExplainer,2,True,0.2214,0.1963,30,ok,0.9348,0.3741,0.3744,-0.0003,0.2,0.15,0.05,0.4936,0.1568,0.3368,-0.1697,0.3333,-0.503,40,85,,,48.2
42,v4,GCN,1:100,1:100.4,class_weighting,42,PGExplainer,2,True,0.2214,0.1963,30,ok,nan,0.4401,0.3679,0.0722,nan,nan,nan,-0.005,0.1443,-0.1493,0.2036,0.3176,-0.114,40,85,yes,0.5,8.6
42,v4,GCN,1:100,1:100.4,class_weighting,42,ShapleyFeatures,2,True,0.2214,0.1963,30,ok,0.9755,nan,nan,nan,0.0667,0.15,-0.0833,0.3441,0.1978,0.1463,0.1919,0.3878,-0.1959,40,85,,,101.8
42,v4,GCN,1:100,1:100.4,class_weighting,43,GNNExplainer,2,True,0.238,0.2337,30,ok,0.9032,0.4354,0.4432,-0.0078,0.3333,0.15,0.1833,0.4829,0.131,0.3519,-0.2465,0.2714,-0.5179,31,64,,,28.6
42,v4,GCN,1:100,1:100.4,class_weighting,43,PGExplainer,2,True,0.238,0.2337,30,pg_failed,nan,nan,nan,nan,nan,nan,nan,nan,nan,nan,nan,nan,nan,31,64,yes,0.5,2.0
42,v4,GCN,1:100,1:100.4,class_weighting,43,ShapleyFeatures,2,True,0.238,0.2337,30,ok,0.973,nan,nan,nan,0.2667,0.15,0.1167,0.3592,0.2359,0.1233,0.3557,0.4469,-0.0912,31,64,,,151.7
42,v4,GCN,1:100,1:100.4,class_weighting,44,GNNExplainer,2,True,0.2332,0.201,30,ok,0.9259,0.4264,0.4482,-0.0218,0.1333,0.15,-0.0167,0.3834,0.0999,0.2835,-0.1988,0.2238,-0.4226,32,70,,,39.9
42,v4,GCN,1:100,1:100.4,class_weighting,44,PGExplainer,2,True,0.2332,0.201,30,ok,nan,0.3895,0.4489,-0.0594,nan,nan,nan,0.1781,0.1148,0.0633,0.1172,0.2011,-0.0839,32,70,no,0.5,7.9
42,v4,GCN,1:100,1:100.4,class_weighting,44,ShapleyFeatures,2,True,0.2332,0.201,30,ok,0.9807,nan,nan,nan,0.2,0.15,0.05,0.1731,0.1514,0.0217,0.2354,0.2567,-0.0213,32,70,,,121.1
42,v4,GCN,1:100,1:100.4,focal_loss,42,GNNExplainer,2,True,0.2401,0.2085,30,ok,0.8552,0.5635,0.4842,0.0793,0.0333,0.15,-0.1167,0.0114,-0.0252,0.0366,-0.1295,-0.0885,-0.041,39,83,,,36.7
42,v4,GCN,1:100,1:100.4,focal_loss,42,PGExplainer,2,True,0.2401,0.2085,30,ok,nan,0.5673,0.488,0.0793,nan,nan,nan,-0.0356,-0.0255,-0.0101,-0.0248,-0.094,0.0692,39,83,yes,0.5,6.2
42,v4,GCN,1:100,1:100.4,focal_loss,42,ShapleyFeatures,2,True,0.2401,0.2085,30,ok,0.9975,nan,nan,nan,0.0,0.15,-0.15,-0.1335,-0.0525,-0.081,-0.0301,-0.1212,0.0911,39,83,,,93.9
42,v4,GCN,1:100,1:100.4,focal_loss,43,GNNExplainer,2,True,0.2408,0.2091,30,ok,0.8645,0.4996,0.4455,0.0541,0.0667,0.15,-0.0833,-0.0529,-0.0226,-0.0303,-0.1246,-0.0551,-0.0695,35,74,,,22.6
42,v4,GCN,1:100,1:100.4,focal_loss,43,PGExplainer,2,True,0.2408,0.2091,30,pg_failed,nan,nan,nan,nan,nan,nan,nan,nan,nan,nan,nan,nan,nan,35,74,yes,0.5,1.2
42,v4,GCN,1:100,1:100.4,focal_loss,43,ShapleyFeatures,2,True,0.2408,0.2091,30,ok,0.9979,nan,nan,nan,0.1,0.15,-0.05,-0.0973,-0.0406,-0.0567,-0.0505,-0.1113,0.0608,35,74,,,103.7
42,v4,GCN,1:100,1:100.4,focal_loss,44,GNNExplainer,2,True,0.2439,0.2078,30,ok,0.84,0.5175,0.4891,0.0284,0.0333,0.15,-0.1167,-0.0392,-0.0137,-0.0255,-0.0899,-0.0714,-0.0185,34,70,,,41.0
42,v4,GCN,1:100,1:100.4,focal_loss,44,PGExplainer,2,True,0.2439,0.2078,30,ok,nan,0.5989,0.4877,0.1112,nan,nan,nan,-0.0482,-0.0187,-0.0295,-0.0324,-0.0662,0.0338,34,70,yes,0.5,6.6
42,v4,GCN,1:100,1:100.4,focal_loss,44,ShapleyFeatures,2,True,0.2439,0.2078,30,ok,0.998,nan,nan,nan,0.0333,0.15,-0.1167,-0.096,-0.0413,-0.0547,-0.0612,-0.1179,0.0567,34,70,,,73.0
42,v4,GraphSAGE,1:1,1:1.0,none,42,GNNExplainer,2,True,0.5413,0.4783,30,ok,0.9498,0.5264,0.5026,0.0238,0.7333,0.15,0.5833,0.6742,0.105,0.5692,-0.0394,0.3465,-0.3859,37,81,,,16.3
42,v4,GraphSAGE,1:1,1:1.0,none,42,PGExplainer,2,True,0.5413,0.4783,30,ok,nan,0.2587,0.5048,-0.2461,nan,nan,nan,0.0961,0.1057,-0.0096,0.4708,0.4057,0.0651,37,81,yes,0.5,7.8
42,v4,GraphSAGE,1:1,1:1.0,none,42,ShapleyFeatures,2,True,0.5413,0.4783,30,ok,0.9418,nan,nan,nan,0.1333,0.15,-0.0167,0.2705,0.1921,0.0784,0.3953,0.5162,-0.1209,37,81,,,115.7
42,v4,GraphSAGE,1:1,1:1.0,none,43,GNNExplainer,2,True,0.5628,0.4832,30,ok,0.9312,0.557,0.5521,0.0049,0.6667,0.15,0.5167,0.7855,0.1501,0.6354,-0.0144,0.4619,-0.4763,32,63,,,19.3
42,v4,GraphSAGE,1:1,1:1.0,none,43,PGExplainer,2,True,0.5628,0.4832,30,ok,nan,0.325,0.547,-0.222,nan,nan,nan,0.1901,0.154,0.0361,0.4452,0.4469,-0.0017,32,63,yes,0.5,4.1
42,v4,GraphSAGE,1:1,1:1.0,none,43,ShapleyFeatures,2,True,0.5628,0.4832,30,ok,0.9433,nan,nan,nan,0.2,0.15,0.05,0.3073,0.195,0.1123,0.3944,0.4646,-0.0702,32,63,,,45.8
42,v4,GraphSAGE,1:1,1:1.0,none,44,GNNExplainer,2,True,0.5557,0.4871,30,ok,0.9303,0.5314,0.506,0.0254,0.5333,0.15,0.3833,0.7646,0.0908,0.6738,-0.027,0.4252,-0.4522,32,65,,,38.9
42,v4,GraphSAGE,1:1,1:1.0,none,44,PGExplainer,2,True,0.5557,0.4871,30,ok,nan,0.2934,0.5085,-0.2151,nan,nan,nan,0.2027,0.094,0.1087,0.4028,0.3895,0.0133,32,65,yes,0.5,5.8
42,v4,GraphSAGE,1:1,1:1.0,none,44,ShapleyFeatures,2,True,0.5557,0.4871,30,ok,0.9283,nan,nan,nan,0.0667,0.15,-0.0833,0.2485,0.167,0.0815,0.3643,0.5465,-0.1822,32,65,,,48.4
42,v4,GraphSAGE,1:1,1:1.0,class_weighting,42,GNNExplainer,2,True,0.5413,0.4783,30,ok,0.9498,0.5264,0.5026,0.0238,0.7333,0.15,0.5833,0.6742,0.105,0.5692,-0.0394,0.3465,-0.3859,37,81,,,16.5
42,v4,GraphSAGE,1:1,1:1.0,class_weighting,42,PGExplainer,2,True,0.5413,0.4783,30,ok,nan,0.2587,0.5048,-0.2461,nan,nan,nan,0.0961,0.1057,-0.0096,0.4708,0.4057,0.0651,37,81,yes,0.5,3.9
42,v4,GraphSAGE,1:1,1:1.0,class_weighting,42,ShapleyFeatures,2,True,0.5413,0.4783,30,ok,0.9418,nan,nan,nan,0.1333,0.15,-0.0167,0.2705,0.1921,0.0784,0.3953,0.5162,-0.1209,37,81,,,49.1
42,v4,GraphSAGE,1:1,1:1.0,class_weighting,43,GNNExplainer,2,True,0.5628,0.4832,30,ok,0.9312,0.557,0.5521,0.0049,0.6667,0.15,0.5167,0.7855,0.1501,0.6354,-0.0144,0.4619,-0.4763,32,63,,,16.1
42,v4,GraphSAGE,1:1,1:1.0,class_weighting,43,PGExplainer,2,True,0.5628,0.4832,30,ok,nan,0.325,0.547,-0.222,nan,nan,nan,0.1901,0.154,0.0361,0.4452,0.4469,-0.0017,32,63,yes,0.5,5.8
42,v4,GraphSAGE,1:1,1:1.0,class_weighting,43,ShapleyFeatures,2,True,0.5628,0.4832,30,ok,0.9433,nan,nan,nan,0.2,0.15,0.05,0.3073,0.195,0.1123,0.3944,0.4646,-0.0702,32,63,,,107.5
42,v4,GraphSAGE,1:1,1:1.0,class_weighting,44,GNNExplainer,2,True,0.5557,0.4871,30,ok,0.9303,0.5314,0.506,0.0254,0.5333,0.15,0.3833,0.7646,0.0908,0.6738,-0.027,0.4252,-0.4522,32,65,,,16.3
42,v4,GraphSAGE,1:1,1:1.0,class_weighting,44,PGExplainer,2,True,0.5557,0.4871,30,ok,nan,0.2934,0.5085,-0.2151,nan,nan,nan,0.2027,0.094,0.1087,0.4028,0.3895,0.0133,32,65,yes,0.5,3.9
42,v4,GraphSAGE,1:1,1:1.0,class_weighting,44,ShapleyFeatures,2,True,0.5557,0.4871,30,ok,0.9283,nan,nan,nan,0.0667,0.15,-0.0833,0.2485,0.167,0.0815,0.3643,0.5465,-0.1822,32,65,,,47.5
42,v4,GraphSAGE,1:1,1:1.0,focal_loss,42,GNNExplainer,2,True,0.5322,0.4644,30,ok,0.8777,0.49,0.4755,0.0145,0.4,0.15,0.25,0.4126,0.0495,0.3631,-0.0843,0.1861,-0.2704,36,83,,,16.3
42,v4,GraphSAGE,1:1,1:1.0,focal_loss,42,PGExplainer,2,True,0.5322,0.4644,30,ok,nan,0.2045,0.4752,-0.2707,nan,nan,nan,0.022,0.0612,-0.0392,0.322,0.1758,0.1462,36,83,yes,0.5,3.9
42,v4,GraphSAGE,1:1,1:1.0,focal_loss,42,ShapleyFeatures,2,True,0.5322,0.4644,30,ok,0.9662,nan,nan,nan,0.1333,0.15,-0.0167,0.1677,0.1211,0.0466,0.1902,0.2648,-0.0746,36,83,,,48.6
42,v4,GraphSAGE,1:1,1:1.0,focal_loss,43,GNNExplainer,2,True,0.5144,0.4473,30,ok,0.8831,0.4936,0.4643,0.0293,0.3,0.15,0.15,0.4329,0.0418,0.3911,-0.0967,0.2106,-0.3073,34,73,,,16.5
42,v4,GraphSAGE,1:1,1:1.0,focal_loss,43,PGExplainer,2,True,0.5144,0.4473,30,ok,nan,0.19,0.4562,-0.2662,nan,nan,nan,-0.0173,0.0173,-0.0346,0.2011,0.2316,-0.0305,34,73,yes,0.5,7.4
42,v4,GraphSAGE,1:1,1:1.0,focal_loss,43,ShapleyFeatures,2,True,0.5144,0.4473,30,ok,0.9383,nan,nan,nan,0.3667,0.15,0.2167,0.1501,0.0832,0.0669,0.1968,0.2462,-0.0494,34,73,,,113.8
42,v4,GraphSAGE,1:1,1:1.0,focal_loss,44,GNNExplainer,2,True,0.4945,0.4423,30,ok,0.89,0.4629,0.4272,0.0357,0.3333,0.15,0.1833,0.3694,0.0118,0.3576,-0.0682,0.1728,-0.241,38,82,,,16.3
42,v4,GraphSAGE,1:1,1:1.0,focal_loss,44,PGExplainer,2,True,0.4945,0.4423,30,ok,nan,0.167,0.4313,-0.2643,nan,nan,nan,-0.0606,0.0194,-0.08,0.222,0.1617,0.0603,38,82,yes,0.5,3.8
42,v4,GraphSAGE,1:1,1:1.0,focal_loss,44,ShapleyFeatures,2,True,0.4945,0.4423,30,ok,0.9624,nan,nan,nan,0.3,0.15,0.15,0.151,0.0934,0.0576,0.1853,0.2389,-0.0536,38,82,,,48.8
42,v4,GraphSAGE,natural,1:6.1,none,42,GNNExplainer,2,True,0.6597,0.6016,30,ok,0.9329,0.4394,0.4392,0.0002,0.7,0.15,0.55,0.481,0.0724,0.4086,-0.2616,0.1805,-0.4421,43,89,,,16.4
42,v4,GraphSAGE,natural,1:6.1,none,42,PGExplainer,2,True,0.6597,0.6016,30,ok,nan,0.3568,0.4428,-0.086,nan,nan,nan,0.1758,0.0708,0.105,0.1029,0.1715,-0.0686,43,89,yes,0.5,4.1
42,v4,GraphSAGE,natural,1:6.1,none,42,ShapleyFeatures,2,True,0.6597,0.6016,30,ok,0.9502,nan,nan,nan,0.2667,0.15,0.1167,0.154,0.1415,0.0125,0.2036,0.2357,-0.0321,43,89,,,49.4
42,v4,GraphSAGE,natural,1:6.1,none,43,GNNExplainer,2,True,0.6434,0.5709,30,ok,0.9163,0.4216,0.4198,0.0018,0.6,0.15,0.45,0.476,0.0621,0.4139,-0.1914,0.2232,-0.4146,41,85,,,16.6
42,v4,GraphSAGE,natural,1:6.1,none,43,PGExplainer,2,True,0.6434,0.5709,30,ok,nan,0.4547,0.4233,0.0314,nan,nan,nan,0.0217,0.0459,-0.0242,0.1895,0.2217,-0.0322,41,85,yes,0.5,7.4
42,v4,GraphSAGE,natural,1:6.1,none,43,ShapleyFeatures,2,True,0.6434,0.5709,30,ok,0.9591,nan,nan,nan,0.3333,0.15,0.1833,0.2889,0.1124,0.1765,0.2151,0.2486,-0.0335,41,85,,,119.6
42,v4,GraphSAGE,natural,1:6.1,none,44,GNNExplainer,2,True,0.643,0.5942,30,ok,0.9259,0.46,0.4572,0.0028,0.7333,0.15,0.5833,0.4064,0.0687,0.3377,-0.2037,0.2722,-0.4759,39,80,,,38.6
42,v4,GraphSAGE,natural,1:6.1,none,44,PGExplainer,2,True,0.643,0.5942,30,ok,nan,0.1706,0.4525,-0.2819,nan,nan,nan,0.0641,0.1184,-0.0543,0.3494,0.237,0.1124,39,80,no,0.5,7.5
42,v4,GraphSAGE,natural,1:6.1,none,44,ShapleyFeatures,2,True,0.643,0.5942,30,ok,0.9488,nan,nan,nan,0.3667,0.15,0.2167,0.3031,0.18,0.1231,0.2303,0.3113,-0.081,39,80,,,116.7
42,v4,GraphSAGE,natural,1:6.1,class_weighting,42,GNNExplainer,2,True,0.6838,0.6294,30,ok,0.9393,0.5137,0.4874,0.0263,0.6333,0.15,0.4833,0.7008,0.1197,0.5811,-0.0816,0.452,-0.5336,34,78,,,38.4
42,v4,GraphSAGE,natural,1:6.1,class_weighting,42,PGExplainer,2,True,0.6838,0.6294,30,ok,nan,0.2814,0.4848,-0.2034,nan,nan,nan,0.3212,0.1343,0.1869,0.3002,0.4017,-0.1015,34,78,yes,0.5,7.0
42,v4,GraphSAGE,natural,1:6.1,class_weighting,42,ShapleyFeatures,2,True,0.6838,0.6294,30,ok,0.9438,nan,nan,nan,0.1667,0.15,0.0167,0.3065,0.2572,0.0493,0.3711,0.435,-0.0639,34,78,,,115.4
42,v4,GraphSAGE,natural,1:6.1,class_weighting,43,GNNExplainer,2,True,0.6699,0.6167,30,ok,0.939,0.5027,0.4523,0.0504,0.8,0.15,0.65,0.7083,0.1124,0.5959,-0.1035,0.428,-0.5315,43,89,,,19.0
42,v4,GraphSAGE,natural,1:6.1,class_weighting,43,PGExplainer,2,True,0.6699,0.6167,30,ok,nan,0.2395,0.4496,-0.2101,nan,nan,nan,0.3133,0.1438,0.1695,0.3501,0.4171,-0.067,43,89,yes,0.5,3.8
42,v4,GraphSAGE,natural,1:6.1,class_weighting,43,ShapleyFeatures,2,True,0.6699,0.6167,30,ok,0.9263,nan,nan,nan,0.2333,0.15,0.0833,0.325,0.2472,0.0778,0.5174,0.5679,-0.0505,43,89,,,106.7
42,v4,GraphSAGE,natural,1:6.1,class_weighting,44,GNNExplainer,2,True,0.6548,0.6056,30,ok,0.9334,0.5303,0.4706,0.0597,0.5333,0.15,0.3833,0.6931,0.1188,0.5743,-0.0803,0.4484,-0.5287,39,80,,,16.8
42,v4,GraphSAGE,natural,1:6.1,class_weighting,44,PGExplainer,2,True,0.6548,0.6056,30,ok,nan,0.2498,0.4656,-0.2158,nan,nan,nan,0.2863,0.1074,0.1789,0.3684,0.4569,-0.0885,39,80,yes,0.5,4.0
42,v4,GraphSAGE,natural,1:6.1,class_weighting,44,ShapleyFeatures,2,True,0.6548,0.6056,30,ok,0.9334,nan,nan,nan,0.2,0.15,0.05,0.2094,0.1991,0.0103,0.3917,0.4639,-0.0722,39,80,,,65.1
42,v4,GraphSAGE,natural,1:6.1,focal_loss,42,GNNExplainer,2,True,0.624,0.5761,30,ok,0.9002,0.5131,0.5061,0.007,0.5667,0.15,0.4167,0.3546,0.0364,0.3182,-0.1435,0.1818,-0.3253,34,73,,,17.0
42,v4,GraphSAGE,natural,1:6.1,focal_loss,42,PGExplainer,2,True,0.624,0.5761,30,ok,nan,0.4192,0.5199,-0.1007,nan,nan,nan,0.0811,0.0391,0.042,0.086,0.1698,-0.0838,34,73,yes,0.5,4.5
42,v4,GraphSAGE,natural,1:6.1,focal_loss,42,ShapleyFeatures,2,True,0.624,0.5761,30,ok,0.9548,nan,nan,nan,0.1667,0.15,0.0167,0.1594,0.0996,0.0598,0.2101,0.2237,-0.0136,34,73,,,127.2
42,v4,GraphSAGE,natural,1:6.1,focal_loss,43,GNNExplainer,2,True,0.6371,0.5644,30,ok,0.8965,0.4829,0.4523,0.0306,0.5,0.15,0.35,0.356,0.0341,0.3219,-0.1378,0.171,-0.3088,39,83,,,73.0
42,v4,GraphSAGE,natural,1:6.1,focal_loss,43,PGExplainer,2,True,0.6371,0.5644,30,ok,nan,0.3864,0.452,-0.0656,nan,nan,nan,0.1186,0.0447,0.0739,0.0783,0.1738,-0.0955,39,83,yes,0.5,5.0
42,v4,GraphSAGE,natural,1:6.1,focal_loss,43,ShapleyFeatures,2,True,0.6371,0.5644,30,ok,0.9489,nan,nan,nan,0.2,0.15,0.05,0.1328,0.0979,0.0349,0.2286,0.2057,0.0229,39,83,,,77.7
42,v4,GraphSAGE,natural,1:6.1,focal_loss,44,GNNExplainer,2,True,0.6066,0.5646,30,ok,0.9029,0.5088,0.4693,0.0395,0.5667,0.15,0.4167,0.2696,0.0486,0.221,-0.1069,0.1369,-0.2438,38,79,,,35.1
42,v4,GraphSAGE,natural,1:6.1,focal_loss,44,PGExplainer,2,True,0.6066,0.5646,30,ok,nan,0.404,0.4662,-0.0622,nan,nan,nan,0.1658,0.0324,0.1334,0.0414,0.1585,-0.1171,38,79,yes,0.5,4.5
42,v4,GraphSAGE,natural,1:6.1,focal_loss,44,ShapleyFeatures,2,True,0.6066,0.5646,30,ok,0.9468,nan,nan,nan,0.3333,0.15,0.1833,0.1281,0.1002,0.0279,0.1728,0.2143,-0.0415,38,79,,,68.2
42,v4,GraphSAGE,1:50,1:50.2,none,42,GNNExplainer,2,True,0.3151,0.2749,30,ok,0.8882,0.4932,0.4486,0.0446,0.2667,0.15,0.1167,0.037,-0.007,0.044,-0.0517,-0.0233,-0.0284,39,79,,,35.8
42,v4,GraphSAGE,1:50,1:50.2,none,42,PGExplainer,2,True,0.3151,0.2749,30,ok,nan,0.6089,0.4483,0.1606,nan,nan,nan,-0.0237,-0.0037,-0.02,-0.0177,-0.025,0.0073,39,79,yes,0.5,6.7
42,v4,GraphSAGE,1:50,1:50.2,none,42,ShapleyFeatures,2,True,0.3151,0.2749,30,ok,0.9567,nan,nan,nan,0.1333,0.15,-0.0167,-0.0414,-0.0284,-0.013,-0.0469,-0.0544,0.0075,39,79,,,114.0
42,v4,GraphSAGE,1:50,1:50.2,none,43,GNNExplainer,2,True,0.3127,0.2861,30,ok,0.8981,0.4491,0.4395,0.0096,0.1667,0.15,0.0167,0.0563,-0.0053,0.0616,-0.0483,-0.0231,-0.0252,35,78,,,34.6
42,v4,GraphSAGE,1:50,1:50.2,none,43,PGExplainer,2,True,0.3127,0.2861,30,pg_failed,nan,nan,nan,nan,nan,nan,nan,nan,nan,nan,nan,nan,nan,35,78,yes,0.5,0.3
42,v4,GraphSAGE,1:50,1:50.2,none,43,ShapleyFeatures,2,True,0.3127,0.2861,30,ok,0.9535,nan,nan,nan,0.1,0.15,-0.05,-0.0256,-0.0224,-0.0032,-0.045,-0.0435,-0.0015,35,78,,,73.8
42,v4,GraphSAGE,1:50,1:50.2,none,44,GNNExplainer,2,True,0.3283,0.2833,30,ok,0.8881,0.4737,0.4426,0.0311,0.2667,0.15,0.1167,0.0405,-0.0022,0.0427,-0.0528,-0.0176,-0.0352,38,81,,,38.6
42,v4,GraphSAGE,1:50,1:50.2,none,44,PGExplainer,2,True,0.3283,0.2833,30,ok,nan,0.5283,0.4506,0.0777,nan,nan,nan,-0.0169,-0.0026,-0.0143,0.018,-0.0184,0.0364,38,81,yes,0.5,8.6
42,v4,GraphSAGE,1:50,1:50.2,none,44,ShapleyFeatures,2,True,0.3283,0.2833,30,ok,0.9557,nan,nan,nan,0.0333,0.15,-0.1167,-0.028,-0.0125,-0.0155,-0.022,-0.038,0.016,38,81,,,67.8
42,v4,GraphSAGE,1:50,1:50.2,class_weighting,42,GNNExplainer,2,True,0.37,0.3178,30,ok,0.9309,0.487,0.493,-0.006,0.2333,0.15,0.0833,0.4693,0.0854,0.3839,-0.1853,0.2947,-0.48,34,75,,,25.1
42,v4,GraphSAGE,1:50,1:50.2,class_weighting,42,PGExplainer,2,True,0.37,0.3178,30,ok,nan,0.4718,0.4911,-0.0193,nan,nan,nan,0.1564,0.1171,0.0393,0.1386,0.2656,-0.127,34,75,yes,0.5,5.4
42,v4,GraphSAGE,1:50,1:50.2,class_weighting,42,ShapleyFeatures,2,True,0.37,0.3178,30,ok,0.9365,nan,nan,nan,0.1667,0.15,0.0167,0.1723,0.1654,0.0069,0.3416,0.3321,0.0095,34,75,,,93.0
42,v4,GraphSAGE,1:50,1:50.2,class_weighting,43,GNNExplainer,2,True,0.344,0.3283,30,ok,0.8943,0.4349,0.4497,-0.0148,0.2333,0.15,0.0833,0.4178,0.049,0.3688,-0.1053,0.1877,-0.293,42,87,,,22.2
42,v4,GraphSAGE,1:50,1:50.2,class_weighting,43,PGExplainer,2,True,0.344,0.3283,30,pg_failed,nan,nan,nan,nan,nan,nan,nan,nan,nan,nan,nan,nan,nan,42,87,yes,0.5,0.2
42,v4,GraphSAGE,1:50,1:50.2,class_weighting,43,ShapleyFeatures,2,True,0.344,0.3283,30,ok,0.9768,nan,nan,nan,0.1667,0.15,0.0167,0.1456,0.1275,0.0181,0.2662,0.2821,-0.0159,42,87,,,80.5
42,v4,GraphSAGE,1:50,1:50.2,class_weighting,44,GNNExplainer,2,True,0.3555,0.3047,30,ok,0.9199,0.4237,0.417,0.0067,0.3333,0.15,0.1833,0.3867,0.0618,0.3249,-0.1815,0.2205,-0.402,36,78,,,34.2
42,v4,GraphSAGE,1:50,1:50.2,class_weighting,44,PGExplainer,2,True,0.3555,0.3047,30,ok,nan,0.6258,0.4178,0.208,nan,nan,nan,0.231,0.0641,0.1669,0.0722,0.2018,-0.1296,36,78,yes,0.5,4.4
42,v4,GraphSAGE,1:50,1:50.2,class_weighting,44,ShapleyFeatures,2,True,0.3555,0.3047,30,ok,0.9392,nan,nan,nan,0.0667,0.15,-0.0833,0.1022,0.1234,-0.0212,0.1665,0.2469,-0.0804,36,78,,,78.0
42,v4,GraphSAGE,1:50,1:50.2,focal_loss,42,GNNExplainer,2,True,0.3544,0.3153,30,ok,0.8897,0.4697,0.4797,-0.01,0.1667,0.15,0.0167,0.0114,-0.0249,0.0363,-0.1153,-0.0797,-0.0356,34,70,,,35.8
42,v4,GraphSAGE,1:50,1:50.2,focal_loss,42,PGExplainer,2,True,0.3544,0.3153,30,ok,nan,0.7977,0.4734,0.3243,nan,nan,nan,-0.0089,-0.0128,0.0039,-0.1307,-0.0981,-0.0326,34,70,yes,0.5,7.3
42,v4,GraphSAGE,1:50,1:50.2,focal_loss,42,ShapleyFeatures,2,True,0.3544,0.3153,30,ok,0.9445,nan,nan,nan,0.2,0.15,0.05,0.027,-0.0275,0.0545,-0.1192,-0.0578,-0.0614,34,70,,,103.4
42,v4,GraphSAGE,1:50,1:50.2,focal_loss,43,GNNExplainer,2,True,0.3449,0.3103,30,ok,0.9067,0.5289,0.5131,0.0158,0.1,0.15,-0.05,0.0987,-0.0056,0.1043,-0.1032,-0.0247,-0.0785,36,78,,,39.9
42,v4,GraphSAGE,1:50,1:50.2,focal_loss,43,PGExplainer,2,True,0.3449,0.3103,30,pg_failed,nan,nan,nan,nan,nan,nan,nan,nan,nan,nan,nan,nan,nan,36,78,yes,0.5,0.3
42,v4,GraphSAGE,1:50,1:50.2,focal_loss,43,ShapleyFeatures,2,True,0.3449,0.3103,30,ok,0.9563,nan,nan,nan,0.1,0.15,-0.05,-0.0384,-0.0247,-0.0137,-0.0409,-0.0611,0.0202,36,78,,,57.4
42,v4,GraphSAGE,1:50,1:50.2,focal_loss,44,GNNExplainer,2,True,0.3569,0.3277,30,ok,0.9052,0.5385,0.5216,0.0169,0.2333,0.15,0.0833,0.1077,-0.006,0.1137,-0.1083,-0.0388,-0.0695,34,75,,,24.9
42,v4,GraphSAGE,1:50,1:50.2,focal_loss,44,PGExplainer,2,True,0.3569,0.3277,30,ok,nan,0.7814,0.5138,0.2676,nan,nan,nan,0.0093,-0.0015,0.0108,-0.0764,-0.0423,-0.0341,34,75,yes,0.5,5.1
42,v4,GraphSAGE,1:50,1:50.2,focal_loss,44,ShapleyFeatures,2,True,0.3569,0.3277,30,ok,0.964,nan,nan,nan,0.0667,0.15,-0.0833,-0.0491,-0.0348,-0.0143,-0.0485,-0.0693,0.0208,34,75,,,78.8
42,v4,GraphSAGE,1:100,1:100.4,none,42,GNNExplainer,2,True,0.2927,0.2463,30,ok,0.8652,0.4865,0.4342,0.0523,0.1333,0.15,-0.0167,0.051,-0.0034,0.0544,-0.0279,-0.013,-0.0149,36,76,,,21.5
42,v4,GraphSAGE,1:100,1:100.4,none,42,PGExplainer,2,True,0.2927,0.2463,30,ok,nan,0.649,0.4289,0.2201,nan,nan,nan,-0.0125,-0.0042,-0.0083,0.0036,-0.0079,0.0115,36,76,yes,0.5,6.5
42,v4,GraphSAGE,1:100,1:100.4,none,42,ShapleyFeatures,2,True,0.2927,0.2463,30,ok,0.9638,nan,nan,nan,0.1,0.15,-0.05,-0.0351,-0.0145,-0.0206,0.0128,-0.0298,0.0426,36,76,,,97.7
42,v4,GraphSAGE,1:100,1:100.4,none,43,GNNExplainer,2,True,0.2898,0.2584,30,ok,0.8501,0.5074,0.466,0.0414,0.3333,0.15,0.1833,0.0515,0.0047,0.0468,-0.0258,-0.0095,-0.0163,38,84,,,18.2
42,v4,GraphSAGE,1:100,1:100.4,none,43,PGExplainer,2,True,0.2898,0.2584,30,pg_failed,nan,nan,nan,nan,nan,nan,nan,nan,nan,nan,nan,nan,nan,38,84,yes,0.5,1.0
42,v4,GraphSAGE,1:100,1:100.4,none,43,ShapleyFeatures,2,True,0.2898,0.2584,30,ok,0.9664,nan,nan,nan,0.1,0.15,-0.05,-0.0256,-0.0079,-0.0177,-0.0047,-0.0197,0.015,38,84,,,51.6
42,v4,GraphSAGE,1:100,1:100.4,none,44,GNNExplainer,2,True,0.2991,0.2493,30,ok,0.8459,0.5478,0.5405,0.0073,0.2,0.15,0.05,0.0406,-0.0034,0.044,-0.039,-0.0077,-0.0313,34,71,,,22.3
42,v4,GraphSAGE,1:100,1:100.4,none,44,PGExplainer,2,True,0.2991,0.2493,30,ok,nan,0.5625,0.5348,0.0277,nan,nan,nan,-0.0011,-0.0015,0.0004,0.0144,-0.0112,0.0256,34,71,yes,0.5,8.8
42,v4,GraphSAGE,1:100,1:100.4,none,44,ShapleyFeatures,2,True,0.2991,0.2493,30,ok,0.9711,nan,nan,nan,0.0667,0.15,-0.0833,-0.0252,-0.0118,-0.0134,-0.0068,-0.0239,0.0171,34,71,,,74.4
42,v4,GraphSAGE,1:100,1:100.4,class_weighting,42,GNNExplainer,2,True,0.3018,0.2887,30,ok,0.9134,0.4962,0.5113,-0.0151,0.3333,0.15,0.1833,0.5115,0.0624,0.4491,-0.1562,0.2354,-0.3916,35,76,,,22.0
42,v4,GraphSAGE,1:100,1:100.4,class_weighting,42,PGExplainer,2,True,0.3018,0.2887,30,ok,nan,0.2958,0.5098,-0.214,nan,nan,nan,0.011,0.0536,-0.0426,0.244,0.2391,0.0049,35,76,yes,0.5,6.3
42,v4,GraphSAGE,1:100,1:100.4,class_weighting,42,ShapleyFeatures,2,True,0.3018,0.2887,30,ok,0.9909,nan,nan,nan,0.1,0.15,-0.05,0.3011,0.1604,0.1407,0.2647,0.3892,-0.1245,35,76,,,59.6
42,v4,GraphSAGE,1:100,1:100.4,class_weighting,43,GNNExplainer,2,True,0.3018,0.2884,30,ok,0.9066,0.5175,0.5209,-0.0034,0.1,0.15,-0.05,0.4439,0.0694,0.3745,-0.0595,0.2308,-0.2903,34,71,,,19.3
42,v4,GraphSAGE,1:100,1:100.4,class_weighting,43,PGExplainer,2,True,0.3018,0.2884,30,pg_failed,nan,nan,nan,nan,nan,nan,nan,nan,nan,nan,nan,nan,nan,34,71,yes,0.5,1.1
42,v4,GraphSAGE,1:100,1:100.4,class_weighting,43,ShapleyFeatures,2,True,0.3018,0.2884,30,ok,0.9842,nan,nan,nan,0.0333,0.15,-0.1167,0.2427,0.1385,0.1042,0.2609,0.3775,-0.1166,34,71,,,57.5
42,v4,GraphSAGE,1:100,1:100.4,class_weighting,44,GNNExplainer,2,True,0.2941,0.2661,30,ok,0.874,0.4458,0.4239,0.0219,0.3333,0.15,0.1833,0.1097,0.0202,0.0895,-0.094,0.0709,-0.1649,39,84,,,23.9
42,v4,GraphSAGE,1:100,1:100.4,class_weighting,44,PGExplainer,2,True,0.2941,0.2661,30,ok,nan,0.3171,0.4207,-0.1036,nan,nan,nan,0.0426,0.0241,0.0185,0.1312,0.0803,0.0509,39,84,no,0.5,4.4
42,v4,GraphSAGE,1:100,1:100.4,class_weighting,44,ShapleyFeatures,2,True,0.2941,0.2661,30,ok,0.9404,nan,nan,nan,0.0333,0.15,-0.1167,0.2058,0.0475,0.1583,-0.0409,0.1177,-0.1586,39,84,,,84.3
42,v4,GraphSAGE,1:100,1:100.4,focal_loss,42,GNNExplainer,2,True,0.2902,0.2567,30,ok,0.9147,0.5004,0.4768,0.0236,0.2,0.15,0.05,0.0475,-0.0097,0.0572,-0.0597,-0.0402,-0.0195,35,78,,,77.5
42,v4,GraphSAGE,1:100,1:100.4,focal_loss,42,PGExplainer,2,True,0.2902,0.2567,30,ok,nan,0.6069,0.4703,0.1366,nan,nan,nan,0.019,-0.0159,0.0349,-0.0327,-0.034,0.0013,35,78,yes,0.5,5.5
42,v4,GraphSAGE,1:100,1:100.4,focal_loss,42,ShapleyFeatures,2,True,0.2902,0.2567,30,ok,0.9796,nan,nan,nan,0.1333,0.15,-0.0167,-0.0868,-0.0517,-0.0351,-0.08,-0.1061,0.0261,35,78,,,116.3
42,v4,GraphSAGE,1:100,1:100.4,focal_loss,43,GNNExplainer,2,True,0.2988,0.2618,30,ok,0.9044,0.5258,0.5196,0.0062,0.1667,0.15,0.0167,0.0403,-0.0123,0.0526,-0.088,-0.0492,-0.0388,34,72,,,38.9
42,v4,GraphSAGE,1:100,1:100.4,focal_loss,43,PGExplainer,2,True,0.2988,0.2618,30,pg_failed,nan,nan,nan,nan,nan,nan,nan,nan,nan,nan,nan,nan,nan,34,72,yes,0.5,1.9
42,v4,GraphSAGE,1:100,1:100.4,focal_loss,43,ShapleyFeatures,2,True,0.2988,0.2618,30,ok,0.9597,nan,nan,nan,0.1333,0.15,-0.0167,-0.0527,-0.028,-0.0247,-0.0615,-0.0797,0.0182,34,72,,,113.8
42,v4,GraphSAGE,1:100,1:100.4,focal_loss,44,GNNExplainer,2,True,0.2983,0.2796,30,ok,0.9058,0.5077,0.4519,0.0558,0.2,0.15,0.05,0.0538,-0.0049,0.0587,-0.0786,-0.0503,-0.0283,37,80,,,16.7
42,v4,GraphSAGE,1:100,1:100.4,focal_loss,44,PGExplainer,2,True,0.2983,0.2796,30,ok,nan,0.572,0.4465,0.1255,nan,nan,nan,0.0225,-0.0093,0.0318,-0.064,-0.0459,-0.0181,37,80,yes,0.5,5.1
42,v4,GraphSAGE,1:100,1:100.4,focal_loss,44,ShapleyFeatures,2,True,0.2983,0.2796,30,ok,0.9733,nan,nan,nan,0.0667,0.15,-0.0833,-0.0617,-0.0221,-0.0396,-0.0441,-0.0862,0.0421,37,80,,,74.5
42,v4,GAT,1:1,1:1.0,none,42,GNNExplainer,2,True,0.6454,0.6168,30,ok,0.9472,0.4915,0.4531,0.0384,0.5333,0.15,0.3833,0.6437,0.1374,0.5063,-0.053,0.4416,-0.4946,42,85,,,31.1
42,v4,GAT,1:1,1:1.0,none,42,PGExplainer,2,True,0.6454,0.6168,30,ok,nan,0.5386,0.4511,0.0875,nan,nan,nan,0.315,0.1283,0.1867,0.2727,0.45,-0.1773,42,85,yes,0.5,10.2
42,v4,GAT,1:1,1:1.0,none,42,ShapleyFeatures,2,True,0.6454,0.6168,30,ok,0.9434,nan,nan,nan,0.0667,0.15,-0.0833,0.142,0.2087,-0.0667,0.4266,0.3479,0.0787,42,85,,,142.5
42,v4,GAT,1:1,1:1.0,none,43,GNNExplainer,2,True,0.5428,0.5448,30,ok,0.9237,0.46,0.4993,-0.0393,0.0667,0.15,-0.0833,0.3277,0.0663,0.2614,-0.075,0.2141,-0.2891,34,72,,,46.2
42,v4,GAT,1:1,1:1.0,none,43,PGExplainer,2,True,0.5428,0.5448,30,ok,nan,0.4472,0.498,-0.0508,nan,nan,nan,-0.048,0.0675,-0.1155,0.3754,0.2203,0.1551,34,72,yes,0.5,9.2
42,v4,GAT,1:1,1:1.0,none,43,ShapleyFeatures,2,True,0.5428,0.5448,30,ok,0.9362,nan,nan,nan,0.0667,0.15,-0.0833,0.2295,0.2423,-0.0128,0.4595,0.4183,0.0412,34,72,,,250.9
42,v4,GAT,1:1,1:1.0,none,44,GNNExplainer,2,True,0.6951,0.6532,30,ok,0.9104,0.548,0.4964,0.0516,0.4333,0.15,0.2833,0.5666,0.1637,0.4029,-0.0286,0.4194,-0.448,33,71,,,44.0
42,v4,GAT,1:1,1:1.0,none,44,PGExplainer,2,True,0.6951,0.6532,30,ok,nan,0.342,0.4945,-0.1525,nan,nan,nan,0.124,0.1474,-0.0234,0.5511,0.4421,0.109,33,71,yes,0.5,12.6
42,v4,GAT,1:1,1:1.0,none,44,ShapleyFeatures,2,True,0.6951,0.6532,30,ok,0.9298,nan,nan,nan,0.1667,0.15,0.0167,0.2873,0.2905,-0.0032,0.4478,0.4132,0.0346,33,71,,,312.3
42,v4,GAT,1:1,1:1.0,class_weighting,42,GNNExplainer,2,True,0.6454,0.6168,30,ok,0.9472,0.4915,0.4531,0.0384,0.5333,0.15,0.3833,0.6437,0.1374,0.5063,-0.053,0.4416,-0.4946,42,85,,,36.6
42,v4,GAT,1:1,1:1.0,class_weighting,42,PGExplainer,2,True,0.6454,0.6168,30,ok,nan,0.5386,0.4511,0.0875,nan,nan,nan,0.315,0.1283,0.1867,0.2727,0.45,-0.1773,42,85,yes,0.5,11.0
42,v4,GAT,1:1,1:1.0,class_weighting,42,ShapleyFeatures,2,True,0.6454,0.6168,30,ok,0.9434,nan,nan,nan,0.0667,0.15,-0.0833,0.142,0.2087,-0.0667,0.4266,0.3479,0.0787,42,85,,,322.7
42,v4,GAT,1:1,1:1.0,class_weighting,43,GNNExplainer,2,True,0.5428,0.5448,30,ok,0.9237,0.46,0.4993,-0.0393,0.0667,0.15,-0.0833,0.3277,0.0663,0.2614,-0.075,0.2141,-0.2891,34,72,,,51.4
42,v4,GAT,1:1,1:1.0,class_weighting,43,PGExplainer,2,True,0.5428,0.5448,30,ok,nan,0.4472,0.498,-0.0508,nan,nan,nan,-0.048,0.0675,-0.1155,0.3754,0.2203,0.1551,34,72,yes,0.5,9.0
42,v4,GAT,1:1,1:1.0,class_weighting,43,ShapleyFeatures,2,True,0.5428,0.5448,30,ok,0.9362,nan,nan,nan,0.0667,0.15,-0.0833,0.2295,0.2423,-0.0128,0.4595,0.4183,0.0412,34,72,,,132.0
42,v4,GAT,1:1,1:1.0,class_weighting,44,GNNExplainer,2,True,0.6951,0.6532,30,ok,0.9104,0.548,0.4964,0.0516,0.4333,0.15,0.2833,0.5666,0.1637,0.4029,-0.0286,0.4194,-0.448,33,71,,,44.7
42,v4,GAT,1:1,1:1.0,class_weighting,44,PGExplainer,2,True,0.6951,0.6532,30,ok,nan,0.342,0.4945,-0.1525,nan,nan,nan,0.124,0.1474,-0.0234,0.5511,0.4421,0.109,33,71,yes,0.5,12.5
42,v4,GAT,1:1,1:1.0,class_weighting,44,ShapleyFeatures,2,True,0.6951,0.6532,30,ok,0.9298,nan,nan,nan,0.1667,0.15,0.0167,0.2873,0.2905,-0.0032,0.4478,0.4132,0.0346,33,71,,,312.5
42,v4,GAT,1:1,1:1.0,focal_loss,42,GNNExplainer,2,True,0.244,0.1863,30,ok,0.8769,0.4791,0.4561,0.023,0.1667,0.15,0.0167,0.1485,0.013,0.1355,-0.0458,0.1058,-0.1516,39,80,,,29.3
42,v4,GAT,1:1,1:1.0,focal_loss,42,PGExplainer,2,True,0.244,0.1863,30,ok,nan,0.3162,0.4543,-0.1381,nan,nan,nan,0.048,0.0275,0.0205,0.0591,0.0892,-0.0301,39,80,yes,0.5,9.0
42,v4,GAT,1:1,1:1.0,focal_loss,42,ShapleyFeatures,2,True,0.244,0.1863,30,ok,0.9845,nan,nan,nan,0.0667,0.15,-0.0833,0.1136,0.049,0.0646,0.1091,0.1793,-0.0702,39,80,,,141.8
42,v4,GAT,1:1,1:1.0,focal_loss,43,GNNExplainer,2,True,0.5943,0.5724,30,ok,0.8537,0.4857,0.4782,0.0075,0.2667,0.15,0.1167,0.2323,0.0298,0.2025,-0.048,0.1258,-0.1738,36,79,,,40.6
42,v4,GAT,1:1,1:1.0,focal_loss,43,PGExplainer,2,True,0.5943,0.5724,30,ok,nan,0.2719,0.4799,-0.208,nan,nan,nan,-0.0195,0.0236,-0.0431,0.186,0.126,0.06,36,79,yes,0.5,10.9
42,v4,GAT,1:1,1:1.0,focal_loss,43,ShapleyFeatures,2,True,0.5943,0.5724,30,ok,0.9773,nan,nan,nan,0.0667,0.15,-0.0833,0.1071,0.0769,0.0302,0.1494,0.1469,0.0025,36,79,,,317.8
42,v4,GAT,1:1,1:1.0,focal_loss,44,GNNExplainer,2,True,0.576,0.5021,30,ok,0.8887,0.4618,0.4535,0.0083,0.5667,0.15,0.4167,0.2348,0.0417,0.1931,-0.0288,0.1237,-0.1525,43,89,,,49.9
42,v4,GAT,1:1,1:1.0,focal_loss,44,PGExplainer,2,True,0.576,0.5021,30,ok,nan,0.2883,0.4508,-0.1625,nan,nan,nan,-0.0002,0.0379,-0.0381,0.1807,0.1289,0.0518,43,89,yes,0.5,6.9
42,v4,GAT,1:1,1:1.0,focal_loss,44,ShapleyFeatures,2,True,0.576,0.5021,30,ok,0.9772,nan,nan,nan,0.1333,0.15,-0.0167,0.1313,0.0817,0.0496,0.1415,0.1654,-0.0239,43,89,,,134.7
42,v4,GAT,natural,1:6.1,none,42,GNNExplainer,2,True,0.7038,0.6665,30,ok,0.9167,0.4883,0.4636,0.0247,0.2667,0.15,0.1167,0.1972,0.0354,0.1618,-0.1043,0.1441,-0.2484,37,78,,,47.5
42,v4,GAT,natural,1:6.1,none,42,PGExplainer,2,True,0.7038,0.6665,30,ok,nan,0.5065,0.4667,0.0398,nan,nan,nan,0.0575,0.0273,0.0302,0.1681,0.1481,0.02,37,78,yes,0.5,6.5
42,v4,GAT,natural,1:6.1,none,42,ShapleyFeatures,2,True,0.7038,0.6665,30,ok,0.9222,nan,nan,nan,0.0667,0.15,-0.0833,0.0631,0.0824,-0.0193,0.1007,0.0885,0.0122,37,78,,,133.5
42,v4,GAT,natural,1:6.1,none,43,GNNExplainer,2,True,0.7266,0.6814,30,ok,0.9213,0.4782,0.4155,0.0627,0.3,0.15,0.15,0.3781,0.1045,0.2736,-0.1266,0.2779,-0.4045,46,96,,,36.8
42,v4,GAT,natural,1:6.1,none,43,PGExplainer,2,True,0.7266,0.6814,30,ok,nan,0.3664,0.4098,-0.0434,nan,nan,nan,0.1582,0.1037,0.0545,0.4184,0.304,0.1144,46,96,yes,0.5,7.9
42,v4,GAT,natural,1:6.1,none,43,ShapleyFeatures,2,True,0.7266,0.6814,30,ok,0.9461,nan,nan,nan,0.3,0.15,0.15,0.3065,0.2056,0.1009,0.2536,0.3337,-0.0801,46,96,,,327.3
42,v4,GAT,natural,1:6.1,none,44,GNNExplainer,2,True,0.7203,0.6357,30,ok,0.9457,0.4874,0.4043,0.0831,0.3667,0.15,0.2167,0.5181,0.1463,0.3718,-0.073,0.4262,-0.4992,42,92,,,35.4
42,v4,GAT,natural,1:6.1,none,44,PGExplainer,2,True,0.7203,0.6357,30,ok,nan,0.4458,0.41,0.0358,nan,nan,nan,0.2327,0.1471,0.0856,0.327,0.4486,-0.1216,42,92,yes,0.5,6.1
42,v4,GAT,natural,1:6.1,none,44,ShapleyFeatures,2,True,0.7203,0.6357,30,ok,0.9038,nan,nan,nan,0.0667,0.15,-0.0833,0.124,0.1579,-0.0339,0.3433,0.2153,0.128,42,92,,,173.8
42,v4,GAT,natural,1:6.1,class_weighting,42,GNNExplainer,2,True,0.7487,0.7095,30,ok,0.9273,0.5058,0.506,-0.0002,0.0,0.15,-0.15,0.6524,0.1326,0.5198,-0.0351,0.4277,-0.4628,34,75,,,42.1
42,v4,GAT,natural,1:6.1,class_weighting,42,PGExplainer,2,True,0.7487,0.7095,30,ok,nan,0.5415,0.5079,0.0336,nan,nan,nan,0.2378,0.1327,0.1051,0.3629,0.4433,-0.0804,34,75,yes,0.5,9.5
42,v4,GAT,natural,1:6.1,class_weighting,42,ShapleyFeatures,2,True,0.7487,0.7095,30,ok,0.9187,nan,nan,nan,0.0,0.15,-0.15,0.4149,0.2357,0.1792,0.3751,0.3502,0.0249,34,75,,,134.2
42,v4,GAT,natural,1:6.1,class_weighting,43,GNNExplainer,2,True,0.7216,0.7131,30,ok,0.9162,0.4942,0.4678,0.0264,0.1,0.15,-0.05,0.5868,0.1366,0.4502,-0.0815,0.383,-0.4645,40,81,,,43.3
42,v4,GAT,natural,1:6.1,class_weighting,43,PGExplainer,2,True,0.7216,0.7131,30,ok,nan,0.3372,0.4721,-0.1349,nan,nan,nan,0.2556,0.1321,0.1235,0.4865,0.3689,0.1176,40,81,yes,0.5,8.5
42,v4,GAT,natural,1:6.1,class_weighting,43,ShapleyFeatures,2,True,0.7216,0.7131,30,ok,0.9419,nan,nan,nan,0.1333,0.15,-0.0167,0.3295,0.3113,0.0182,0.5051,0.4188,0.0863,40,81,,,321.9
42,v4,GAT,natural,1:6.1,class_weighting,44,GNNExplainer,2,True,0.735,0.6781,30,ok,0.902,0.521,0.4798,0.0412,0.1333,0.15,-0.0167,0.5648,0.1209,0.4439,-0.0292,0.4234,-0.4526,36,78,,,27.5
42,v4,GAT,natural,1:6.1,class_weighting,44,PGExplainer,2,True,0.735,0.6781,30,ok,nan,0.3401,0.4718,-0.1317,nan,nan,nan,0.1646,0.1418,0.0228,0.5424,0.4072,0.1352,36,78,yes,0.5,9.4
42,v4,GAT,natural,1:6.1,class_weighting,44,ShapleyFeatures,2,True,0.735,0.6781,30,ok,0.9274,nan,nan,nan,0.0333,0.15,-0.1167,0.189,0.1561,0.0329,0.3218,0.1815,0.1403,36,78,,,143.7
42,v4,GAT,natural,1:6.1,focal_loss,42,GNNExplainer,2,True,0.5985,0.5772,30,ok,0.8625,0.5163,0.515,0.0013,0.4,0.15,0.25,0.166,0.0204,0.1456,-0.0412,0.113,-0.1542,34,74,,,50.7
42,v4,GAT,natural,1:6.1,focal_loss,42,PGExplainer,2,True,0.5985,0.5772,30,ok,nan,0.7451,0.5168,0.2283,nan,nan,nan,0.0267,0.0251,0.0016,0.1418,0.111,0.0308,34,74,yes,0.5,7.7
42,v4,GAT,natural,1:6.1,focal_loss,42,ShapleyFeatures,2,True,0.5985,0.5772,30,ok,0.9811,nan,nan,nan,0.1333,0.15,-0.0167,0.1414,0.0728,0.0686,0.0741,0.1385,-0.0644,34,74,,,166.2
42,v4,GAT,natural,1:6.1,focal_loss,43,GNNExplainer,2,True,0.6367,0.6041,30,ok,0.8634,0.4845,0.4842,0.0003,0.6333,0.15,0.4833,0.2247,0.0322,0.1925,-0.0402,0.1604,-0.2006,34,72,,,54.1
42,v4,GAT,natural,1:6.1,focal_loss,43,PGExplainer,2,True,0.6367,0.6041,30,ok,nan,0.4908,0.4838,0.007,nan,nan,nan,0.0745,0.0357,0.0388,0.1425,0.1612,-0.0187,34,72,yes,0.5,12.6
42,v4,GAT,natural,1:6.1,focal_loss,43,ShapleyFeatures,2,True,0.6367,0.6041,30,ok,0.9736,nan,nan,nan,0.1667,0.15,0.0167,0.1923,0.0934,0.0989,0.1274,0.1848,-0.0574,34,72,,,270.8
42,v4,GAT,natural,1:6.1,focal_loss,44,GNNExplainer,2,True,0.6123,0.5497,30,ok,0.8676,0.4641,0.467,-0.0029,0.4667,0.15,0.3167,0.0578,0.0073,0.0505,-0.0422,0.0394,-0.0816,35,76,,,56.6
42,v4,GAT,natural,1:6.1,focal_loss,44,PGExplainer,2,True,0.6123,0.5497,30,ok,nan,0.5797,0.4671,0.1126,nan,nan,nan,0.0397,0.0035,0.0362,0.0389,0.0406,-0.0017,35,76,yes,0.5,13.8
42,v4,GAT,natural,1:6.1,focal_loss,44,ShapleyFeatures,2,True,0.6123,0.5497,30,ok,0.9749,nan,nan,nan,0.1333,0.15,-0.0167,0.0556,0.0299,0.0257,0.0688,0.0754,-0.0066,35,76,,,333.1
42,v4,GAT,1:50,1:50.2,none,42,GNNExplainer,2,True,0.4289,0.4319,30,ok,0.7583,0.5456,0.4817,0.0639,0.1333,0.15,-0.0167,-0.0766,0.0059,-0.0825,-0.0413,-0.0414,0.0001,35,74,,,67.9
42,v4,GAT,1:50,1:50.2,none,42,PGExplainer,2,True,0.4289,0.4319,30,ok,nan,0.572,0.4885,0.0835,nan,nan,nan,-0.0325,-0.0003,-0.0322,-0.0139,-0.0512,0.0373,35,74,yes,0.5,12.8
42,v4,GAT,1:50,1:50.2,none,42,ShapleyFeatures,2,True,0.4289,0.4319,30,ok,0.9583,nan,nan,nan,0.0667,0.15,-0.0833,-0.0808,-0.0292,-0.0516,-0.0544,-0.0648,0.0104,35,74,,,289.5
42,v4,GAT,1:50,1:50.2,none,43,GNNExplainer,2,True,0.4494,0.4454,30,ok,0.6694,0.5056,0.4663,0.0393,0.1333,0.15,-0.0167,-0.0805,-0.0135,-0.067,-0.0155,-0.0411,0.0256,39,81,,,40.7
42,v4,GAT,1:50,1:50.2,none,43,PGExplainer,2,True,0.4494,0.4454,30,pg_failed,nan,nan,nan,nan,nan,nan,nan,nan,nan,nan,nan,nan,nan,39,81,yes,0.5,0.5
42,v4,GAT,1:50,1:50.2,none,43,ShapleyFeatures,2,True,0.4494,0.4454,30,ok,0.9545,nan,nan,nan,0.1333,0.15,-0.0167,-0.0731,-0.0539,-0.0192,-0.0579,-0.0811,0.0232,39,81,,,361.2
42,v4,GAT,1:50,1:50.2,none,44,GNNExplainer,2,True,0.5051,0.4636,30,ok,0.739,0.5193,0.4915,0.0278,0.1667,0.15,0.0167,-0.032,-0.0107,-0.0213,-0.0454,-0.0456,0.0002,33,76,,,52.8
42,v4,GAT,1:50,1:50.2,none,44,PGExplainer,2,True,0.5051,0.4636,30,ok,nan,0.516,0.4924,0.0236,nan,nan,nan,0.0063,-0.0099,0.0162,-0.0104,-0.0477,0.0373,33,76,yes,0.5,15.2
42,v4,GAT,1:50,1:50.2,none,44,ShapleyFeatures,2,True,0.5051,0.4636,30,ok,0.9614,nan,nan,nan,0.1333,0.15,-0.0167,-0.0756,-0.0379,-0.0377,-0.0568,-0.0804,0.0236,33,76,,,304.4
42,v4,GAT,1:50,1:50.2,class_weighting,42,GNNExplainer,2,True,0.4725,0.4373,30,ok,0.9241,0.5362,0.4676,0.0686,0.4667,0.15,0.3167,0.6625,0.1114,0.5511,-0.0936,0.4216,-0.5152,38,80,,,62.7
42,v4,GAT,1:50,1:50.2,class_weighting,42,PGExplainer,2,True,0.4725,0.4373,30,ok,nan,0.4362,0.4637,-0.0275,nan,nan,nan,-0.0281,0.1078,-0.1359,0.5552,0.4402,0.115,38,80,yes,0.5,14.4
42,v4,GAT,1:50,1:50.2,class_weighting,42,ShapleyFeatures,2,True,0.4725,0.4373,30,ok,0.9347,nan,nan,nan,0.1,0.15,-0.05,0.258,0.2106,0.0474,0.2627,0.3651,-0.1024,38,80,,,309.1
42,v4,GAT,1:50,1:50.2,class_weighting,43,GNNExplainer,2,True,0.4359,0.3759,30,ok,0.9161,0.5256,0.4845,0.0411,0.1,0.15,-0.05,0.3858,0.1104,0.2754,-0.0658,0.3435,-0.4093,34,74,,,67.3
42,v4,GAT,1:50,1:50.2,class_weighting,43,PGExplainer,2,True,0.4359,0.3759,30,pg_failed,nan,nan,nan,nan,nan,nan,nan,nan,nan,nan,nan,nan,nan,34,74,yes,0.5,0.3
42,v4,GAT,1:50,1:50.2,class_weighting,43,ShapleyFeatures,2,True,0.4359,0.3759,30,ok,0.9349,nan,nan,nan,0.0667,0.15,-0.0833,0.2292,0.154,0.0752,0.3494,0.3702,-0.0208,34,74,,,347.1
42,v4,GAT,1:50,1:50.2,class_weighting,44,GNNExplainer,2,True,0.3915,0.3857,30,ok,0.9358,0.4882,0.4495,0.0387,0.2333,0.15,0.0833,0.4413,0.0885,0.3528,-0.1435,0.2835,-0.427,36,77,,,66.3
42,v4,GAT,1:50,1:50.2,class_weighting,44,PGExplainer,2,True,0.3915,0.3857,30,ok,nan,0.41,0.4497,-0.0397,nan,nan,nan,0.0744,0.0862,-0.0118,0.2748,0.3033,-0.0285,36,77,yes,0.5,13.9
42,v4,GAT,1:50,1:50.2,class_weighting,44,ShapleyFeatures,2,True,0.3915,0.3857,30,ok,0.957,nan,nan,nan,0.1,0.15,-0.05,0.2644,0.1683,0.0961,0.3001,0.375,-0.0749,36,77,,,318.6
42,v4,GAT,1:50,1:50.2,focal_loss,42,GNNExplainer,2,True,0.415,0.4009,30,ok,0.7636,0.5164,0.4959,0.0205,0.1333,0.15,-0.0167,-0.1274,-0.0143,-0.1131,-0.0226,-0.0714,0.0488,37,78,,,67.3
42,v4,GAT,1:50,1:50.2,focal_loss,42,PGExplainer,2,True,0.415,0.4009,30,ok,nan,0.5081,0.4953,0.0128,nan,nan,nan,-0.0127,-0.0114,-0.0013,-0.1015,-0.0833,-0.0182,37,78,yes,0.5,19.7
42,v4,GAT,1:50,1:50.2,focal_loss,42,ShapleyFeatures,2,True,0.415,0.4009,30,ok,0.9953,nan,nan,nan,0.1333,0.15,-0.0167,-0.0804,-0.0441,-0.0363,-0.0771,-0.1069,0.0298,37,78,,,318.4
42,v4,GAT,1:50,1:50.2,focal_loss,43,GNNExplainer,2,True,0.4204,0.4141,30,ok,0.7694,0.5897,0.5825,0.0072,0.1667,0.15,0.0167,-0.0909,-0.0202,-0.0707,-0.0411,-0.08,0.0389,28,63,,,70.9
42,v4,GAT,1:50,1:50.2,focal_loss,43,PGExplainer,2,True,0.4204,0.4141,30,pg_failed,nan,nan,nan,nan,nan,nan,nan,nan,nan,nan,nan,nan,nan,28,63,yes,0.5,0.3
42,v4,GAT,1:50,1:50.2,focal_loss,43,ShapleyFeatures,2,True,0.4204,0.4141,30,ok,0.996,nan,nan,nan,0.2,0.15,0.05,-0.0577,-0.0405,-0.0172,-0.1033,-0.1172,0.0139,28,63,,,272.3
42,v4,GAT,1:50,1:50.2,focal_loss,44,GNNExplainer,2,True,0.4304,0.4118,30,ok,0.7771,0.4795,0.4788,0.0007,0.1667,0.15,0.0167,-0.0268,-0.0151,-0.0117,-0.0514,-0.0578,0.0064,39,80,,,54.9
42,v4,GAT,1:50,1:50.2,focal_loss,44,PGExplainer,2,True,0.4304,0.4118,30,ok,nan,0.5823,0.481,0.1013,nan,nan,nan,-0.0018,-0.011,0.0092,-0.0975,-0.0667,-0.0308,39,80,yes,0.5,11.7
42,v4,GAT,1:50,1:50.2,focal_loss,44,ShapleyFeatures,2,True,0.4304,0.4118,30,ok,0.9903,nan,nan,nan,0.2,0.15,0.05,-0.052,-0.0374,-0.0146,-0.0897,-0.1032,0.0135,39,80,,,296.8
42,v4,GAT,1:100,1:100.4,none,42,GNNExplainer,2,True,0.3609,0.3813,30,ok,0.5976,0.5127,0.4585,0.0542,0.2333,0.15,0.0833,0.003,-0.0014,0.0044,-0.0145,-0.0009,-0.0136,37,78,,,67.1
42,v4,GAT,1:100,1:100.4,none,42,PGExplainer,2,True,0.3609,0.3813,30,ok,nan,0.5532,0.4584,0.0948,nan,nan,nan,0.0222,-0.0017,0.0239,-0.0398,-0.0104,-0.0294,37,78,yes,0.5,12.1
42,v4,GAT,1:100,1:100.4,none,42,ShapleyFeatures,2,True,0.3609,0.3813,30,ok,0.9491,nan,nan,nan,0.1667,0.15,0.0167,-0.0473,-0.0159,-0.0314,0.0238,-0.0287,0.0525,37,78,,,315.1
42,v4,GAT,1:100,1:100.4,none,43,GNNExplainer,2,True,0.2292,0.2133,30,ok,0.6499,0.4736,0.4211,0.0525,0.2,0.15,0.05,0.1432,0.0059,0.1373,0.0144,0.0318,-0.0174,34,72,,,71.2
42,v4,GAT,1:100,1:100.4,none,43,PGExplainer,2,True,0.2292,0.2133,30,pg_failed,nan,nan,nan,nan,nan,nan,nan,nan,nan,nan,nan,nan,nan,34,72,yes,0.5,2.9
42,v4,GAT,1:100,1:100.4,none,43,ShapleyFeatures,2,True,0.2292,0.2133,30,ok,0.9779,nan,nan,nan,0.1,0.15,-0.05,-0.0155,-0.0023,-0.0132,0.0122,-0.006,0.0182,34,72,,,331.1
42,v4,GAT,1:100,1:100.4,none,44,GNNExplainer,2,True,0.3732,0.3796,30,ok,0.653,0.5137,0.4782,0.0355,0.1667,0.15,0.0167,0.0937,0.0074,0.0863,-0.003,0.0274,-0.0304,39,81,,,63.3
42,v4,GAT,1:100,1:100.4,none,44,PGExplainer,2,True,0.3732,0.3796,30,ok,nan,0.4693,0.4776,-0.0083,nan,nan,nan,0.0395,0.0042,0.0353,0.0571,0.017,0.0401,39,81,yes,0.5,14.8
42,v4,GAT,1:100,1:100.4,none,44,ShapleyFeatures,2,True,0.3732,0.3796,30,ok,0.9602,nan,nan,nan,0.1667,0.15,0.0167,-0.0406,-0.0159,-0.0247,-0.0175,-0.0326,0.0151,39,81,,,213.5
42,v4,GAT,1:100,1:100.4,class_weighting,42,GNNExplainer,2,True,0.3189,0.2735,30,ok,0.9256,0.4357,0.4506,-0.0149,0.3,0.15,0.15,0.3929,0.0455,0.3474,-0.2093,0.1275,-0.3368,35,74,,,45.3
42,v4,GAT,1:100,1:100.4,class_weighting,42,PGExplainer,2,True,0.3189,0.2735,30,ok,nan,0.2935,0.449,-0.1555,nan,nan,nan,-0.0052,0.0385,-0.0437,0.2237,0.1101,0.1136,35,74,yes,0.5,10.5
42,v4,GAT,1:100,1:100.4,class_weighting,42,ShapleyFeatures,2,True,0.3189,0.2735,30,ok,0.9478,nan,nan,nan,0.2,0.15,0.05,0.1802,0.1727,0.0075,0.3556,0.4003,-0.0447,35,74,,,278.5
42,v4,GAT,1:100,1:100.4,class_weighting,43,GNNExplainer,2,True,0.3347,0.3142,30,ok,0.9508,0.4977,0.4839,0.0138,0.1333,0.15,-0.0167,0.5352,0.0921,0.4431,-0.1264,0.3181,-0.4445,34,71,,,54.2
42,v4,GAT,1:100,1:100.4,class_weighting,43,PGExplainer,2,True,0.3347,0.3142,30,pg_failed,nan,nan,nan,nan,nan,nan,nan,nan,nan,nan,nan,nan,nan,34,71,yes,0.5,3.0
42,v4,GAT,1:100,1:100.4,class_weighting,43,ShapleyFeatures,2,True,0.3347,0.3142,30,ok,0.983,nan,nan,nan,0.0667,0.15,-0.0833,0.4223,0.1914,0.2309,0.285,0.4856,-0.2006,34,71,,,266.8
42,v4,GAT,1:100,1:100.4,class_weighting,44,GNNExplainer,2,True,0.2527,0.1866,30,ok,0.8918,0.529,0.4639,0.0651,0.0667,0.15,-0.0833,0.3151,0.0281,0.287,-0.0357,0.1957,-0.2314,33,70,,,54.9
42,v4,GAT,1:100,1:100.4,class_weighting,44,PGExplainer,2,True,0.2527,0.1866,30,ok,nan,0.2877,0.4589,-0.1712,nan,nan,nan,0.0705,0.0266,0.0439,0.1978,0.1983,-0.0005,33,70,yes,0.5,13.3
42,v4,GAT,1:100,1:100.4,class_weighting,44,ShapleyFeatures,2,True,0.2527,0.1866,30,ok,0.9899,nan,nan,nan,0.0,0.15,-0.15,0.2222,0.0765,0.1457,0.1067,0.2403,-0.1336,33,70,,,280.7
42,v4,GAT,1:100,1:100.4,focal_loss,42,GNNExplainer,2,True,0.2594,0.2121,30,ok,0.8346,0.4696,0.4261,0.0435,0.1333,0.15,-0.0167,-0.0094,0.0014,-0.0108,0.0015,-0.0168,0.0183,39,81,,,59.3
42,v4,GAT,1:100,1:100.4,focal_loss,42,PGExplainer,2,True,0.2594,0.2121,30,ok,nan,0.4737,0.4231,0.0506,nan,nan,nan,-0.0017,-0.0003,-0.0014,-0.0407,-0.0104,-0.0303,39,81,yes,0.5,11.0
42,v4,GAT,1:100,1:100.4,focal_loss,42,ShapleyFeatures,2,True,0.2594,0.2121,30,ok,0.9963,nan,nan,nan,0.1667,0.15,0.0167,-0.0959,-0.0219,-0.074,0.0125,-0.0595,0.072,39,81,,,283.0
42,v4,GAT,1:100,1:100.4,focal_loss,43,GNNExplainer,2,True,0.3455,0.3122,30,ok,0.7868,0.5,0.4418,0.0582,0.1,0.15,-0.05,-0.0413,-0.016,-0.0253,-0.0547,-0.0522,-0.0025,38,83,,,62.1
42,v4,GAT,1:100,1:100.4,focal_loss,43,PGExplainer,2,True,0.3455,0.3122,30,pg_failed,nan,nan,nan,nan,nan,nan,nan,nan,nan,nan,nan,nan,nan,38,83,yes,0.5,3.1
42,v4,GAT,1:100,1:100.4,focal_loss,43,ShapleyFeatures,2,True,0.3455,0.3122,30,ok,0.997,nan,nan,nan,0.2,0.15,0.05,-0.1029,-0.0391,-0.0638,-0.0503,-0.1093,0.059,38,83,,,284.7
42,v4,GAT,1:100,1:100.4,focal_loss,44,GNNExplainer,2,True,0.3393,0.3196,30,ok,0.7546,0.4957,0.4577,0.038,0.0333,0.15,-0.1167,-0.0244,-0.0028,-0.0216,-0.0416,-0.0353,-0.0063,40,85,,,59.8
42,v4,GAT,1:100,1:100.4,focal_loss,44,PGExplainer,2,True,0.3393,0.3196,30,ok,nan,0.7033,0.4545,0.2488,nan,nan,nan,0.0,-0.0051,0.0051,-0.0755,-0.0249,-0.0506,40,85,yes,0.5,12.7
42,v4,GAT,1:100,1:100.4,focal_loss,44,ShapleyFeatures,2,True,0.3393,0.3196,30,ok,0.9979,nan,nan,nan,0.1333,0.15,-0.0167,-0.0834,-0.0404,-0.043,-0.055,-0.0894,0.0344,40,85,,,274.1
42,v4,TAGCN,1:1,1:1.0,none,42,GNNExplainer,6,True,0.5221,0.4588,30,ok,0.9644,0.392,0.0008,0.3912,0.8,0.15,0.65,0.6211,0.1266,0.4945,0.0932,0.3435,-0.2503,8713,43184,,,1249.1
42,v4,TAGCN,1:1,1:1.0,none,42,PGExplainer,6,True,0.5221,0.4588,30,ok,nan,0.3162,0.001,0.3152,nan,nan,nan,0.5686,0.1185,0.4501,0.1172,0.3511,-0.2339,8713,43184,yes,0.5,363.9
42,v4,TAGCN,1:1,1:1.0,none,42,ShapleyFeatures,6,True,0.5221,0.4588,30,ok,0.9238,nan,nan,nan,0.2667,0.15,0.1167,0.371,0.1825,0.1885,0.2531,0.4026,-0.1495,8713,43184,,,363.4
42,v4,TAGCN,1:1,1:1.0,none,43,GNNExplainer,6,True,0.4544,0.3895,30,ok,0.9813,0.4616,0.001,0.4606,0.6667,0.15,0.5167,0.545,0.1026,0.4424,-0.0416,0.3193,-0.3609,9311,47311,,,1098.9
42,v4,TAGCN,1:1,1:1.0,none,43,PGExplainer,6,True,0.4544,0.3895,30,ok,nan,0.3134,0.001,0.3124,nan,nan,nan,0.5454,0.0706,0.4748,-0.0191,0.3496,-0.3687,9311,47311,yes,0.5,196.7
42,v4,TAGCN,1:1,1:1.0,none,43,ShapleyFeatures,6,True,0.4544,0.3895,30,ok,0.9532,nan,nan,nan,0.2,0.15,0.05,0.3267,0.1438,0.1829,0.1803,0.3656,-0.1853,9311,47311,,,139.1
42,v4,TAGCN,1:1,1:1.0,none,44,GNNExplainer,6,True,0.4867,0.4018,30,ok,0.9722,0.3925,0.0011,0.3914,0.6333,0.15,0.4833,0.6304,0.1054,0.525,0.0741,0.3859,-0.3118,9018,45258,,,2076.1
42,v4,TAGCN,1:1,1:1.0,none,44,PGExplainer,6,True,0.4867,0.4018,30,ok,nan,0.247,0.0007,0.2463,nan,nan,nan,0.6303,0.1021,0.5282,0.0625,0.3659,-0.3034,9018,45258,yes,0.5,726.8
42,v4,TAGCN,1:1,1:1.0,none,44,ShapleyFeatures,6,True,0.4867,0.4018,30,ok,0.9262,nan,nan,nan,0.3,0.15,0.15,0.2332,0.1595,0.0737,0.3553,0.4072,-0.0519,9018,45258,,,407.8
42,v4,TAGCN,1:1,1:1.0,class_weighting,42,GNNExplainer,6,True,0.5221,0.4588,30,ok,0.9644,0.392,0.0008,0.3912,0.8,0.15,0.65,0.6211,0.1266,0.4945,0.0932,0.3435,-0.2503,8713,43184,,,856.4
42,v4,TAGCN,1:1,1:1.0,class_weighting,42,PGExplainer,6,True,0.5221,0.4588,30,ok,nan,0.3162,0.001,0.3152,nan,nan,nan,0.5686,0.1185,0.4501,0.1172,0.3511,-0.2339,8713,43184,yes,0.5,212.3
42,v4,TAGCN,1:1,1:1.0,class_weighting,42,ShapleyFeatures,6,True,0.5221,0.4588,30,ok,0.9238,nan,nan,nan,0.2667,0.15,0.1167,0.371,0.1825,0.1885,0.2531,0.4026,-0.1495,8713,43184,,,138.2
42,v4,TAGCN,1:1,1:1.0,class_weighting,43,GNNExplainer,6,True,0.4544,0.3895,30,ok,0.9813,0.4616,0.001,0.4606,0.6667,0.15,0.5167,0.545,0.1026,0.4424,-0.0416,0.3193,-0.3609,9311,47311,,,2503.6
42,v4,TAGCN,1:1,1:1.0,class_weighting,43,PGExplainer,6,True,0.4544,0.3895,30,ok,nan,0.3134,0.001,0.3124,nan,nan,nan,0.5454,0.0706,0.4748,-0.0191,0.3496,-0.3687,9311,47311,yes,0.5,639.6
42,v4,TAGCN,1:1,1:1.0,class_weighting,43,ShapleyFeatures,6,True,0.4544,0.3895,30,ok,0.9532,nan,nan,nan,0.2,0.15,0.05,0.3267,0.1438,0.1829,0.1803,0.3656,-0.1853,9311,47311,,,1272.6
42,v4,TAGCN,1:1,1:1.0,class_weighting,44,GNNExplainer,6,True,0.4867,0.4018,30,ok,0.9722,0.3925,0.0011,0.3914,0.6333,0.15,0.4833,0.6304,0.1054,0.525,0.0741,0.3859,-0.3118,9018,45258,,,2588.2
42,v4,TAGCN,1:1,1:1.0,class_weighting,44,PGExplainer,6,True,0.4867,0.4018,30,ok,nan,0.247,0.0007,0.2463,nan,nan,nan,0.6303,0.1021,0.5282,0.0625,0.3659,-0.3034,9018,45258,yes,0.5,632.0
42,v4,TAGCN,1:1,1:1.0,class_weighting,44,ShapleyFeatures,6,True,0.4867,0.4018,30,ok,0.9262,nan,nan,nan,0.3,0.15,0.15,0.2332,0.1595,0.0737,0.3553,0.4072,-0.0519,9018,45258,,,1217.7
42,v4,TAGCN,1:1,1:1.0,focal_loss,42,GNNExplainer,6,True,0.5128,0.421,30,ok,0.9688,0.4864,0.0007,0.4857,0.5333,0.15,0.3833,0.3276,0.0239,0.3037,-0.0922,0.1118,-0.204,9521,48795,,,2627.2
42,v4,TAGCN,1:1,1:1.0,focal_loss,42,PGExplainer,6,True,0.5128,0.421,30,ok,nan,0.2917,0.0009,0.2908,nan,nan,nan,0.3285,0.0146,0.3139,-0.0168,0.1221,-0.1389,9521,48795,yes,0.5,645.6
42,v4,TAGCN,1:1,1:1.0,focal_loss,42,ShapleyFeatures,6,True,0.5128,0.421,30,ok,0.94,nan,nan,nan,0.1667,0.15,0.0167,0.1948,0.0802,0.1146,0.0747,0.2159,-0.1412,9521,48795,,,1134.8
42,v4,TAGCN,1:1,1:1.0,focal_loss,43,GNNExplainer,6,True,0.4561,0.4047,30,ok,0.9494,0.4813,0.0009,0.4804,0.5333,0.15,0.3833,0.3514,0.0419,0.3095,-0.0924,0.156,-0.2484,9120,45918,,,2620.6
42,v4,TAGCN,1:1,1:1.0,focal_loss,43,PGExplainer,6,True,0.4561,0.4047,30,ok,nan,0.1827,0.0007,0.182,nan,nan,nan,0.3514,0.0222,0.3292,-0.0189,0.1695,-0.1884,9120,45918,yes,0.5,533.3
42,v4,TAGCN,1:1,1:1.0,focal_loss,43,ShapleyFeatures,6,True,0.4561,0.4047,30,ok,0.9497,nan,nan,nan,0.1667,0.15,0.0167,0.2126,0.0775,0.1351,0.0751,0.222,-0.1469,9120,45918,,,1062.6
42,v4,TAGCN,1:1,1:1.0,focal_loss,44,GNNExplainer,6,True,0.493,0.4228,30,ok,0.9621,0.4854,0.0007,0.4847,0.6667,0.15,0.5167,0.3606,0.025,0.3356,-0.0784,0.1732,-0.2516,8989,44995,,,2381.3
42,v4,TAGCN,1:1,1:1.0,focal_loss,44,PGExplainer,6,True,0.493,0.4228,30,ok,nan,0.2869,0.0009,0.286,nan,nan,nan,0.3597,0.0172,0.3425,-0.0228,0.2097,-0.2325,8989,44995,yes,0.5,530.8
42,v4,TAGCN,1:1,1:1.0,focal_loss,44,ShapleyFeatures,6,True,0.493,0.4228,30,ok,0.9452,nan,nan,nan,0.1333,0.15,-0.0167,0.1823,0.0789,0.1034,0.1396,0.2573,-0.1177,8989,44995,,,1283.6
42,v4,TAGCN,natural,1:6.1,none,42,GNNExplainer,6,True,0.641,0.5594,30,ok,0.9852,0.4853,0.0011,0.4842,0.7667,0.15,0.6167,0.523,0.1526,0.3704,0.1143,0.3649,-0.2506,9053,45524,,,2430.6
42,v4,TAGCN,natural,1:6.1,none,42,PGExplainer,6,True,0.641,0.5594,30,ok,nan,0.4912,0.001,0.4902,nan,nan,nan,0.5226,0.1026,0.42,-0.0444,0.3248,-0.3692,9053,45524,yes,0.5,711.2
42,v4,TAGCN,natural,1:6.1,none,42,ShapleyFeatures,6,True,0.641,0.5594,30,ok,0.9436,nan,nan,nan,0.2667,0.15,0.1167,0.3718,0.2061,0.1657,0.2487,0.3949,-0.1462,9053,45524,,,1106.0
42,v4,TAGCN,natural,1:6.1,none,43,GNNExplainer,6,True,0.6236,0.5734,30,ok,0.9804,0.5174,0.0007,0.5167,0.6,0.15,0.45,0.3184,0.0948,0.2236,0.1664,0.2697,-0.1033,9013,45196,,,1082.3
42,v4,TAGCN,natural,1:6.1,none,43,PGExplainer,6,True,0.6236,0.5734,30,ok,nan,0.5553,0.0009,0.5544,nan,nan,nan,0.3184,0.0807,0.2377,-0.0341,0.2491,-0.2832,9013,45196,yes,0.5,214.7
42,v4,TAGCN,natural,1:6.1,none,43,ShapleyFeatures,6,True,0.6236,0.5734,30,ok,0.9464,nan,nan,nan,0.2,0.15,0.05,0.1982,0.1375,0.0607,0.1535,0.2288,-0.0753,9013,45196,,,244.0
42,v4,TAGCN,natural,1:6.1,none,44,GNNExplainer,6,True,0.6398,0.587,30,ok,0.9753,0.4884,0.0008,0.4876,0.7,0.15,0.55,0.405,0.0992,0.3058,0.2458,0.241,0.0048,9764,50633,,,1091.2
42,v4,TAGCN,natural,1:6.1,none,44,PGExplainer,6,True,0.6398,0.587,30,ok,nan,0.1545,0.0009,0.1536,nan,nan,nan,0.3553,0.0803,0.275,0.1603,0.2728,-0.1125,9764,50633,no,0.5,195.4
42,v4,TAGCN,natural,1:6.1,none,44,ShapleyFeatures,6,True,0.6398,0.587,30,ok,0.9341,nan,nan,nan,0.2,0.15,0.05,0.1912,0.1751,0.0161,0.2413,0.2836,-0.0423,9764,50633,,,211.4
42,v4,TAGCN,natural,1:6.1,class_weighting,42,GNNExplainer,6,True,0.6568,0.601,30,ok,0.9807,0.4539,0.0009,0.453,0.8,0.15,0.65,0.6083,0.1564,0.4519,0.2258,0.413,-0.1872,9578,49106,,,885.5
42,v4,TAGCN,natural,1:6.1,class_weighting,42,PGExplainer,6,True,0.6568,0.601,30,ok,nan,0.2667,0.0009,0.2658,nan,nan,nan,0.6083,0.1496,0.4587,0.0121,0.4155,-0.4034,9578,49106,yes,0.5,364.0
42,v4,TAGCN,natural,1:6.1,class_weighting,42,ShapleyFeatures,6,True,0.6568,0.601,30,ok,0.9366,nan,nan,nan,0.2333,0.15,0.0833,0.4194,0.2138,0.2056,0.242,0.4295,-0.1875,9578,49106,,,153.6
42,v4,TAGCN,natural,1:6.1,class_weighting,43,GNNExplainer,6,True,0.6428,0.5695,30,ok,0.9852,0.4704,0.0013,0.4691,0.5667,0.15,0.4167,0.6992,0.179,0.5202,0.1272,0.4913,-0.3641,9146,46176,,,906.8
42,v4,TAGCN,natural,1:6.1,class_weighting,43,PGExplainer,6,True,0.6428,0.5695,30,ok,nan,0.261,0.0006,0.2604,nan,nan,nan,0.6992,0.1593,0.5399,-0.0238,0.4863,-0.5101,9146,46176,yes,0.5,189.3
42,v4,TAGCN,natural,1:6.1,class_weighting,43,ShapleyFeatures,6,True,0.6428,0.5695,30,ok,0.9496,nan,nan,nan,0.2,0.15,0.05,0.3956,0.1987,0.1969,0.3142,0.4694,-0.1552,9146,46176,,,172.9
42,v4,TAGCN,natural,1:6.1,class_weighting,44,GNNExplainer,6,True,0.6532,0.5845,30,ok,0.9805,0.4185,0.0011,0.4174,0.5333,0.15,0.3833,0.6273,0.1427,0.4846,0.2029,0.3743,-0.1714,9128,45965,,,902.1
42,v4,TAGCN,natural,1:6.1,class_weighting,44,PGExplainer,6,True,0.6532,0.5845,30,ok,nan,0.8282,0.0007,0.8275,nan,nan,nan,0.6272,0.1213,0.5059,-0.005,0.4272,-0.4322,9128,45965,yes,0.5,250.6
42,v4,TAGCN,natural,1:6.1,class_weighting,44,ShapleyFeatures,6,True,0.6532,0.5845,30,ok,0.9388,nan,nan,nan,0.3,0.15,0.15,0.1797,0.1682,0.0115,0.3411,0.368,-0.0269,9128,45965,,,187.5
42,v4,TAGCN,natural,1:6.1,focal_loss,42,GNNExplainer,6,True,0.5977,0.5178,30,ok,0.9644,0.5387,0.0009,0.5378,0.6333,0.15,0.4833,0.1827,0.0206,0.1621,-0.1354,0.1084,-0.2438,9290,47115,,,909.0
42,v4,TAGCN,natural,1:6.1,focal_loss,42,PGExplainer,6,True,0.5977,0.5178,30,ok,nan,0.5758,0.0012,0.5746,nan,nan,nan,0.1822,0.0312,0.151,-0.0182,0.0955,-0.1137,9290,47115,yes,0.5,202.7
42,v4,TAGCN,natural,1:6.1,focal_loss,42,ShapleyFeatures,6,True,0.5977,0.5178,30,ok,0.9492,nan,nan,nan,0.2667,0.15,0.1167,0.1295,0.0676,0.0619,0.0842,0.1486,-0.0644,9290,47115,,,196.6
42,v4,TAGCN,natural,1:6.1,focal_loss,43,GNNExplainer,6,True,0.6005,0.5258,30,ok,0.9669,0.5197,0.0005,0.5192,0.5,0.15,0.35,0.2161,0.0395,0.1766,-0.1439,0.1026,-0.2465,9643,49652,,,1058.0
42,v4,TAGCN,natural,1:6.1,focal_loss,43,PGExplainer,6,True,0.6005,0.5258,30,ok,nan,0.5318,0.0011,0.5307,nan,nan,nan,0.2161,0.0256,0.1905,-0.0397,0.1059,-0.1456,9643,49652,yes,0.5,177.0
42,v4,TAGCN,natural,1:6.1,focal_loss,43,ShapleyFeatures,6,True,0.6005,0.5258,30,ok,0.9481,nan,nan,nan,0.3,0.15,0.15,0.1121,0.0565,0.0556,0.0862,0.128,-0.0418,9643,49652,,,195.0
42,v4,TAGCN,natural,1:6.1,focal_loss,44,GNNExplainer,6,True,0.5957,0.5302,30,ok,0.961,0.5642,0.0012,0.563,0.5,0.15,0.35,0.2519,0.0079,0.244,-0.1547,0.1435,-0.2982,9490,48650,,,866.1
42,v4,TAGCN,natural,1:6.1,focal_loss,44,PGExplainer,6,True,0.5957,0.5302,30,ok,nan,0.4182,0.0006,0.4176,nan,nan,nan,0.2519,0.0272,0.2247,-0.027,0.1367,-0.1637,9490,48650,yes,0.5,156.0
42,v4,TAGCN,natural,1:6.1,focal_loss,44,ShapleyFeatures,6,True,0.5957,0.5302,30,ok,0.9434,nan,nan,nan,0.2,0.15,0.05,0.0825,0.0609,0.0216,0.1196,0.1538,-0.0342,9490,48650,,,187.2
42,v4,TAGCN,1:50,1:50.2,none,42,GNNExplainer,6,True,0.2484,0.21,30,ok,0.9116,0.1359,0.0006,0.1353,0.2333,0.15,0.0833,0.054,-0.0076,0.0616,-0.0048,0.0341,-0.0389,9365,47795,,,820.8
42,v4,TAGCN,1:50,1:50.2,none,42,PGExplainer,6,True,0.2484,0.21,30,ok,nan,0.5963,0.0008,0.5955,nan,nan,nan,0.054,-0.0035,0.0575,-0.0275,0.0278,-0.0553,9365,47795,yes,0.5,238.8
42,v4,TAGCN,1:50,1:50.2,none,42,ShapleyFeatures,6,True,0.2484,0.21,30,ok,0.9524,nan,nan,nan,0.0667,0.15,-0.0833,-0.0111,0.0021,-0.0132,0.0193,0.0205,-0.0012,9365,47795,,,156.9
42,v4,TAGCN,1:50,1:50.2,none,43,GNNExplainer,6,True,0.3062,0.2699,30,ok,0.9194,0.1515,0.001,0.1505,0.3333,0.15,0.1833,0.037,0.0024,0.0346,0.007,0.0451,-0.0381,9287,47146,,,813.4
42,v4,TAGCN,1:50,1:50.2,none,43,PGExplainer,6,True,0.3062,0.2699,30,pg_failed,nan,nan,nan,nan,nan,nan,nan,nan,nan,nan,nan,nan,nan,9287,47146,yes,0.5,2.6
42,v4,TAGCN,1:50,1:50.2,none,43,ShapleyFeatures,6,True,0.3062,0.2699,30,ok,0.9392,nan,nan,nan,0.0667,0.15,-0.0833,0.0291,0.0053,0.0238,0.0022,0.0425,-0.0403,9287,47146,,,190.8
42,v4,TAGCN,1:50,1:50.2,none,44,GNNExplainer,6,True,0.2779,0.2187,30,ok,0.8972,0.2147,0.0007,0.214,0.2,0.15,0.05,-0.0127,-0.0226,0.0099,-0.0012,0.0055,-0.0067,9466,48479,,,794.1
42,v4,TAGCN,1:50,1:50.2,none,44,PGExplainer,6,True,0.2779,0.2187,30,ok,nan,0.4015,0.0008,0.4007,nan,nan,nan,-0.0127,-0.0114,-0.0013,-0.0273,-0.0145,-0.0128,9466,48479,no,0.5,186.4
42,v4,TAGCN,1:50,1:50.2,none,44,ShapleyFeatures,6,True,0.2779,0.2187,30,ok,0.9437,nan,nan,nan,0.0667,0.15,-0.0833,0.0269,-0.0199,0.0468,-0.0178,-0.0056,-0.0122,9466,48479,,,205.7
42,v4,TAGCN,1:50,1:50.2,class_weighting,42,GNNExplainer,6,True,0.3241,0.3268,30,ok,0.9691,0.3605,0.0011,0.3594,0.1,0.15,-0.05,0.2861,0.07,0.2161,0.274,0.2158,0.0582,9441,48158,,,893.9
42,v4,TAGCN,1:50,1:50.2,class_weighting,42,PGExplainer,6,True,0.3241,0.3268,30,ok,nan,0.5791,0.0005,0.5786,nan,nan,nan,0.2861,0.083,0.2031,0.0414,0.2284,-0.187,9441,48158,yes,0.5,194.5
42,v4,TAGCN,1:50,1:50.2,class_weighting,42,ShapleyFeatures,6,True,0.3241,0.3268,30,ok,0.9412,nan,nan,nan,0.0667,0.15,-0.0833,0.1786,0.1536,0.025,0.221,0.2395,-0.0185,9441,48158,,,169.9
42,v4,TAGCN,1:50,1:50.2,class_weighting,43,GNNExplainer,6,True,0.3175,0.2827,30,ok,0.9764,0.363,0.0008,0.3622,0.4667,0.15,0.3167,0.2406,0.1137,0.1269,0.2319,0.2041,0.0278,9442,48199,,,816.0
42,v4,TAGCN,1:50,1:50.2,class_weighting,43,PGExplainer,6,True,0.3175,0.2827,30,pg_failed,nan,nan,nan,nan,nan,nan,nan,nan,nan,nan,nan,nan,nan,9442,48199,yes,0.5,3.1
42,v4,TAGCN,1:50,1:50.2,class_weighting,43,ShapleyFeatures,6,True,0.3175,0.2827,30,ok,0.9272,nan,nan,nan,0.1667,0.15,0.0167,0.2499,0.1067,0.1432,0.1567,0.2509,-0.0942,9442,48199,,,206.2
42,v4,TAGCN,1:50,1:50.2,class_weighting,44,GNNExplainer,6,True,0.3048,0.2674,30,ok,0.9833,0.375,0.0007,0.3743,0.2667,0.15,0.1167,0.2217,0.0311,0.1906,0.0887,0.1898,-0.1011,9342,47696,,,1161.4
42,v4,TAGCN,1:50,1:50.2,class_weighting,44,PGExplainer,6,True,0.3048,0.2674,30,ok,nan,0.3791,0.0011,0.378,nan,nan,nan,0.2217,0.0367,0.185,-0.053,0.175,-0.228,9342,47696,yes,0.5,195.2
42,v4,TAGCN,1:50,1:50.2,class_weighting,44,ShapleyFeatures,6,True,0.3048,0.2674,30,ok,0.9444,nan,nan,nan,0.0333,0.15,-0.1167,0.1812,0.07,0.1112,0.1022,0.187,-0.0848,9342,47696,,,250.9
42,v4,TAGCN,1:50,1:50.2,focal_loss,42,GNNExplainer,6,True,0.3425,0.3101,30,ok,0.9176,0.2513,0.0011,0.2502,0.2333,0.15,0.0833,-0.0002,-0.0067,0.0065,-0.0801,0.0234,-0.1035,8965,44897,,,987.8
42,v4,TAGCN,1:50,1:50.2,focal_loss,42,PGExplainer,6,True,0.3425,0.3101,30,ok,nan,0.7131,0.0008,0.7123,nan,nan,nan,-0.0002,-0.004,0.0038,-0.0191,0.0192,-0.0383,8965,44897,yes,0.5,305.2
42,v4,TAGCN,1:50,1:50.2,focal_loss,42,ShapleyFeatures,6,True,0.3425,0.3101,30,ok,0.9335,nan,nan,nan,0.0667,0.15,-0.0833,0.0118,-0.009,0.0208,-0.009,0.0162,-0.0252,8965,44897,,,313.4
42,v4,TAGCN,1:50,1:50.2,focal_loss,43,GNNExplainer,6,True,0.3443,0.3112,30,ok,0.9377,0.254,0.0009,0.2531,0.0667,0.15,-0.0833,-0.0308,-0.0129,-0.0179,-0.0913,0.001,-0.0923,9222,46715,,,1288.8
42,v4,TAGCN,1:50,1:50.2,focal_loss,43,PGExplainer,6,True,0.3443,0.3112,30,pg_failed,nan,nan,nan,nan,nan,nan,nan,nan,nan,nan,nan,nan,nan,9222,46715,yes,0.5,3.8
42,v4,TAGCN,1:50,1:50.2,focal_loss,43,ShapleyFeatures,6,True,0.3443,0.3112,30,ok,0.9442,nan,nan,nan,0.1333,0.15,-0.0167,-0.0198,-0.0053,-0.0145,-0.0106,-0.0132,0.0026,9222,46715,,,248.7
42,v4,TAGCN,1:50,1:50.2,focal_loss,44,GNNExplainer,6,True,0.3411,0.2942,30,ok,0.9225,0.3098,0.0013,0.3085,0.1333,0.15,-0.0167,-0.0281,-0.0046,-0.0235,-0.0921,-0.0047,-0.0874,9160,46264,,,1101.1
42,v4,TAGCN,1:50,1:50.2,focal_loss,44,PGExplainer,6,True,0.3411,0.2942,30,ok,nan,0.7522,0.0016,0.7506,nan,nan,nan,-0.0281,-0.0077,-0.0204,-0.0154,-0.0058,-0.0096,9160,46264,yes,0.5,221.7
42,v4,TAGCN,1:50,1:50.2,focal_loss,44,ShapleyFeatures,6,True,0.3411,0.2942,30,ok,0.9431,nan,nan,nan,0.1,0.15,-0.05,-0.0106,-0.0221,0.0115,-0.0221,-0.0155,-0.0066,9160,46264,,,236.9
42,v4,TAGCN,1:100,1:100.4,none,42,GNNExplainer,6,True,0.2404,0.204,30,ok,0.9393,0.0885,0.0012,0.0873,0.1667,0.15,0.0167,0.1024,-0.0019,0.1043,-0.0146,0.0344,-0.049,9613,49470,,,1160.9
42,v4,TAGCN,1:100,1:100.4,none,42,PGExplainer,6,True,0.2404,0.204,30,ok,nan,0.5449,0.001,0.5439,nan,nan,nan,0.104,-0.0029,0.1069,-0.0218,0.0403,-0.0621,9613,49470,yes,0.5,278.5
42,v4,TAGCN,1:100,1:100.4,none,42,ShapleyFeatures,6,True,0.2404,0.204,30,ok,0.9604,nan,nan,nan,0.1,0.15,-0.05,-0.0018,0.0027,-0.0045,0.0295,0.0192,0.0103,9613,49470,,,432.1
42,v4,TAGCN,1:100,1:100.4,none,43,GNNExplainer,6,True,0.2669,0.2154,30,ok,0.9063,0.0957,0.0006,0.0951,0.1667,0.15,0.0167,0.0311,0.0019,0.0292,-0.003,0.0361,-0.0391,9285,47239,,,1323.4
42,v4,TAGCN,1:100,1:100.4,none,43,PGExplainer,6,True,0.2669,0.2154,30,pg_failed,nan,nan,nan,nan,nan,nan,nan,nan,nan,nan,nan,nan,nan,9285,47239,yes,0.5,64.3
42,v4,TAGCN,1:100,1:100.4,none,43,ShapleyFeatures,6,True,0.2669,0.2154,30,ok,0.9485,nan,nan,nan,0.1,0.15,-0.05,-0.0037,0.0018,-0.0055,0.0291,0.0125,0.0166,9285,47239,,,335.9
42,v4,TAGCN,1:100,1:100.4,none,44,GNNExplainer,6,True,0.2505,0.2003,30,ok,0.9396,0.0788,0.001,0.0778,0.1333,0.15,-0.0167,0.0929,-0.0051,0.098,-0.021,0.0505,-0.0715,9524,48844,,,1474.1
42,v4,TAGCN,1:100,1:100.4,none,44,PGExplainer,6,True,0.2505,0.2003,30,ok,nan,0.3795,0.0005,0.379,nan,nan,nan,0.0929,-0.004,0.0969,-0.0262,0.0516,-0.0778,9524,48844,no,0.5,180.1
42,v4,TAGCN,1:100,1:100.4,none,44,ShapleyFeatures,6,True,0.2505,0.2003,30,ok,0.9513,nan,nan,nan,0.0,0.15,-0.15,-0.0152,0.0002,-0.0154,0.0541,0.0147,0.0394,9524,48844,,,303.0
42,v4,TAGCN,1:100,1:100.4,class_weighting,42,GNNExplainer,6,True,0.2721,0.2676,30,ok,0.976,0.3413,0.0007,0.3406,0.5667,0.15,0.4167,0.1623,0.049,0.1133,0.1426,0.1675,-0.0249,9386,47904,,,956.8
42,v4,TAGCN,1:100,1:100.4,class_weighting,42,PGExplainer,6,True,0.2721,0.2676,30,ok,nan,0.5562,0.0003,0.5559,nan,nan,nan,0.1623,0.0556,0.1067,-0.0515,0.1269,-0.1784,9386,47904,yes,0.5,231.8
42,v4,TAGCN,1:100,1:100.4,class_weighting,42,ShapleyFeatures,6,True,0.2721,0.2676,30,ok,0.9526,nan,nan,nan,0.0333,0.15,-0.1167,0.1494,0.0787,0.0707,0.1093,0.1492,-0.0399,9386,47904,,,229.2
42,v4,TAGCN,1:100,1:100.4,class_weighting,43,GNNExplainer,6,True,0.2768,0.241,30,ok,0.9639,0.3347,0.001,0.3337,0.6,0.15,0.45,0.1736,0.0361,0.1375,0.1088,0.1519,-0.0431,9360,47718,,,1037.4
42,v4,TAGCN,1:100,1:100.4,class_weighting,43,PGExplainer,6,True,0.2768,0.241,30,pg_failed,nan,nan,nan,nan,nan,nan,nan,nan,nan,nan,nan,nan,nan,9360,47718,yes,0.5,35.7
42,v4,TAGCN,1:100,1:100.4,class_weighting,43,ShapleyFeatures,6,True,0.2768,0.241,30,ok,0.9692,nan,nan,nan,0.1,0.15,-0.05,0.164,0.0815,0.0825,0.1498,0.1654,-0.0156,9360,47718,,,207.3
42,v4,TAGCN,1:100,1:100.4,class_weighting,44,GNNExplainer,6,True,0.2817,0.2514,30,ok,0.9747,0.3413,0.0006,0.3407,0.4,0.15,0.25,0.1884,0.0613,0.1271,0.1728,0.2069,-0.0341,9447,48436,,,1077.7
42,v4,TAGCN,1:100,1:100.4,class_weighting,44,PGExplainer,6,True,0.2817,0.2514,30,ok,nan,0.419,0.0007,0.4183,nan,nan,nan,0.1886,0.0515,0.1371,0.0171,0.1855,-0.1684,9447,48436,no,0.5,233.6
42,v4,TAGCN,1:100,1:100.4,class_weighting,44,ShapleyFeatures,6,True,0.2817,0.2514,30,ok,0.9558,nan,nan,nan,0.0667,0.15,-0.0833,0.1755,0.0994,0.0761,0.0885,0.1229,-0.0344,9447,48436,,,226.2
42,v4,TAGCN,1:100,1:100.4,focal_loss,42,GNNExplainer,6,True,0.2786,0.2495,30,ok,0.9453,0.1203,0.0012,0.1191,0.2,0.15,0.05,-0.0292,-0.0124,-0.0168,-0.045,0.0335,-0.0785,8910,44568,,,1059.3
42,v4,TAGCN,1:100,1:100.4,focal_loss,42,PGExplainer,6,True,0.2786,0.2495,30,ok,nan,0.5551,0.0007,0.5544,nan,nan,nan,-0.0292,-0.0056,-0.0236,-0.0469,0.0197,-0.0666,8910,44568,yes,0.5,241.5
42,v4,TAGCN,1:100,1:100.4,focal_loss,42,ShapleyFeatures,6,True,0.2786,0.2495,30,ok,0.9646,nan,nan,nan,0.1333,0.15,-0.0167,-0.0184,-0.0183,-0.0001,-0.0264,-0.0182,-0.0082,8910,44568,,,180.8
42,v4,TAGCN,1:100,1:100.4,focal_loss,43,GNNExplainer,6,True,0.283,0.2515,30,ok,0.9386,0.1436,0.0011,0.1425,0.1,0.15,-0.05,-0.0132,-0.0146,0.0014,-0.063,0.0252,-0.0882,9346,47494,,,1269.5
42,v4,TAGCN,1:100,1:100.4,focal_loss,43,PGExplainer,6,True,0.283,0.2515,30,pg_failed,nan,nan,nan,nan,nan,nan,nan,nan,nan,nan,nan,nan,nan,9346,47494,yes,0.5,46.2
42,v4,TAGCN,1:100,1:100.4,focal_loss,43,ShapleyFeatures,6,True,0.283,0.2515,30,ok,0.9666,nan,nan,nan,0.1,0.15,-0.05,-0.0616,-0.0163,-0.0453,0.0061,-0.0393,0.0454,9346,47494,,,341.9
42,v4,TAGCN,1:100,1:100.4,focal_loss,44,GNNExplainer,6,True,0.2869,0.2513,30,ok,0.9491,0.1169,0.0006,0.1163,0.2,0.15,0.05,0.0271,-0.0074,0.0345,-0.0575,0.047,-0.1045,9525,48987,,,1018.7
42,v4,TAGCN,1:100,1:100.4,focal_loss,44,PGExplainer,6,True,0.2869,0.2513,30,ok,nan,0.5701,0.0003,0.5698,nan,nan,nan,0.0271,-0.0016,0.0287,-0.0438,0.0371,-0.0809,9525,48987,yes,0.5,227.3
42,v4,TAGCN,1:100,1:100.4,focal_loss,44,ShapleyFeatures,6,True,0.2869,0.2513,30,ok,0.9665,nan,nan,nan,0.1667,0.15,0.0167,-0.0075,-0.0057,-0.0018,0.0084,0.0146,-0.0062,9525,48987,,,301.6
