architecture,explainer,n_cells,val_pr_auc,spearman,plaus_edge,plaus_edge_rand,plaus_edge_gain,plaus_edge_p,plaus_feat,plaus_feat_rand,plaus_feat_gain,plaus_feat_p,fid_plus,fid_plus_rand,fid_plus_gain,fid_plus_p,fid_minus,fid_minus_rand,fid_minus_gain,fid_minus_p
GAT,GNNExplainer,36,0.504,0.85,0.5,0.471,0.029,8.4e-06,0.244,0.15,0.094,0.0058,0.264,0.054,0.21,8.4e-06,-0.056,0.172,-0.228,3.8e-06
GAT,PGExplainer,30,0.531,,0.456,0.469,-0.013,0.75,,,,,0.073,0.058,0.015,0.14,0.213,0.193,0.02,0.91
GAT,ShapleyFeatures,36,0.504,0.959,,,,,0.118,0.15,-0.032,1.0,0.118,0.101,0.017,0.22,0.177,0.172,0.005,0.83
GCN,GNNExplainer,36,0.337,0.848,0.469,0.452,0.017,0.0015,0.296,0.15,0.146,3.9e-05,0.147,0.03,0.117,2.9e-05,-0.054,0.101,-0.154,8.4e-08
GCN,PGExplainer,30,0.355,,0.437,0.457,-0.02,0.79,,,,,0.015,0.032,-0.017,0.98,0.116,0.101,0.015,0.95
GCN,ShapleyFeatures,36,0.337,0.984,,,,,0.114,0.15,-0.036,0.99,0.195,0.063,0.132,0.00017,0.086,0.209,-0.122,0.00027
GraphSAGE,GNNExplainer,36,0.456,0.907,0.497,0.478,0.019,6.3e-06,0.404,0.15,0.254,2.5e-07,0.363,0.048,0.315,8.4e-08,-0.092,0.178,-0.269,8.4e-08
GraphSAGE,PGExplainer,30,0.485,,0.403,0.475,-0.072,0.98,,,,,0.097,0.058,0.038,0.015,0.185,0.199,-0.014,0.15
GraphSAGE,ShapleyFeatures,36,0.456,0.953,,,,,0.157,0.15,0.007,0.47,0.135,0.092,0.043,0.00041,0.171,0.216,-0.045,0.00031
TAGCN,GNNExplainer,36,0.425,0.957,0.347,0.001,0.346,8.4e-08,0.447,0.15,0.297,7e-07,0.277,0.053,0.223,2.9e-07,0.033,0.181,-0.148,3.2e-07
TAGCN,PGExplainer,30,0.45,,0.435,0.001,0.434,8.7e-07,,,,,0.313,0.053,0.259,1.9e-06,-0.001,0.201,-0.202,8.7e-07
TAGCN,ShapleyFeatures,36,0.425,0.945,,,,,0.159,0.15,0.009,0.21,0.154,0.083,0.071,4.1e-06,0.127,0.189,-0.062,5.1e-06
