arch,balancing,n_models,val_pr_auc,val_pr_auc_sd,val_f1,val_f1_sd,test_pr_auc,test_pr_auc_sd,test_f1,test_f1_sd
GCN,class_weighting,3,0.0972150089164354,0.011633888199612835,0.10766996443077882,0.01772026630212275,0.007962624764945067,0.0019788034414950505,0.0135806393490985,0.009392688682687587
GCN,focal_loss,3,0.10518595367419536,0.026411687442538773,0.17713492117029586,0.03318917764736938,0.0122351996255181,0.011587007235705512,0.019402717567855166,0.02927783270143208
GCN,none,3,0.08315035290667162,0.04621022382522522,0.13423765944197533,0.10701492608454063,0.007939397481287634,0.0049371912867634,0.016388118898248868,0.025424776547663484
GCN,todos,9,0.09518377183243415,0.028904015634837976,0.13968084834768335,0.06433005247164028,0.009379073957250267,0.006725045228409209,0.01645715860506751,0.020107626174868685
GraphSAGE,class_weighting,3,0.46158179633936064,0.02018229567356078,0.4061133412309024,0.011264187508425208,0.010482487003249831,0.00035580144280672883,0.012447942334967267,0.005404250176716017
GraphSAGE,focal_loss,3,0.30470501385225446,0.0411419125523367,0.4006340556236167,0.03239367932215495,0.005763361386720733,0.0004220784465746429,0.0017248814144027334,0.0029875822467768016
GraphSAGE,none,3,0.1771437340598031,0.059721913799084266,0.2096785678125185,0.09580215416894272,0.004186802579344334,0.0001553199278258094,0.0009995002498750334,0.0017311852149613461
GraphSAGE,todos,9,0.31447684808380605,0.12899641191184016,0.3388086548890126,0.10942418114338084,0.0068108836564383,0.0028515141799269478,0.005057441333081679,0.006411261374724599
GAT,class_weighting,3,0.3203658410415895,0.04043714961544966,0.20064660023286265,0.05176712670575528,0.0083399093962138,0.0005558267769263836,0.021658940361196834,0.019311676669121165
GAT,focal_loss,3,0.33230088360984417,0.029829708557777824,0.3911047443677142,0.01440012548160712,0.0052532366873852335,0.0013285785603933426,0.008654336033890668,0.009186302040655965
GAT,none,3,0.20248954205959824,0.09474254151867528,0.27310375205997894,0.09258335793812036,0.005449452452924767,0.0004977587796624501,0.0008159934720522,0.001413342152238945
GAT,todos,9,0.2850520889036773,0.08207504112703562,0.2882850322201853,0.09897369099949464,0.006347532845507934,0.0016794510553568417,0.010376423289046567,0.014069651989470505
TAGCN,class_weighting,3,0.29925570674478896,0.1390087702064889,0.36012881438347955,0.15369720323463826,0.008238325695066533,0.0011072487612654323,0.0063447453191325665,0.0013006840685379684
TAGCN,focal_loss,3,0.29033639589371885,0.09164388433772032,0.3565596022752668,0.06370172512782331,0.008052245910246532,0.002364991994678432,0.008109893101540233,0.006016179742601172
TAGCN,none,3,0.0965189317940448,0.04961513087465038,0.0030909453462463,0.001123702839830673,0.0037413030601008003,0.0001793832177039795,0.00013805480775866665,0.00023911794126716472
TAGCN,todos,9,0.22870367814418419,0.13186847865325146,0.2399264540016642,0.19614818256292005,0.006677291555137956,0.0025628303959918243,0.004864231076143822,0.004757569098847354
