explainer,filter,term,coef,se,t,p,n,r2
GNNExplainer,gate,intercepto,0.889138274891127,0.047901341419696895,18.561865879720767,1.0096368185941174e-12,21,0.1056829720485557
GNNExplainer,gate,arch[GAT] (ref GraphSAGE),0.00462854982372346,0.015581206634305756,0.29705978056491467,0.7700199591682715,21,0.1056829720485557
GNNExplainer,gate,arch[TAGCN] (ref GraphSAGE),-0.007557296463826066,0.012585294144849024,-0.6004862800063483,0.5561037491236394,21,0.1056829720485557
GNNExplainer,gate,val_pr_auc,0.11948482866753832,0.11609377868753108,1.0292095753824528,0.3178030565389829,21,0.1056829720485557
PGExplainer,gate,intercepto,1.0121048627017657,0.44500908059839595,2.2743465399420746,0.0361905477701161,21,0.42416526224309625
PGExplainer,gate,arch[GAT] (ref GraphSAGE),0.17108988638765465,0.14475123730240427,1.1819580238214165,0.2534922368729928,21,0.42416526224309625
PGExplainer,gate,arch[TAGCN] (ref GraphSAGE),-0.15330004632351424,0.11691885885593804,-1.3111661183111905,0.20723666201494906,21,0.42416526224309625
PGExplainer,gate,val_pr_auc,-1.8957325956014934,1.0785248217639323,-1.757708823521571,0.09678791751863414,21,0.42416526224309625
ShapleyFeatures,gate,intercepto,0.9989808671653141,0.007980716676842475,125.17433052899143,0.0,21,0.299866264138859
ShapleyFeatures,gate,arch[GAT] (ref GraphSAGE),-0.001717769615675744,0.0025959439119297924,-0.6617129159769771,0.5170249384308983,21,0.299866264138859
ShapleyFeatures,gate,arch[TAGCN] (ref GraphSAGE),-0.005424807687042972,0.002096802801089492,-2.587180675371217,0.019181633601170978,21,0.299866264138859
ShapleyFeatures,gate,val_pr_auc,-0.008254167216437663,0.019342079536592265,-0.4267466277771238,0.6749192025420025,21,0.299866264138859
GNNExplainer,sin_filtro,intercepto,0.9145582892280527,0.006784954141250656,134.79211063016473,0.0,48,0.24839788750193426
GNNExplainer,sin_filtro,arch[GraphSAGE] (ref GCN),-0.00727434001500625,0.011047039313224908,-0.6584877457888477,0.5137352999897353,48,0.24839788750193426
GNNExplainer,sin_filtro,arch[GAT] (ref GCN),-0.006075652526489346,0.009699850610411542,-0.626365577214964,0.5343864086414978,48,0.24839788750193426
GNNExplainer,sin_filtro,arch[TAGCN] (ref GCN),-0.019674323670297998,0.00896612420663914,-2.1942952402700113,0.033664948752405444,48,0.24839788750193426
GNNExplainer,sin_filtro,val_pr_auc,0.08014464309779862,0.035671348809752416,2.2467511258191437,0.0298439357163911,48,0.24839788750193426
PGExplainer,sin_filtro,intercepto,0.46226857412519756,0.07180630645769435,6.4377155284758905,8.434153309089254e-08,48,0.46899337029010824
PGExplainer,sin_filtro,arch[GraphSAGE] (ref GCN),0.12740130927911783,0.11691266792105504,1.089713471983594,0.2819087434354084,48,0.46899337029010824
PGExplainer,sin_filtro,arch[GAT] (ref GCN),0.4165910426507368,0.10265514416530434,4.058160416977305,0.0002048649377626166,48,0.46899337029010824
PGExplainer,sin_filtro,arch[TAGCN] (ref GCN),0.005079438827152762,0.09488999470245603,0.05352976194255484,0.9575577452119117,48,0.46899337029010824
PGExplainer,sin_filtro,val_pr_auc,-0.9497044140649277,0.3775158609871238,-2.515667584354343,0.015696209178183596,48,0.46899337029010824
ShapleyFeatures,sin_filtro,intercepto,0.9966222636282824,0.001321804667400297,753.9860375802896,0.0,48,0.28275407442981304
ShapleyFeatures,sin_filtro,arch[GraphSAGE] (ref GCN),-0.0020857052911096813,0.0021521189121086223,-0.9691403571497498,0.33789501835710367,48,0.28275407442981304
ShapleyFeatures,sin_filtro,arch[GAT] (ref GCN),-0.003444527312374515,0.0018896675707765758,-1.8228218368371298,0.07528816125847171,48,0.28275407442981304
ShapleyFeatures,sin_filtro,arch[TAGCN] (ref GCN),-0.005842232353293892,0.001746727329043059,-3.3446733535076403,0.0017163993480830975,48,0.28275407442981304
ShapleyFeatures,sin_filtro,val_pr_auc,0.003469114163374441,0.0069492813610238496,0.4992047354466779,0.6201797396984556,48,0.28275407442981304
