graph_seed,architecture,scenario,balancing,explainer,n_seeds,spearman_mean,spearman_sd,plaus_edge_mean,plaus_edge_sd,plaus_feat_mean,plaus_feat_sd,shap_conc_mean,shap_conc_sd,fid_plus_mean,fid_plus_sd,fid_minus_mean,fid_minus_sd
0,GAT,1:1,class_weighting,GNNExplainer,3,0.9673,0.0086,0.548,0.018,0.2557,0.2502,nan,nan,0.5797,0.0579,-0.1177,0.0851
0,GAT,1:1,class_weighting,GNNShap,3,0.964,0.0121,nan,nan,0.133,0.1,0.9413,0.0087,0.5973,0.1137,0.3263,0.0942
0,GAT,1:1,class_weighting,PGExplainer,3,nan,nan,0.6107,0.2555,nan,nan,nan,nan,0.048,0.2472,0.189,0.4758
0,GAT,1:1,focal_loss,GNNExplainer,3,0.9183,0.0102,0.539,0.0118,0.2887,0.051,nan,nan,0.4513,0.0549,-0.231,0.0296
0,GAT,1:1,focal_loss,GNNShap,3,0.9883,0.004,nan,nan,0.2333,0.1155,0.9427,0.0072,0.223,0.0452,0.1297,0.0218
0,GAT,1:1,focal_loss,PGExplainer,3,nan,nan,0.4553,0.249,nan,nan,nan,nan,-0.1117,0.0344,0.075,0.1639
0,GAT,1:1,none,GNNExplainer,3,0.9663,0.0074,0.5497,0.0156,0.2557,0.2502,nan,nan,0.5977,0.0549,-0.1313,0.0731
0,GAT,1:1,none,GNNShap,3,0.964,0.0121,nan,nan,0.111,0.107,0.9397,0.005,0.5737,0.0767,0.3517,0.1012
0,GAT,1:1,none,PGExplainer,3,nan,nan,0.601,0.2426,nan,nan,nan,nan,0.0307,0.2159,0.1773,0.4834
0,GAT,1:10,class_weighting,GNNExplainer,3,0.9697,0.0025,0.5347,0.01,0.4557,0.1019,nan,nan,0.6173,0.1172,-0.105,0.036
0,GAT,1:10,class_weighting,GNNShap,3,0.9613,0.0145,nan,nan,0.1667,0.0577,0.9573,0.0047,0.6113,0.1355,0.3317,0.0497
0,GAT,1:10,class_weighting,PGExplainer,3,nan,nan,0.6583,0.1297,nan,nan,nan,nan,0.101,0.2281,0.0783,0.2606
0,GAT,1:10,focal_loss,GNNExplainer,3,0.9143,0.0115,0.5567,0.0047,0.222,0.084,nan,nan,0.4173,0.0222,-0.2703,0.0446
0,GAT,1:10,focal_loss,GNNShap,3,0.9887,0.0051,nan,nan,0.1667,0.0884,0.9583,0.0061,0.235,0.051,0.1493,0.0093
0,GAT,1:10,focal_loss,PGExplainer,3,nan,nan,0.5487,0.1946,nan,nan,nan,nan,0.0717,0.1184,-0.085,0.2274
0,GAT,1:10,none,GNNExplainer,3,0.9763,0.0049,0.5463,0.0167,0.4777,0.1714,nan,nan,0.6033,0.0467,-0.136,0.028
0,GAT,1:10,none,GNNShap,3,0.9577,0.0137,nan,nan,0.1667,0.0665,0.9493,0.017,0.5807,0.0869,0.3587,0.1024
0,GAT,1:10,none,PGExplainer,3,nan,nan,0.6567,0.1947,nan,nan,nan,nan,0.0767,0.2711,0.15,0.4064
0,GAT,1:100,class_weighting,GNNExplainer,3,0.9797,0.0067,0.5363,0.0111,0.589,0.3241,nan,nan,0.62,0.0537,-0.0973,0.0897
0,GAT,1:100,class_weighting,GNNShap,3,0.969,0.0052,nan,nan,0.3,0.2184,0.8987,0.0169,0.363,0.1665,0.649,0.1047
0,GAT,1:100,class_weighting,PGExplainer,3,nan,nan,0.7607,0.0533,nan,nan,nan,nan,0.19,0.2959,-0.045,0.1172
0,GAT,1:100,focal_loss,GNNExplainer,3,0.9513,0.0076,0.5257,0.005,0.5443,0.395,nan,nan,0.2953,0.0624,-0.2133,0.049
0,GAT,1:100,focal_loss,GNNShap,3,0.9843,0.0099,nan,nan,0.2167,0.2021,0.913,0.0072,0.252,0.0613,0.2273,0.0492
0,GAT,1:100,focal_loss,PGExplainer,3,nan,nan,0.8483,0.0333,nan,nan,nan,nan,-0.0063,0.0734,-0.164,0.0777
0,GAT,1:100,none,GNNExplainer,3,0.9857,0.006,0.5273,0.0032,0.811,0.2009,nan,nan,0.555,0.0302,-0.25,0.0892
0,GAT,1:100,none,GNNShap,3,0.9867,0.007,nan,nan,0.1667,0.2887,0.8997,0.0116,0.444,0.2623,0.5393,0.0325
0,GAT,1:100,none,PGExplainer,3,nan,nan,0.849,0.0706,nan,nan,nan,nan,0.555,0.0692,-0.033,0.4842
0,GAT,1:50,class_weighting,GNNExplainer,3,0.9713,0.006,0.519,0.0263,0.533,0.1,nan,nan,0.649,0.0766,-0.109,0.0849
0,GAT,1:50,class_weighting,GNNShap,3,0.9637,0.0078,nan,nan,0.2,0.033,0.9023,0.0246,0.397,0.0857,0.6307,0.0146
0,GAT,1:50,class_weighting,PGExplainer,3,nan,nan,0.7777,0.0369,nan,nan,nan,nan,0.1933,0.1333,-0.0983,0.0711
0,GAT,1:50,focal_loss,GNNExplainer,3,0.945,0.0079,0.5383,0.0136,0.0877,0.0971,nan,nan,0.2797,0.0315,-0.2127,0.0358
0,GAT,1:50,focal_loss,GNNShap,3,0.989,0.0061,nan,nan,0.1433,0.0105,0.9297,0.0119,0.2367,0.0494,0.1977,0.0446
0,GAT,1:50,focal_loss,PGExplainer,3,nan,nan,0.7373,0.1357,nan,nan,nan,nan,0.0757,0.1523,0.002,0.3257
0,GAT,1:50,none,GNNExplainer,3,0.9883,0.0035,0.5367,0.0057,0.4933,0.1537,nan,nan,0.4993,0.0702,-0.2087,0.1187
0,GAT,1:50,none,GNNShap,3,0.9823,0.0117,nan,nan,0.15,0.0433,0.9063,0.0139,0.5173,0.0023,0.4727,0.0377
0,GAT,1:50,none,PGExplainer,3,nan,nan,0.858,0.0495,nan,nan,nan,nan,0.2623,0.3012,-0.1477,0.0311
0,GAT,natural,class_weighting,GNNExplainer,3,0.969,0.0017,0.5313,0.0055,0.489,0.107,nan,nan,0.6133,0.1141,-0.1083,0.0311
0,GAT,natural,class_weighting,GNNShap,3,0.9613,0.0145,nan,nan,0.1777,0.0387,0.9563,0.0045,0.5967,0.1146,0.3417,0.0336
0,GAT,natural,class_weighting,PGExplainer,3,nan,nan,0.65,0.1242,nan,nan,nan,nan,0.115,0.2496,0.07,0.2663
0,GAT,natural,focal_loss,GNNExplainer,3,0.9143,0.0115,0.5567,0.0047,0.222,0.084,nan,nan,0.4173,0.0222,-0.2703,0.0446
0,GAT,natural,focal_loss,GNNShap,3,0.9887,0.0051,nan,nan,0.1667,0.0884,0.9583,0.0061,0.235,0.051,0.1493,0.0093
0,GAT,natural,focal_loss,PGExplainer,3,nan,nan,0.5487,0.1946,nan,nan,nan,nan,0.0717,0.1184,-0.085,0.2274
0,GAT,natural,none,GNNExplainer,3,0.9763,0.0049,0.5533,0.012,0.5333,0.1767,nan,nan,0.628,0.0529,-0.122,0.014
0,GAT,natural,none,GNNShap,3,0.9607,0.0085,nan,nan,0.1443,0.1019,0.9513,0.0202,0.5627,0.058,0.376,0.0737
0,GAT,natural,none,PGExplainer,3,nan,nan,0.679,0.2123,nan,nan,nan,nan,0.1057,0.316,0.155,0.4006
0,GCN,1:1,class_weighting,GNNExplainer,3,0.972,0.0069,0.4993,0.0072,0.7557,0.051,nan,nan,0.5283,0.0597,-0.0533,0.009
0,GCN,1:1,class_weighting,GNNShap,3,0.9847,0.0006,nan,nan,0.2113,0.051,0.9563,0.0042,0.6223,0.0659,0.257,0.042
0,GCN,1:1,class_weighting,PGExplainer,3,nan,nan,0.7923,0.0229,nan,nan,nan,nan,0.0603,0.0466,-0.044,0.019
0,GCN,1:1,focal_loss,GNNExplainer,3,0.9563,0.0015,0.5387,0.0422,0.8,0.033,nan,nan,0.5207,0.0734,-0.16,0.0223
0,GCN,1:1,focal_loss,GNNShap,3,0.9913,0.0015,nan,nan,0.111,0.0191,0.959,0.0087,0.3957,0.035,0.1723,0.0196
0,GCN,1:1,focal_loss,PGExplainer,3,nan,nan,0.3127,0.0866,nan,nan,nan,nan,-0.112,0.0214,0.324,0.1136
0,GCN,1:1,none,GNNExplainer,3,0.972,0.0069,0.4993,0.0072,0.7557,0.051,nan,nan,0.5233,0.0535,-0.053,0.0095
0,GCN,1:1,none,GNNShap,3,0.985,0.001,nan,nan,0.2113,0.051,0.9563,0.0042,0.6137,0.0579,0.2603,0.0439
0,GCN,1:1,none,PGExplainer,3,nan,nan,0.7923,0.0229,nan,nan,nan,nan,0.0603,0.0466,-0.044,0.019
0,GCN,1:10,class_weighting,GNNExplainer,3,0.9793,0.0064,0.5,0.0046,0.633,0.1732,nan,nan,0.5457,0.0454,-0.0373,0.0589
0,GCN,1:10,class_weighting,GNNShap,3,0.9873,0.0021,nan,nan,0.122,0.0191,0.9657,0.0021,0.601,0.0363,0.328,0.0296
0,GCN,1:10,class_weighting,PGExplainer,3,nan,nan,0.8003,0.0385,nan,nan,nan,nan,0.18,0.0618,-0.0627,0.0378
0,GCN,1:10,focal_loss,GNNExplainer,3,0.9507,0.0096,0.494,0.0159,0.822,0.0191,nan,nan,0.3957,0.0599,-0.1937,0.0361
0,GCN,1:10,focal_loss,GNNShap,3,0.9963,0.0006,nan,nan,0.1663,0.0577,0.9657,0.0021,0.491,0.0489,0.1097,0.0457
0,GCN,1:10,focal_loss,PGExplainer,3,nan,nan,0.7803,0.0163,nan,nan,nan,nan,0.0787,0.0371,-0.1943,0.0031
0,GCN,1:10,none,GNNExplainer,3,0.9793,0.0064,0.5223,0.0108,0.633,0.2646,nan,nan,0.547,0.0662,-0.0713,0.0115
0,GCN,1:10,none,GNNShap,3,0.991,0.001,nan,nan,0.0997,0.0577,0.963,0.0036,0.761,0.0481,0.2193,0.0404
0,GCN,1:10,none,PGExplainer,3,nan,nan,0.8283,0.0337,nan,nan,nan,nan,0.2113,0.0795,-0.092,0.0125
0,GCN,1:100,class_weighting,GNNExplainer,3,0.973,0.0026,0.5083,0.0251,0.689,0.0697,nan,nan,0.5787,0.0781,-0.0617,0.023
0,GCN,1:100,class_weighting,GNNShap,3,0.985,0.0026,nan,nan,0.1557,0.0196,0.9183,0.0025,0.485,0.0101,0.4377,0.024
0,GCN,1:100,class_weighting,PGExplainer,3,nan,nan,0.806,0.0271,nan,nan,nan,nan,0.1973,0.076,-0.0257,0.0395
0,GCN,1:100,focal_loss,GNNExplainer,3,0.9767,0.0083,0.5937,0.0074,0.1657,0.0302,nan,nan,0.571,0.0348,-0.3687,0.0321
0,GCN,1:100,focal_loss,GNNShap,3,0.9903,0.0015,nan,nan,0.1433,0.0105,0.968,0.002,0.3993,0.1279,0.0223,0.0202
0,GCN,1:100,focal_loss,PGExplainer,3,nan,nan,0.6647,0.0049,nan,nan,nan,nan,0.2773,0.1096,-0.2107,0.0639
0,GCN,1:100,none,GNNExplainer,3,nan,nan,nan,nan,nan,nan,nan,nan,nan,nan,nan,nan
0,GCN,1:100,none,GNNShap,3,nan,nan,nan,nan,nan,nan,nan,nan,nan,nan,nan,nan
0,GCN,1:100,none,PGExplainer,3,nan,nan,nan,nan,nan,nan,nan,nan,nan,nan,nan,nan
0,GCN,1:50,class_weighting,GNNExplainer,3,0.975,0.0053,0.4903,0.0235,0.8887,0.051,nan,nan,0.5943,0.0899,-0.0427,0.0092
0,GCN,1:50,class_weighting,GNNShap,3,0.985,0.0017,nan,nan,0.189,0.0697,0.932,0.0026,0.5193,0.0465,0.387,0.0596
0,GCN,1:50,class_weighting,PGExplainer,3,nan,nan,0.8127,0.0049,nan,nan,nan,nan,0.138,0.0411,0.019,0.0236
0,GCN,1:50,focal_loss,GNNExplainer,3,0.9757,0.0065,0.558,0.0144,0.3777,0.1385,nan,nan,0.5877,0.0331,-0.2673,0.029
0,GCN,1:50,focal_loss,GNNShap,3,0.9947,0.0015,nan,nan,0.189,0.0191,0.9443,0.0032,0.487,0.0219,0.1147,0.0182
0,GCN,1:50,focal_loss,PGExplainer,3,nan,nan,0.759,0.0378,nan,nan,nan,nan,0.244,0.0113,-0.1693,0.011
0,GCN,1:50,none,GNNExplainer,3,0.8883,0.0354,0.6163,0.0371,0.0667,0.1155,nan,nan,0.6317,0.0821,-0.2077,0.0317
0,GCN,1:50,none,GNNShap,3,0.9867,0.0012,nan,nan,0.0667,0.1155,0.966,0.0154,-0.0547,0.1945,0.258,0.0962
0,GCN,1:50,none,PGExplainer,3,nan,nan,0.5287,0.1017,nan,nan,nan,nan,-0.1253,0.1094,0.533,0.1833
0,GCN,natural,class_weighting,GNNExplainer,3,0.979,0.007,0.4973,0.0086,0.633,0.1732,nan,nan,0.542,0.0495,-0.0377,0.0595
0,GCN,natural,class_weighting,GNNShap,3,0.9873,0.0021,nan,nan,0.122,0.0191,0.9657,0.0021,0.601,0.0363,0.328,0.0296
0,GCN,natural,class_weighting,PGExplainer,3,nan,nan,0.8017,0.0365,nan,nan,nan,nan,0.18,0.0618,-0.063,0.0383
0,GCN,natural,focal_loss,GNNExplainer,3,0.9513,0.0101,0.4887,0.023,0.7777,0.0693,nan,nan,0.396,0.0594,-0.1853,0.0353
0,GCN,natural,focal_loss,GNNShap,3,0.9957,0.0006,nan,nan,0.1443,0.051,0.9663,0.0021,0.5193,0.0437,0.0797,0.0086
0,GCN,natural,focal_loss,PGExplainer,3,nan,nan,0.7693,0.0325,nan,nan,nan,nan,0.0983,0.0709,-0.188,0.0139
0,GCN,natural,none,GNNExplainer,3,0.9797,0.0058,0.5223,0.0108,0.633,0.2646,nan,nan,0.547,0.0662,-0.071,0.011
0,GCN,natural,none,GNNShap,3,0.9917,0.0006,nan,nan,0.0997,0.0577,0.963,0.0036,0.761,0.0481,0.219,0.041
0,GCN,natural,none,PGExplainer,3,nan,nan,0.8283,0.0337,nan,nan,nan,nan,0.2113,0.0755,-0.092,0.0125
0,GraphSAGE,1:1,class_weighting,GNNExplainer,3,0.8423,0.017,0.4653,0.0084,0.511,0.1169,nan,nan,0.654,0.0877,-0.0187,0.0047
0,GraphSAGE,1:1,class_weighting,GNNShap,3,0.9583,0.0061,nan,nan,0.2,0.0,0.9627,0.0076,0.549,0.0017,0.3823,0.0153
0,GraphSAGE,1:1,class_weighting,PGExplainer,3,nan,nan,0.9563,0.01,nan,nan,nan,nan,0.1493,0.0225,0.1627,0.0592
0,GraphSAGE,1:1,focal_loss,GNNExplainer,3,0.8833,0.0142,0.4547,0.0146,0.4,0.1456,nan,nan,0.403,0.0332,-0.067,0.0139
0,GraphSAGE,1:1,focal_loss,GNNShap,3,0.979,0.0046,nan,nan,0.1223,0.0387,0.9703,0.0025,0.4957,0.0225,0.2497,0.0236
0,GraphSAGE,1:1,focal_loss,PGExplainer,3,nan,nan,0.9193,0.0247,nan,nan,nan,nan,0.093,0.0191,0.1103,0.0257
0,GraphSAGE,1:1,none,GNNExplainer,3,0.8423,0.017,0.4653,0.0084,0.511,0.1169,nan,nan,0.6517,0.0888,-0.0187,0.0047
0,GraphSAGE,1:1,none,GNNShap,3,0.9583,0.0061,nan,nan,0.2,0.0,0.9627,0.0076,0.5487,0.0015,0.3823,0.0153
0,GraphSAGE,1:1,none,PGExplainer,3,nan,nan,0.9563,0.01,nan,nan,nan,nan,0.1493,0.0225,0.1627,0.0592
0,GraphSAGE,1:10,class_weighting,GNNExplainer,3,0.8553,0.0042,0.4983,0.0238,0.5553,0.0387,nan,nan,0.7827,0.0586,-0.0327,0.0186
0,GraphSAGE,1:10,class_weighting,GNNShap,3,0.9677,0.0015,nan,nan,0.1447,0.0387,0.9647,0.0047,0.646,0.0321,0.353,0.0075
0,GraphSAGE,1:10,class_weighting,PGExplainer,3,nan,nan,0.935,0.0236,nan,nan,nan,nan,0.187,0.0459,0.2597,0.0421
0,GraphSAGE,1:10,focal_loss,GNNExplainer,3,0.893,0.0072,0.4863,0.0021,0.4333,0.1205,nan,nan,0.5113,0.0239,-0.1033,0.0138
0,GraphSAGE,1:10,focal_loss,GNNShap,3,0.9827,0.0015,nan,nan,0.1667,0.0335,0.97,0.001,0.546,0.021,0.2217,0.0496
0,GraphSAGE,1:10,focal_loss,PGExplainer,3,nan,nan,0.8983,0.0312,nan,nan,nan,nan,0.0797,0.0065,0.1743,0.011
0,GraphSAGE,1:10,none,GNNExplainer,3,0.8833,0.004,0.493,0.026,0.533,0.0,nan,nan,0.786,0.0234,-0.0523,0.0083
0,GraphSAGE,1:10,none,GNNShap,3,0.9617,0.0035,nan,nan,0.1887,0.051,0.968,0.0035,0.7177,0.0136,0.2997,0.0524
0,GraphSAGE,1:10,none,PGExplainer,3,nan,nan,0.9453,0.0125,nan,nan,nan,nan,0.2847,0.021,0.2653,0.033
0,GraphSAGE,1:100,class_weighting,GNNExplainer,3,0.915,0.0098,0.5,0.0165,0.3997,0.1155,nan,nan,0.8173,0.017,-0.0707,0.0169
0,GraphSAGE,1:100,class_weighting,GNNShap,3,0.9697,0.0045,nan,nan,0.1447,0.0387,0.9153,0.0046,0.573,0.1149,0.5903,0.1193
0,GraphSAGE,1:100,class_weighting,PGExplainer,3,nan,nan,0.932,0.0221,nan,nan,nan,nan,0.1297,0.0302,0.4757,0.0525
0,GraphSAGE,1:100,focal_loss,GNNExplainer,3,0.9213,0.0025,0.519,0.0121,0.189,0.1169,nan,nan,0.4157,0.0474,-0.1857,0.0133
0,GraphSAGE,1:100,focal_loss,GNNShap,3,0.9893,0.0023,nan,nan,0.3,0.033,0.9293,0.0032,0.3233,0.0644,0.2377,0.0671
0,GraphSAGE,1:100,focal_loss,PGExplainer,3,nan,nan,0.8937,0.0391,nan,nan,nan,nan,0.0223,0.0065,0.1937,0.029
0,GraphSAGE,1:100,none,GNNExplainer,3,0.9287,0.0031,0.5247,0.0115,0.1513,0.0172,nan,nan,0.574,0.0308,-0.2043,0.0596
0,GraphSAGE,1:100,none,GNNShap,3,0.981,0.0,nan,nan,0.0553,0.0693,0.9183,0.0032,0.364,0.0285,0.444,0.0599
0,GraphSAGE,1:100,none,PGExplainer,3,nan,nan,0.8937,0.0221,nan,nan,nan,nan,0.0233,0.0067,0.3717,0.0927
0,GraphSAGE,1:50,class_weighting,GNNExplainer,3,0.885,0.0123,0.4947,0.0137,0.4003,0.0577,nan,nan,0.7653,0.0359,-0.031,0.0098
0,GraphSAGE,1:50,class_weighting,GNNShap,3,0.965,0.0036,nan,nan,0.211,0.0381,0.9353,0.005,0.6343,0.0329,0.4917,0.0703
0,GraphSAGE,1:50,class_weighting,PGExplainer,3,nan,nan,0.9237,0.0235,nan,nan,nan,nan,0.175,0.0857,0.3307,0.0701
0,GraphSAGE,1:50,focal_loss,GNNExplainer,3,0.9243,0.008,0.499,0.0193,0.2667,0.0577,nan,nan,0.421,0.0308,-0.1703,0.0064
0,GraphSAGE,1:50,focal_loss,GNNShap,3,0.989,0.0026,nan,nan,0.3447,0.1345,0.9417,0.0078,0.4087,0.0237,0.2027,0.03
0,GraphSAGE,1:50,focal_loss,PGExplainer,3,nan,nan,0.873,0.0383,nan,nan,nan,nan,0.0457,0.0135,0.129,0.0111
0,GraphSAGE,1:50,none,GNNExplainer,3,0.9243,0.0025,0.5143,0.0351,0.222,0.084,nan,nan,0.6297,0.0518,-0.18,0.0085
0,GraphSAGE,1:50,none,GNNShap,3,0.981,0.003,nan,nan,0.222,0.0191,0.9297,0.0057,0.5003,0.0006,0.4403,0.0576
0,GraphSAGE,1:50,none,PGExplainer,3,nan,nan,0.9483,0.0032,nan,nan,nan,nan,0.0983,0.0302,0.2993,0.0454
0,GraphSAGE,natural,class_weighting,GNNExplainer,3,0.8557,0.004,0.4983,0.0238,0.5553,0.0387,nan,nan,0.7827,0.0586,-0.0327,0.0186
0,GraphSAGE,natural,class_weighting,GNNShap,3,0.968,0.002,nan,nan,0.1447,0.0387,0.9647,0.0047,0.6463,0.0315,0.353,0.0075
0,GraphSAGE,natural,class_weighting,PGExplainer,3,nan,nan,0.935,0.0236,nan,nan,nan,nan,0.1863,0.0471,0.2597,0.0421
0,GraphSAGE,natural,focal_loss,GNNExplainer,3,0.894,0.002,0.4867,0.0015,0.4447,0.1072,nan,nan,0.5127,0.0227,-0.1107,0.0153
0,GraphSAGE,natural,focal_loss,GNNShap,3,0.981,0.0026,nan,nan,0.1777,0.0387,0.969,0.001,0.545,0.0255,0.216,0.0537
0,GraphSAGE,natural,focal_loss,PGExplainer,3,nan,nan,0.9,0.0265,nan,nan,nan,nan,0.0837,0.0032,0.1703,0.0163
0,GraphSAGE,natural,none,GNNExplainer,3,0.884,0.005,0.4957,0.0306,0.5443,0.0196,nan,nan,0.7863,0.024,-0.0523,0.0083
0,GraphSAGE,natural,none,GNNShap,3,0.9613,0.0035,nan,nan,0.1887,0.051,0.968,0.0035,0.7197,0.0159,0.2983,0.0547
0,GraphSAGE,natural,none,PGExplainer,3,nan,nan,0.945,0.013,nan,nan,nan,nan,0.2847,0.021,0.2653,0.033
0,TAGCN,1:1,class_weighting,GNNExplainer,3,0.848,0.0225,0.515,0.0601,0.4447,0.0387,nan,nan,0.6147,0.086,-0.012,0.0585
0,TAGCN,1:1,class_weighting,GNNShap,3,0.956,0.006,nan,nan,0.0443,0.051,0.9507,0.0072,0.5703,0.0384,0.247,0.0356
0,TAGCN,1:1,class_weighting,PGExplainer,3,nan,nan,0.89,0.0332,nan,nan,nan,nan,0.1347,0.0599,0.095,0.0751
0,TAGCN,1:1,focal_loss,GNNExplainer,3,0.881,0.0098,0.4843,0.0106,0.3777,0.0508,nan,nan,0.3773,0.0405,-0.1217,0.0148
0,TAGCN,1:1,focal_loss,GNNShap,3,0.985,0.0017,nan,nan,0.0557,0.0196,0.964,0.001,0.4367,0.035,0.151,0.0167
0,TAGCN,1:1,focal_loss,PGExplainer,3,nan,nan,0.7953,0.0381,nan,nan,nan,nan,0.069,0.0594,0.0343,0.031
0,TAGCN,1:1,none,GNNExplainer,3,0.8473,0.0228,0.5153,0.0607,0.4447,0.0387,nan,nan,0.615,0.0861,-0.012,0.0585
0,TAGCN,1:1,none,GNNShap,3,0.956,0.006,nan,nan,0.0443,0.051,0.9503,0.0076,0.5707,0.0389,0.248,0.0339
0,TAGCN,1:1,none,PGExplainer,3,nan,nan,0.89,0.0332,nan,nan,nan,nan,0.1347,0.0599,0.095,0.0751
0,TAGCN,1:10,class_weighting,GNNExplainer,3,0.846,0.0151,0.4427,0.0326,0.4553,0.1072,nan,nan,0.6257,0.0604,0.0183,0.0304
0,TAGCN,1:10,class_weighting,GNNShap,3,0.9607,0.0015,nan,nan,0.0557,0.0196,0.9653,0.0055,0.5463,0.0086,0.1847,0.045
0,TAGCN,1:10,class_weighting,PGExplainer,3,nan,nan,0.8753,0.017,nan,nan,nan,nan,0.101,0.0256,0.2133,0.0647
0,TAGCN,1:10,focal_loss,GNNExplainer,3,0.8647,0.0186,0.3853,0.0085,0.3777,0.0508,nan,nan,0.341,0.0139,-0.1113,0.021
0,TAGCN,1:10,focal_loss,GNNShap,3,0.9843,0.0012,nan,nan,0.078,0.0191,0.9637,0.0057,0.341,0.0302,0.0863,0.0335
0,TAGCN,1:10,focal_loss,PGExplainer,3,nan,nan,0.846,0.0147,nan,nan,nan,nan,-0.004,0.0256,0.1073,0.0348
0,TAGCN,1:10,none,GNNExplainer,3,0.883,0.0147,0.3843,0.0241,0.5443,0.1174,nan,nan,0.632,0.0442,0.0337,0.0071
0,TAGCN,1:10,none,GNNShap,3,0.967,0.0046,nan,nan,0.1223,0.0387,0.962,0.0044,0.3743,0.0258,0.2117,0.0339
0,TAGCN,1:10,none,PGExplainer,3,nan,nan,0.8697,0.0127,nan,nan,nan,nan,0.0827,0.0534,0.2547,0.02
0,TAGCN,1:100,class_weighting,GNNExplainer,3,0.9257,0.0086,0.4877,0.0194,0.2777,0.0387,nan,nan,0.7023,0.086,0.0517,0.0604
0,TAGCN,1:100,class_weighting,GNNShap,3,0.9663,0.0015,nan,nan,0.133,0.0,0.9183,0.0038,0.321,0.0243,0.372,0.0721
0,TAGCN,1:100,class_weighting,PGExplainer,3,nan,nan,0.851,0.0044,nan,nan,nan,nan,0.121,0.0405,0.2873,0.0425
0,TAGCN,1:100,focal_loss,GNNExplainer,3,0.919,0.0046,0.3757,0.032,0.1777,0.0508,nan,nan,0.41,0.0685,-0.0947,0.0124
0,TAGCN,1:100,focal_loss,GNNShap,3,0.9903,0.0015,nan,nan,0.1443,0.0768,0.9383,0.007,0.1637,0.0224,0.0413,0.0065
0,TAGCN,1:100,focal_loss,PGExplainer,3,nan,nan,0.834,0.0436,nan,nan,nan,nan,0.0,0.0053,0.1863,0.0295
0,TAGCN,1:100,none,GNNExplainer,3,0.95,0.0075,0.3643,0.0317,0.2667,0.0335,nan,nan,0.6167,0.0826,0.056,0.0936
0,TAGCN,1:100,none,GNNShap,3,0.977,0.002,nan,nan,0.0887,0.051,0.93,0.0095,0.0767,0.0274,-0.0357,0.1044
0,TAGCN,1:100,none,PGExplainer,3,nan,nan,0.8597,0.0429,nan,nan,nan,nan,0.0473,0.0419,0.331,0.1345
0,TAGCN,1:50,class_weighting,GNNExplainer,3,0.8773,0.017,0.4553,0.0508,0.389,0.084,nan,nan,0.6453,0.05,-0.0247,0.0297
0,TAGCN,1:50,class_weighting,GNNShap,3,0.956,0.006,nan,nan,0.078,0.0191,0.931,0.005,0.3947,0.0392,0.2253,0.0615
0,TAGCN,1:50,class_weighting,PGExplainer,3,nan,nan,0.869,0.0165,nan,nan,nan,nan,0.082,0.016,0.211,0.039
0,TAGCN,1:50,focal_loss,GNNExplainer,3,0.9273,0.0045,0.396,0.0184,0.2667,0.0665,nan,nan,0.381,0.0501,-0.1797,0.0105
0,TAGCN,1:50,focal_loss,GNNShap,3,0.9863,0.0006,nan,nan,0.2,0.033,0.9507,0.004,0.2563,0.0705,0.026,0.0238
0,TAGCN,1:50,focal_loss,PGExplainer,3,nan,nan,0.8673,0.0295,nan,nan,nan,nan,-0.0103,0.0129,0.1133,0.0189
0,TAGCN,1:50,none,GNNExplainer,3,0.9247,0.0278,0.3667,0.0488,0.3,0.1,nan,nan,0.6937,0.0481,-0.022,0.0199
0,TAGCN,1:50,none,GNNShap,3,0.9713,0.0021,nan,nan,0.089,0.0191,0.9373,0.0006,0.2647,0.0243,0.09,0.0308
0,TAGCN,1:50,none,PGExplainer,3,nan,nan,0.8743,0.026,nan,nan,nan,nan,0.0597,0.0648,0.322,0.024
0,TAGCN,natural,class_weighting,GNNExplainer,3,0.846,0.0151,0.4427,0.0326,0.4553,0.1072,nan,nan,0.6257,0.0604,0.0183,0.0304
0,TAGCN,natural,class_weighting,GNNShap,3,0.9607,0.0015,nan,nan,0.0557,0.0196,0.9653,0.0055,0.5463,0.0086,0.1847,0.045
0,TAGCN,natural,class_weighting,PGExplainer,3,nan,nan,0.8753,0.017,nan,nan,nan,nan,0.101,0.0256,0.2133,0.0647
0,TAGCN,natural,focal_loss,GNNExplainer,3,0.8643,0.018,0.3847,0.0086,0.3777,0.0508,nan,nan,0.341,0.0139,-0.1107,0.022
0,TAGCN,natural,focal_loss,GNNShap,3,0.9843,0.0012,nan,nan,0.078,0.0191,0.9637,0.0057,0.3483,0.0314,0.08,0.0225
0,TAGCN,natural,focal_loss,PGExplainer,3,nan,nan,0.847,0.0156,nan,nan,nan,nan,-0.0037,0.0252,0.1073,0.0348
0,TAGCN,natural,none,GNNExplainer,3,0.8833,0.0146,0.3843,0.0241,0.5443,0.1174,nan,nan,0.632,0.0442,0.0337,0.0071
0,TAGCN,natural,none,GNNShap,3,0.967,0.0046,nan,nan,0.1223,0.0387,0.962,0.0044,0.3747,0.0264,0.2117,0.0339
0,TAGCN,natural,none,PGExplainer,3,nan,nan,0.87,0.0122,nan,nan,nan,nan,0.083,0.0528,0.2547,0.02
1,GAT,1:1,none,GNNExplainer,3,0.9773,0.0075,0.5533,0.015,0.2667,0.2335,nan,nan,0.595,0.0901,-0.11,0.0623
1,GAT,1:1,none,GNNShap,3,0.97,0.006,nan,nan,0.1667,0.0577,0.93,0.0044,0.4367,0.0476,0.461,0.0981
1,GAT,1:1,none,PGExplainer,3,nan,nan,0.545,0.2442,nan,nan,nan,nan,0.0517,0.2014,0.299,0.3614
1,GAT,natural,none,GNNExplainer,3,0.9813,0.0025,0.5307,0.0285,0.4553,0.0387,nan,nan,0.62,0.0193,-0.1437,0.0593
1,GAT,natural,none,GNNShap,3,0.9633,0.0098,nan,nan,0.2337,0.1155,0.9507,0.0029,0.4723,0.0705,0.4313,0.0287
1,GAT,natural,none,PGExplainer,3,nan,nan,0.6537,0.242,nan,nan,nan,nan,0.1377,0.2688,0.2023,0.351
1,GCN,1:1,none,GNNExplainer,3,0.9783,0.0021,0.5053,0.0154,0.6557,0.1019,nan,nan,0.4583,0.1181,0.0067,0.0061
1,GCN,1:1,none,GNNShap,3,0.984,0.0035,nan,nan,0.0777,0.0508,0.9627,0.0021,0.641,0.0135,0.2483,0.0246
1,GCN,1:1,none,PGExplainer,3,nan,nan,0.5653,0.0256,nan,nan,nan,nan,-0.044,0.0111,0.08,0.1244
1,GCN,natural,none,GNNExplainer,3,0.9823,0.0021,0.5277,0.0067,0.5447,0.1345,nan,nan,0.5827,0.0277,-0.1043,0.0168
1,GCN,natural,none,GNNShap,3,0.9887,0.0031,nan,nan,0.189,0.0191,0.9737,0.0012,0.666,0.0411,0.2887,0.0393
1,GCN,natural,none,PGExplainer,3,nan,nan,0.823,0.037,nan,nan,nan,nan,0.1483,0.0076,-0.1137,0.0145
1,GraphSAGE,1:1,none,GNNExplainer,3,0.8507,0.011,0.4893,0.0144,0.4333,0.0335,nan,nan,0.5513,0.0177,-0.0027,0.0015
1,GraphSAGE,1:1,none,GNNShap,3,0.9627,0.0038,nan,nan,0.1557,0.0196,0.949,0.0046,0.482,0.0512,0.4243,0.0559
1,GraphSAGE,1:1,none,PGExplainer,3,nan,nan,0.8717,0.062,nan,nan,nan,nan,0.0817,0.0347,0.2307,0.024
1,GraphSAGE,natural,none,GNNExplainer,3,0.8973,0.0101,0.5427,0.0208,0.5337,0.0577,nan,nan,0.7857,0.0274,-0.0193,0.0119
1,GraphSAGE,natural,none,GNNShap,3,0.9673,0.0012,nan,nan,0.2667,0.0665,0.9553,0.004,0.542,0.0185,0.488,0.0433
1,GraphSAGE,natural,none,PGExplainer,3,nan,nan,0.9397,0.0114,nan,nan,nan,nan,0.2113,0.0248,0.3327,0.0093
1,TAGCN,1:1,none,GNNExplainer,3,0.8793,0.006,0.5443,0.0215,0.4997,0.0577,nan,nan,0.6203,0.015,0.037,0.0313
1,TAGCN,1:1,none,GNNShap,3,0.9647,0.0058,nan,nan,0.0663,0.0577,0.9513,0.0035,0.3773,0.0237,0.454,0.0655
1,TAGCN,1:1,none,PGExplainer,3,nan,nan,0.8177,0.1118,nan,nan,nan,nan,0.1513,0.0367,0.1613,0.0292
1,TAGCN,natural,none,GNNExplainer,3,0.9017,0.0081,0.49,0.0353,0.4333,0.0335,nan,nan,0.686,0.0524,-0.0477,0.0199
1,TAGCN,natural,none,GNNShap,3,0.9693,0.0031,nan,nan,0.1667,0.0335,0.959,0.0046,0.3753,0.0809,0.338,0.1205
1,TAGCN,natural,none,PGExplainer,3,nan,nan,0.9003,0.0075,nan,nan,nan,nan,0.1617,0.0162,0.153,0.0271
2,GAT,1:1,none,GNNExplainer,3,0.967,0.0165,0.522,0.0159,0.5667,0.1335,nan,nan,0.561,0.072,-0.0587,0.0199
2,GAT,1:1,none,GNNShap,3,0.9697,0.0106,nan,nan,0.333,0.1,0.9403,0.0182,0.5303,0.1049,0.33,0.2414
2,GAT,1:1,none,PGExplainer,3,nan,nan,0.7343,0.065,nan,nan,nan,nan,0.0697,0.1137,-0.0647,0.0121
2,GAT,natural,none,GNNExplainer,3,0.9827,0.0032,0.5467,0.0134,0.5443,0.201,nan,nan,0.5983,0.0665,-0.14,0.0477
2,GAT,natural,none,GNNShap,3,0.963,0.0069,nan,nan,0.3333,0.0665,0.9503,0.0057,0.5907,0.0774,0.3537,0.0534
2,GAT,natural,none,PGExplainer,3,nan,nan,0.7413,0.2122,nan,nan,nan,nan,0.093,0.2725,0.2083,0.3866
2,GCN,1:1,none,GNNExplainer,3,0.976,0.0072,0.5073,0.0061,0.7113,0.0768,nan,nan,0.4363,0.0624,-0.011,0.0399
2,GCN,1:1,none,GNNShap,3,0.987,0.0017,nan,nan,0.1557,0.051,0.9533,0.0021,0.5413,0.0365,0.225,0.0521
2,GCN,1:1,none,PGExplainer,3,nan,nan,0.7747,0.0114,nan,nan,nan,nan,0.1267,0.0502,-0.0113,0.0172
2,GCN,natural,none,GNNExplainer,3,0.979,0.0095,0.5027,0.0367,0.6333,0.1761,nan,nan,0.5697,0.0381,-0.1043,0.0287
2,GCN,natural,none,GNNShap,3,0.99,0.0,nan,nan,0.1663,0.0577,0.9673,0.0031,0.6413,0.093,0.2867,0.0451
2,GCN,natural,none,PGExplainer,3,nan,nan,0.786,0.0235,nan,nan,nan,nan,0.1507,0.0465,-0.0923,0.0197
2,GraphSAGE,1:1,none,GNNExplainer,3,0.8747,0.0131,0.518,0.009,0.5,0.0883,nan,nan,0.7363,0.0236,-0.0037,0.0023
2,GraphSAGE,1:1,none,GNNShap,3,0.964,0.0035,nan,nan,0.089,0.0191,0.9337,0.0012,0.603,0.0148,0.3217,0.0243
2,GraphSAGE,1:1,none,PGExplainer,3,nan,nan,0.9093,0.0255,nan,nan,nan,nan,0.093,0.0145,0.2993,0.0366
2,GraphSAGE,natural,none,GNNExplainer,3,0.9163,0.0046,0.5193,0.0117,0.578,0.1169,nan,nan,0.8183,0.0595,-0.0453,0.0135
2,GraphSAGE,natural,none,GNNShap,3,0.9713,0.0015,nan,nan,0.2557,0.051,0.962,0.0,0.7427,0.02,0.3397,0.0225
2,GraphSAGE,natural,none,PGExplainer,3,nan,nan,0.902,0.0308,nan,nan,nan,nan,0.1467,0.0231,0.342,0.0476
2,TAGCN,1:1,none,GNNExplainer,3,0.8577,0.03,0.5863,0.0399,0.6777,0.1349,nan,nan,0.6317,0.0508,0.0127,0.0353
2,TAGCN,1:1,none,GNNShap,3,0.9573,0.0067,nan,nan,0.1,0.067,0.95,0.0078,0.4733,0.0201,0.3933,0.0317
2,TAGCN,1:1,none,PGExplainer,3,nan,nan,0.9247,0.0055,nan,nan,nan,nan,0.1387,0.0212,0.1397,0.0179
2,TAGCN,natural,none,GNNExplainer,3,0.9077,0.0112,0.5273,0.0239,0.689,0.0191,nan,nan,0.676,0.017,-0.047,0.0251
2,TAGCN,natural,none,GNNShap,3,0.969,0.0017,nan,nan,0.2337,0.0577,0.966,0.0026,0.3177,0.053,0.3213,0.0264
2,TAGCN,natural,none,PGExplainer,3,nan,nan,0.8607,0.0096,nan,nan,nan,nan,0.1613,0.0348,0.153,0.0123
