architecture,scenario,node,node_typ,spearman,plaus_f1,plaus_prec,plaus_rec,plaus_feat,sub_n_nodes,sub_n_edges
GraphSAGE,1:1,9009,3,0.9333834586466164,0.4666666666666667,0.4666666666666667,0.4666666666666667,1.0,32,62
GraphSAGE,1:1,8147,1,0.9045112781954886,0.5294117647058824,0.5294117647058824,0.5294117647058824,1.0,28,62
GraphSAGE,1:1,8740,2,0.883609022556391,0.375,0.375,0.375,1.0,23,44
GraphSAGE,1:1,8336,1,0.9018045112781955,0.5714285714285714,0.5714285714285714,0.5714285714285714,0.0,30,68
GraphSAGE,1:1,8404,2,0.8639097744360902,0.5,0.5,0.5,1.0,25,48
GraphSAGE,1:1,9133,3,0.9106766917293232,0.4666666666666667,0.4666666666666667,0.4666666666666667,1.0,31,60
GraphSAGE,1:1,8107,1,0.4902255639097744,0.41304347826086957,0.41304347826086957,0.41304347826086957,1.0,83,174
GraphSAGE,1:1,8053,1,0.501203007518797,0.36363636363636365,0.36363636363636365,0.36363636363636365,1.0,83,176
GraphSAGE,1:1,8285,1,0.9009022556390978,0.4230769230769231,0.4230769230769231,0.4230769230769231,1.0,27,60
GraphSAGE,1:1,8346,1,0.6578947368421052,0.5454545454545454,0.5454545454545454,0.5454545454545454,1.0,35,80
GraphSAGE,1:1,8749,2,0.9210526315789472,0.5,0.5,0.5,1.0,19,36
GraphSAGE,1:1,8900,3,0.6566917293233082,0.29545454545454547,0.29545454545454547,0.29545454545454547,1.0,102,202
GraphSAGE,1:1,8716,2,0.7556390977443609,0.375,0.375,0.375,1.0,23,44
GraphSAGE,1:1,8270,1,0.9261654135338345,0.5,0.5,0.5,1.0,25,58
GraphSAGE,1:1,8635,2,0.9351879699248119,0.75,0.75,0.75,1.0,23,44
GraphSAGE,1:1,8937,3,0.8781954887218044,0.5,0.5,0.5,1.0,38,74
GraphSAGE,1:1,9042,3,0.8842105263157893,0.5,0.5,0.5,1.0,36,70
GraphSAGE,1:1,9405,4,0.77593984962406,0.5555555555555556,0.5555555555555556,0.5555555555555556,0.0,30,58
GraphSAGE,1:1,9313,4,0.8509774436090225,0.5,0.5,0.5,1.0,32,62
GraphSAGE,1:1,8209,1,0.9275187969924812,0.6590909090909091,0.6590909090909091,0.6590909090909091,0.0,25,60
GraphSAGE,1:1,8029,1,0.9403007518796992,0.45454545454545453,0.45454545454545453,0.45454545454545453,1.0,25,52
GraphSAGE,1:1,9184,3,0.7118796992481202,0.5,0.5,0.5,1.0,35,68
GraphSAGE,1:1,9128,3,0.9090225563909774,0.5,0.5,0.5,1.0,31,60
GraphSAGE,1:1,8745,2,0.8663157894736842,0.5,0.5,0.5,1.0,21,40
GraphSAGE,1:1,9462,4,0.8848120300751878,0.575,0.575,0.575,0.0,33,66
GraphSAGE,1:1,9389,4,0.8645112781954888,0.525,0.525,0.525,1.0,40,78
GraphSAGE,1:1,8521,2,0.6878195488721803,0.3333333333333333,0.3333333333333333,0.3333333333333333,1.0,23,44
GraphSAGE,1:1,9471,4,0.9210526315789472,0.525,0.525,0.525,1.0,33,66
GraphSAGE,1:1,8333,1,0.8320300751879699,0.5238095238095238,0.5238095238095238,0.5238095238095238,1.0,33,76
GraphSAGE,1:1,8665,2,0.8912781954887217,0.5,0.5,0.5,1.0,19,36
GraphSAGE,1:10,8568,2,0.8270676691729323,0.5,0.5,0.5,1.0,17,32
GraphSAGE,1:10,8147,1,0.9574436090225562,0.5294117647058824,0.5294117647058824,0.5294117647058824,1.0,28,62
GraphSAGE,1:10,9119,3,0.938796992481203,0.5416666666666666,0.5416666666666666,0.5416666666666666,1.0,27,52
GraphSAGE,1:10,8265,1,0.9153383458646616,0.47368421052631576,0.47368421052631576,0.47368421052631576,1.0,34,76
GraphSAGE,1:10,9321,4,0.9418045112781954,0.5,0.5,0.5,0.0,32,62
GraphSAGE,1:10,9008,3,0.8744360902255638,0.4666666666666667,0.4666666666666667,0.4666666666666667,1.0,33,64
GraphSAGE,1:10,8107,1,0.580751879699248,0.41304347826086957,0.41304347826086957,0.41304347826086957,1.0,83,174
GraphSAGE,1:10,8053,1,0.5326315789473683,0.36363636363636365,0.36363636363636365,0.36363636363636365,1.0,83,176
GraphSAGE,1:10,9238,4,0.9013533834586465,0.5,0.5,0.5,0.0,39,76
GraphSAGE,1:10,9121,3,0.9291729323308269,0.5,0.5,0.5,1.0,26,50
GraphSAGE,1:10,9405,4,0.8969924812030075,0.5555555555555556,0.5555555555555556,0.5555555555555556,0.0,30,58
GraphSAGE,1:10,8997,3,0.8891729323308268,0.4666666666666667,0.4666666666666667,0.4666666666666667,1.0,32,64
GraphSAGE,1:10,9184,3,0.8436090225563909,0.53125,0.53125,0.53125,1.0,35,68
GraphSAGE,1:10,8224,1,0.8784962406015037,0.5476190476190477,0.5476190476190477,0.5476190476190477,1.0,36,80
GraphSAGE,1:10,8333,1,0.9224060150375939,0.5238095238095238,0.5238095238095238,0.5238095238095238,0.0,33,76
GraphSAGE,1:10,8937,3,0.9246616541353383,0.5,0.5,0.5,1.0,38,74
GraphSAGE,1:10,8209,1,0.946766917293233,0.6590909090909091,0.6590909090909091,0.6590909090909091,0.0,25,60
GraphSAGE,1:10,8803,2,0.9592481203007518,0.25,0.25,0.25,1.0,17,32
GraphSAGE,1:10,8825,2,0.961954887218045,0.5,0.5,0.5,1.0,26,50
GraphSAGE,1:10,8687,2,0.7630075187969924,0.25,0.25,0.25,1.0,30,58
GraphSAGE,1:10,8029,1,0.9554887218045112,0.5454545454545454,0.5454545454545454,0.5454545454545454,1.0,25,52
GraphSAGE,1:10,8556,2,0.9493233082706766,0.5,0.5,0.5,1.0,25,48
GraphSAGE,1:10,8226,1,0.9034586466165413,0.5238095238095238,0.5238095238095238,0.5238095238095238,1.0,33,74
GraphSAGE,1:10,8604,2,0.8467669172932331,0.375,0.375,0.375,1.0,20,38
GraphSAGE,1:10,9462,4,0.9240601503759398,0.575,0.575,0.575,0.0,33,66
GraphSAGE,1:10,8521,2,0.772330827067669,0.5,0.5,0.5,1.0,23,44
GraphSAGE,1:10,9442,4,0.9267669172932331,0.3,0.3,0.3,1.0,30,58
GraphSAGE,1:10,9096,3,0.9562406015037593,0.5294117647058824,0.5294117647058824,0.5294117647058824,1.0,34,66
GraphSAGE,1:10,8647,2,0.946315789473684,0.0,0.0,0.0,1.0,21,40
GraphSAGE,1:10,8698,2,0.9584962406015036,0.5,0.5,0.5,1.0,18,34
GraphSAGE,1:50,9405,4,0.9105263157894736,0.5555555555555556,0.5555555555555556,0.5555555555555556,1.0,30,58
GraphSAGE,1:50,8052,1,0.9362406015037592,0.5238095238095238,0.5238095238095238,0.5238095238095238,1.0,31,70
GraphSAGE,1:50,8365,1,0.9381954887218044,0.4000000000000001,0.4,0.4,0.0,29,62
GraphSAGE,1:50,9300,4,0.9524812030075187,0.43333333333333335,0.43333333333333335,0.43333333333333335,0.0,30,58
GraphSAGE,1:50,8597,2,0.9442105263157894,0.375,0.375,0.375,1.0,24,46
GraphSAGE,1:50,9128,3,0.9145864661654134,0.4666666666666667,0.4666666666666667,0.4666666666666667,1.0,31,60
GraphSAGE,1:50,9462,4,0.9108270676691728,0.575,0.575,0.575,0.0,33,66
GraphSAGE,1:50,9008,3,0.8891729323308271,0.4666666666666667,0.4666666666666667,0.4666666666666667,0.0,33,64
GraphSAGE,1:50,8059,1,0.8724812030075186,0.5227272727272727,0.5227272727272727,0.5227272727272727,1.0,37,80
GraphSAGE,1:50,8147,1,0.9497744360902255,0.5294117647058824,0.5294117647058824,0.5294117647058824,0.0,28,62
GraphSAGE,1:50,9112,3,0.9124812030075187,0.5294117647058824,0.5294117647058824,0.5294117647058824,1.0,33,64
GraphSAGE,1:50,9382,4,0.8908270676691729,0.525,0.525,0.525,0.0,35,68
GraphSAGE,1:50,9411,4,0.9604511278195487,0.5,0.5,0.5,0.0,30,58
GraphSAGE,1:50,9354,4,0.9257142857142856,0.525,0.525,0.525,0.0,35,68
GraphSAGE,1:50,8738,2,0.9461654135338342,0.5,0.5,0.5,1.0,17,32
GraphSAGE,1:50,8320,1,0.8926315789473683,0.4666666666666667,0.4666666666666667,0.4666666666666667,0.0,31,66
GraphSAGE,1:50,9238,4,0.9649624060150375,0.5,0.5,0.5,0.0,39,76
GraphSAGE,1:50,8082,1,0.9526315789473683,0.6956521739130435,0.6956521739130435,0.6956521739130435,0.0,27,64
GraphSAGE,1:50,8461,2,0.9497744360902255,0.375,0.375,0.375,1.0,20,38
GraphSAGE,1:50,8121,1,0.9718796992481202,0.5652173913043478,0.5652173913043478,0.5652173913043478,0.0,35,78
GraphSAGE,1:50,9438,4,0.9470676691729322,0.5,0.5,0.5,0.0,32,62
GraphSAGE,1:50,8099,1,0.9678195488721805,0.58,0.58,0.58,0.0,32,84
GraphSAGE,1:50,8619,2,0.981954887218045,0.5,0.5,0.5,1.0,26,50
GraphSAGE,1:50,8855,2,0.9521804511278195,0.3333333333333333,0.3333333333333333,0.3333333333333333,1.0,18,34
GraphSAGE,1:50,8164,1,0.8858646616541351,0.525,0.525,0.525,1.0,33,72
GraphSAGE,1:50,8637,2,0.9406015037593983,0.3333333333333333,0.3333333333333333,0.3333333333333333,1.0,23,44
GraphSAGE,1:50,9540,4,0.9360902255639096,0.4000000000000001,0.4,0.4,0.0,32,62
GraphSAGE,1:50,9316,4,0.9514285714285714,0.5294117647058824,0.5294117647058824,0.5294117647058824,0.0,31,60
GraphSAGE,1:50,8065,1,0.9064661654135339,0.45454545454545453,0.45454545454545453,0.45454545454545453,0.0,40,86
GraphSAGE,1:50,8982,3,0.9530827067669172,0.4666666666666667,0.4666666666666667,0.4666666666666667,1.0,32,62
GAT,1:1,9466,4,0.9830075187969924,0.525,0.525,0.525,1.0,38,76
GAT,1:1,9411,4,0.9869172932330825,0.5384615384615384,0.5384615384615384,0.5384615384615384,1.0,30,58
GAT,1:1,8825,2,0.9881203007518795,0.5,0.5,0.5,0.0,26,50
GAT,1:1,8053,1,0.9840601503759399,0.7727272727272727,0.7727272727272727,0.7727272727272727,1.0,83,176
GAT,1:1,8335,1,0.9676691729323308,0.5476190476190477,0.5476190476190477,0.5476190476190477,1.0,33,76
GAT,1:1,9460,4,0.9860150375939849,0.525,0.525,0.525,1.0,35,70
GAT,1:1,8404,2,0.9711278195488721,0.375,0.375,0.375,0.0,25,48
GAT,1:1,8463,2,0.9628571428571429,0.5,0.5,0.5,0.0,22,44
GAT,1:1,8029,1,0.9903759398496239,0.5454545454545454,0.5454545454545454,0.5454545454545454,1.0,25,52
GAT,1:1,8874,2,0.9762406015037592,0.375,0.375,0.375,0.0,23,44
GAT,1:1,8423,2,0.9609022556390977,0.375,0.375,0.375,1.0,26,50
GAT,1:1,9026,3,0.9888721804511278,0.5294117647058824,0.5294117647058824,0.5294117647058824,1.0,35,68
GAT,1:1,8969,3,0.9903759398496239,0.5277777777777778,0.5277777777777778,0.5277777777777778,1.0,32,62
GAT,1:1,8738,2,0.9454135338345866,0.5,0.5,0.5,0.0,17,32
GAT,1:1,8265,1,0.9724812030075187,0.5263157894736842,0.5263157894736842,0.5263157894736842,1.0,34,76
GAT,1:1,8270,1,0.9876691729323307,0.5333333333333333,0.5333333333333333,0.5333333333333333,1.0,25,58
GAT,1:1,8694,2,0.960751879699248,0.375,0.375,0.375,0.0,24,46
GAT,1:1,8461,2,0.9888721804511278,0.25,0.25,0.25,0.0,20,38
GAT,1:1,8285,1,0.9866165413533834,0.5384615384615384,0.5384615384615384,0.5384615384615384,1.0,27,60
GAT,1:1,8637,2,0.9736842105263157,0.8333333333333334,0.8333333333333334,0.8333333333333334,1.0,23,44
GAT,1:1,8740,2,0.9754887218045113,0.5,0.5,0.5,0.0,23,44
GAT,1:1,8447,2,0.9490225563909773,0.5,0.5,0.5,0.0,21,40
GAT,1:1,9350,4,0.9875187969924811,0.525,0.525,0.525,1.0,36,70
GAT,1:1,8226,1,0.9899248120300751,0.5238095238095238,0.5238095238095238,0.5238095238095238,1.0,33,74
GAT,1:1,8209,1,0.9766917293233084,0.6590909090909091,0.6590909090909091,0.6590909090909091,1.0,25,60
GAT,1:1,9455,4,0.9810526315789472,0.525,0.525,0.525,1.0,36,74
GAT,1:1,9464,4,0.988721804511278,0.525,0.525,0.525,1.0,36,72
GAT,1:1,8521,2,0.9672180451127816,0.5,0.5,0.5,1.0,23,44
GAT,1:1,9133,3,0.9932330827067668,0.5333333333333333,0.5333333333333333,0.5333333333333333,0.0,31,60
GAT,1:1,9293,4,0.986766917293233,0.5333333333333333,0.5333333333333333,0.5333333333333333,1.0,36,70
GAT,1:10,8897,3,0.9908270676691726,0.5294117647058824,0.5294117647058824,0.5294117647058824,1.0,35,68
GAT,1:10,8073,1,0.9884210526315789,0.5652173913043478,0.5652173913043478,0.5652173913043478,1.0,35,80
GAT,1:10,9443,4,0.9559398496240602,0.55,0.55,0.55,1.0,27,52
GAT,1:10,8985,3,0.9804511278195488,0.5333333333333333,0.5333333333333333,0.5333333333333333,1.0,36,70
GAT,1:10,8040,1,0.9852631578947367,0.5238095238095238,0.5238095238095238,0.5238095238095238,1.0,37,82
GAT,1:10,9267,4,0.9906766917293233,0.5416666666666666,0.5416666666666666,0.5416666666666666,1.0,26,50
GAT,1:10,8053,1,0.9756390977443609,0.75,0.75,0.75,1.0,83,176
GAT,1:10,9471,4,0.9860150375939847,0.525,0.525,0.525,1.0,33,66
GAT,1:10,8853,2,0.938345864661654,0.5,0.5,0.5,0.0,20,38
GAT,1:10,9468,4,0.9885714285714287,0.575,0.575,0.575,1.0,33,66
GAT,1:10,9340,4,0.9860150375939849,0.55,0.55,0.55,1.0,34,66
GAT,1:10,9042,3,0.9875187969924811,0.5294117647058824,0.5294117647058824,0.5294117647058824,1.0,36,70
GAT,1:10,8126,1,0.9658646616541352,0.6363636363636364,0.6363636363636364,0.6363636363636364,1.0,47,98
GAT,1:10,9366,4,0.9751879699248119,0.5384615384615384,0.5384615384615384,0.5384615384615384,1.0,27,52
GAT,1:10,8854,2,0.9451127819548871,0.5,0.5,0.5,0.0,26,50
GAT,1:10,8259,1,0.9897744360902255,0.5526315789473685,0.5526315789473685,0.5526315789473685,1.0,28,64
GAT,1:10,8106,1,0.966015037593985,0.54,0.54,0.54,1.0,39,94
GAT,1:10,9411,4,0.9857142857142855,0.5384615384615384,0.5384615384615384,0.5384615384615384,1.0,30,58
GAT,1:10,8365,1,0.9760902255639097,0.5333333333333333,0.5333333333333333,0.5333333333333333,1.0,29,62
GAT,1:10,8089,1,0.9861654135338345,0.5869565217391305,0.5869565217391305,0.5869565217391305,1.0,34,78
GAT,1:10,9425,4,0.9580451127819547,0.5294117647058824,0.5294117647058824,0.5294117647058824,1.0,31,60
GAT,1:10,8921,3,0.9917293233082706,0.5909090909090909,0.5909090909090909,0.5909090909090909,1.0,36,70
GAT,1:10,9065,3,0.9909774436090224,0.5263157894736842,0.5263157894736842,0.5263157894736842,1.0,33,64
GAT,1:10,9540,4,0.9855639097744359,0.5333333333333333,0.5333333333333333,0.5333333333333333,1.0,32,62
GAT,1:10,8058,1,0.9948872180451126,0.5454545454545454,0.5454545454545454,0.5454545454545454,1.0,33,72
GAT,1:10,9464,4,0.9857142857142858,0.525,0.525,0.525,1.0,36,72
GAT,1:10,9276,4,0.9912781954887218,0.5666666666666667,0.5666666666666667,0.5666666666666667,1.0,26,50
GAT,1:10,8797,2,0.9649624060150375,0.5,0.5,0.5,0.0,17,34
GAT,1:10,8331,1,0.9824060150375941,0.5952380952380952,0.5952380952380952,0.5952380952380952,1.0,30,72
GAT,1:10,8107,1,0.9774436090225563,0.782608695652174,0.782608695652174,0.782608695652174,1.0,83,174
GAT,1:50,9321,4,0.9834586466165414,0.5294117647058824,0.5294117647058824,0.5294117647058824,1.0,32,62
GAT,1:50,8335,1,0.9890225563909774,0.5476190476190477,0.5476190476190477,0.5476190476190477,1.0,33,76
GAT,1:50,9103,3,0.983157894736842,0.5294117647058824,0.5294117647058824,0.5294117647058824,1.0,36,70
GAT,1:50,9176,3,0.9894736842105262,0.5208333333333334,0.5208333333333334,0.5208333333333334,1.0,40,78
GAT,1:50,8899,3,0.9879699248120299,0.5294117647058824,0.5294117647058824,0.5294117647058824,1.0,38,74
GAT,1:50,9178,3,0.9912781954887218,0.5208333333333334,0.5208333333333334,0.5208333333333334,1.0,39,76
GAT,1:50,8969,3,0.9870676691729322,0.5277777777777778,0.5277777777777778,0.5277777777777778,1.0,32,62
GAT,1:50,8333,1,0.9945864661654135,0.5238095238095238,0.5238095238095238,0.5238095238095238,1.0,33,76
GAT,1:50,8113,1,0.9990977443609023,0.6086956521739131,0.6086956521739131,0.6086956521739131,1.0,34,76
GAT,1:50,8906,3,0.9960902255639098,0.5227272727272727,0.5227272727272727,0.5227272727272727,1.0,37,72
GAT,1:50,8121,1,0.9852631578947365,0.5652173913043478,0.5652173913043478,0.5652173913043478,1.0,35,78
GAT,1:50,9320,4,0.9932330827067668,0.5294117647058824,0.5294117647058824,0.5294117647058824,1.0,38,76
GAT,1:50,8040,1,0.9920300751879697,0.5238095238095238,0.5238095238095238,0.5238095238095238,1.0,37,82
GAT,1:50,8058,1,0.9921804511278195,0.5454545454545454,0.5454545454545454,0.5454545454545454,1.0,33,72
GAT,1:50,9174,3,0.9924812030075187,0.5208333333333334,0.5208333333333334,0.5208333333333334,1.0,41,80
GAT,1:50,8897,3,0.980751879699248,0.5294117647058824,0.5294117647058824,0.5294117647058824,1.0,35,68
GAT,1:50,8921,3,0.9924812030075186,0.5909090909090909,0.5909090909090909,0.5909090909090909,1.0,36,70
GAT,1:50,8059,1,0.9963909774436088,0.5454545454545454,0.5454545454545454,0.5454545454545454,1.0,37,80
GAT,1:50,8331,1,0.9885714285714284,0.5952380952380952,0.5952380952380952,0.5952380952380952,1.0,30,72
GAT,1:50,8051,1,0.9959398496240601,0.5714285714285714,0.5714285714285714,0.5714285714285714,1.0,32,72
GAT,1:50,9046,3,0.9965413533834585,0.5333333333333333,0.5333333333333333,0.5333333333333333,1.0,32,62
GAT,1:50,8052,1,0.9900751879699248,0.5238095238095238,0.5238095238095238,0.5238095238095238,1.0,31,70
GAT,1:50,9316,4,0.9896240601503757,0.5294117647058824,0.5294117647058824,0.5294117647058824,1.0,31,60
GAT,1:50,8053,1,0.9751879699248119,0.5909090909090909,0.5909090909090909,0.5909090909090909,0.0,83,176
GAT,1:50,9313,4,0.9945864661654135,0.5294117647058824,0.5294117647058824,0.5294117647058824,1.0,32,62
GAT,1:50,9019,3,0.9885714285714284,0.5357142857142857,0.5357142857142857,0.5357142857142857,1.0,29,56
GAT,1:50,9112,3,0.9903759398496241,0.5294117647058824,0.5294117647058824,0.5294117647058824,1.0,33,64
GAT,1:50,8123,1,0.9941353383458645,0.6304347826086957,0.6304347826086957,0.6304347826086957,1.0,31,70
GAT,1:50,9011,3,0.9935338345864662,0.5357142857142857,0.5357142857142857,0.5357142857142857,1.0,27,54
GAT,1:50,8917,3,0.9936842105263157,0.5227272727272727,0.5227272727272727,0.5227272727272727,1.0,39,76
GCN,1:1,8863,2,0.9839097744360903,0.5,0.5,0.5,1.0,20,38
GCN,1:1,9489,4,0.9878195488721803,0.5333333333333333,0.5333333333333333,0.5333333333333333,1.0,34,66
GCN,1:1,9184,3,0.9839097744360898,0.53125,0.53125,0.53125,1.0,35,68
GCN,1:1,9015,3,0.983157894736842,0.5357142857142857,0.5357142857142857,0.5357142857142857,1.0,29,56
GCN,1:1,8280,1,0.9732330827067669,0.5384615384615384,0.5384615384615384,0.5384615384615384,1.0,22,50
GCN,1:1,8058,1,0.9879699248120299,0.5454545454545454,0.5454545454545454,0.5454545454545454,1.0,33,72
GCN,1:1,8541,2,0.9784962406015035,0.3333333333333333,0.3333333333333333,0.3333333333333333,1.0,24,46
GCN,1:1,8722,2,0.9918796992481201,0.25,0.25,0.25,1.0,22,42
GCN,1:1,8797,2,0.964360902255639,0.375,0.375,0.375,1.0,17,34
GCN,1:1,8160,1,0.9879699248120299,0.575,0.575,0.575,1.0,30,66
GCN,1:1,8040,1,0.9909774436090224,0.5238095238095238,0.5238095238095238,0.5238095238095238,1.0,37,82
GCN,1:1,8533,2,0.9735338345864661,0.5,0.5,0.5,1.0,19,36
GCN,1:1,8228,1,0.9927819548872181,0.5238095238095238,0.5238095238095238,0.5238095238095238,1.0,41,90
GCN,1:1,8842,2,0.9801503759398494,0.25,0.25,0.25,1.0,18,34
GCN,1:1,9227,4,0.9924812030075187,0.55,0.55,0.55,1.0,35,68
GCN,1:1,8229,1,0.9897744360902255,0.5714285714285714,0.5714285714285714,0.5714285714285714,1.0,31,70
GCN,1:1,8564,2,0.9667669172932328,0.5,0.5,0.5,1.0,19,36
GCN,1:1,8435,2,0.9781954887218044,0.25,0.25,0.25,1.0,24,46
GCN,1:1,8746,2,0.9550375939849625,0.375,0.375,0.375,1.0,21,40
GCN,1:1,8448,2,0.9230075187969924,0.375,0.375,0.375,1.0,23,44
GCN,1:1,8825,2,0.9882706766917293,0.375,0.375,0.375,1.0,26,50
GCN,1:1,9405,4,0.9789473684210526,0.5555555555555556,0.5555555555555556,0.5555555555555556,1.0,30,58
GCN,1:1,9287,4,0.9885714285714284,0.5333333333333333,0.5333333333333333,0.5333333333333333,1.0,38,74
GCN,1:1,8113,1,0.9851127819548872,0.6086956521739131,0.6086956521739131,0.6086956521739131,1.0,34,76
GCN,1:1,8668,2,0.9714285714285713,0.25,0.25,0.25,1.0,19,36
GCN,1:1,9321,4,0.9857142857142858,0.5294117647058824,0.5294117647058824,0.5294117647058824,1.0,32,62
GCN,1:1,9347,4,0.9866165413533834,0.55,0.55,0.55,1.0,35,68
GCN,1:1,8331,1,0.9884210526315789,0.5952380952380952,0.5952380952380952,0.5952380952380952,1.0,30,72
GCN,1:1,8481,2,0.9685714285714285,0.25,0.25,0.25,1.0,18,34
GCN,1:1,8477,2,0.9610526315789472,0.25,0.25,0.25,1.0,24,46
GCN,1:10,8180,1,0.9908270676691726,0.5652173913043478,0.5652173913043478,0.5652173913043478,1.0,35,80
GCN,1:10,8052,1,0.9899248120300752,0.5238095238095238,0.5238095238095238,0.5238095238095238,1.0,31,70
GCN,1:10,9149,3,0.980751879699248,0.5333333333333333,0.5333333333333333,0.5333333333333333,1.0,34,66
GCN,1:10,8435,2,0.9777443609022555,0.25,0.25,0.25,1.0,24,46
GCN,1:10,9008,3,0.986766917293233,0.5333333333333333,0.5333333333333333,0.5333333333333333,1.0,33,64
GCN,1:10,9133,3,0.9908270676691728,0.5333333333333333,0.5333333333333333,0.5333333333333333,1.0,31,60
GCN,1:10,9276,4,0.9757894736842104,0.5666666666666667,0.5666666666666667,0.5666666666666667,1.0,26,50
GCN,1:10,8564,2,0.9738345864661653,0.5,0.5,0.5,1.0,19,36
GCN,1:10,8059,1,0.9864661654135336,0.5454545454545454,0.5454545454545454,0.5454545454545454,1.0,37,80
GCN,1:10,9466,4,0.9885714285714284,0.525,0.525,0.525,1.0,38,76
GCN,1:10,9460,4,0.9885714285714287,0.525,0.525,0.525,1.0,35,70
GCN,1:10,9376,4,0.9890225563909774,0.55,0.55,0.55,1.0,35,68
GCN,1:10,9481,4,0.9875187969924809,0.5357142857142857,0.5357142857142857,0.5357142857142857,1.0,27,52
GCN,1:10,9120,3,0.9908270676691728,0.5416666666666666,0.5416666666666666,0.5416666666666666,1.0,30,58
GCN,1:10,8335,1,0.9893233082706766,0.5476190476190477,0.5476190476190477,0.5476190476190477,1.0,33,76
GCN,1:10,9417,4,0.9827067669172932,0.5384615384615384,0.5384615384615384,0.5384615384615384,1.0,34,66
GCN,1:10,9404,4,0.991578947368421,0.5277777777777778,0.5277777777777778,0.5277777777777778,1.0,33,64
GCN,1:10,8082,1,0.9914285714285713,0.6956521739130435,0.6956521739130435,0.6956521739130435,1.0,27,64
GCN,1:10,9154,3,0.9860150375939849,0.5333333333333333,0.5333333333333333,0.5333333333333333,0.0,29,56
GCN,1:10,8121,1,0.9924812030075186,0.5652173913043478,0.5652173913043478,0.5652173913043478,1.0,35,78
GCN,1:10,8712,2,0.9891729323308269,0.6666666666666666,0.6666666666666666,0.6666666666666666,1.0,20,38
GCN,1:10,8099,1,0.9893233082706766,0.58,0.58,0.58,1.0,32,84
GCN,1:10,8619,2,0.9912781954887218,0.25,0.25,0.25,1.0,26,50
GCN,1:10,8336,1,0.9876691729323308,0.5714285714285714,0.5714285714285714,0.5714285714285714,1.0,30,68
GCN,1:10,9407,4,0.9830075187969923,0.5277777777777778,0.5277777777777778,0.5277777777777778,1.0,40,78
GCN,1:10,9009,3,0.9810526315789472,0.5333333333333333,0.5333333333333333,0.5333333333333333,1.0,32,62
GCN,1:10,9316,4,0.9774436090225563,0.5294117647058824,0.5294117647058824,0.5294117647058824,0.0,31,60
GCN,1:10,8065,1,0.9902255639097743,0.5227272727272727,0.5227272727272727,0.5227272727272727,1.0,40,86
GCN,1:10,8155,1,0.9914285714285713,0.525,0.525,0.525,1.0,36,78
GCN,1:10,8521,2,0.9780451127819548,0.5,0.5,0.5,1.0,23,44
GCN,1:50,8066,1,0.9866165413533834,0.5454545454545454,0.5454545454545454,0.5454545454545454,1.0,36,78
GCN,1:50,8072,1,0.7870676691729324,0.717391304347826,0.717391304347826,0.717391304347826,0.0,82,174
GCN,1:50,9172,3,0.9885714285714284,0.5208333333333334,0.5208333333333334,0.5208333333333334,1.0,40,78
GCN,1:50,8346,1,0.9885714285714287,0.5454545454545454,0.5454545454545454,0.5454545454545454,1.0,35,80
GCN,1:50,9009,3,0.9894736842105264,0.5333333333333333,0.5333333333333333,0.5333333333333333,1.0,32,62
GCN,1:50,9008,3,0.989624060150376,0.5333333333333333,0.5333333333333333,0.5333333333333333,1.0,33,64
GCN,1:50,9176,3,0.9736842105263157,0.5208333333333334,0.5208333333333334,0.5208333333333334,1.0,40,78
TAGCN,1:1,9009,3,0.7526315789473683,0.5,0.5,0.5,1.0,32,62
TAGCN,1:1,8147,1,0.8452631578947367,0.7058823529411765,0.7058823529411765,0.7058823529411765,1.0,28,62
TAGCN,1:1,8740,2,0.6484210526315788,0.375,0.375,0.375,1.0,23,44
TAGCN,1:1,8336,1,0.8192481203007519,0.6666666666666666,0.6666666666666666,0.6666666666666666,1.0,30,68
TAGCN,1:1,8404,2,0.7824060150375939,0.25,0.25,0.25,1.0,25,48
TAGCN,1:1,9133,3,0.6757894736842104,0.5666666666666667,0.5666666666666667,0.5666666666666667,1.0,31,60
TAGCN,1:1,8107,1,0.49413533834586465,0.2826086956521739,0.2826086956521739,0.2826086956521739,1.0,83,174
TAGCN,1:1,8053,1,0.5039097744360903,0.25,0.25,0.25,1.0,83,176
TAGCN,1:1,8285,1,0.7972932330827066,0.4230769230769231,0.4230769230769231,0.4230769230769231,1.0,27,60
TAGCN,1:1,8346,1,0.6393984962406015,0.6590909090909091,0.6590909090909091,0.6590909090909091,1.0,35,80
TAGCN,1:1,8749,2,0.8657142857142857,0.5,0.5,0.5,1.0,19,36
TAGCN,1:1,8900,3,0.6960902255639096,0.3181818181818182,0.3181818181818182,0.3181818181818182,1.0,102,202
TAGCN,1:1,8716,2,0.6442105263157893,0.25,0.25,0.25,1.0,23,44
TAGCN,1:1,8270,1,0.9478195488721803,0.6333333333333333,0.6333333333333333,0.6333333333333333,1.0,25,58
TAGCN,1:1,8635,2,0.9772932330827068,0.0,0.0,0.0,0.0,23,44
TAGCN,1:1,8937,3,0.6348872180451127,0.5263157894736842,0.5263157894736842,0.5263157894736842,1.0,38,74
TAGCN,1:1,9042,3,0.9030075187969924,0.6176470588235294,0.6176470588235294,0.6176470588235294,1.0,36,70
TAGCN,1:1,9405,4,0.7810526315789473,0.5833333333333334,0.5833333333333334,0.5833333333333334,0.0,30,58
TAGCN,1:1,9313,4,0.8763909774436088,0.5,0.5,0.5,1.0,32,62
TAGCN,1:1,8209,1,0.8625563909774435,0.7045454545454546,0.7045454545454546,0.7045454545454546,1.0,25,60
TAGCN,1:1,8029,1,0.929624060150376,0.8181818181818182,0.8181818181818182,0.8181818181818182,1.0,25,52
TAGCN,1:1,9184,3,0.7795488721804511,0.46875,0.46875,0.46875,1.0,35,68
TAGCN,1:1,9128,3,0.8375939849624059,0.5333333333333333,0.5333333333333333,0.5333333333333333,1.0,31,60
TAGCN,1:1,8745,2,0.643157894736842,0.625,0.625,0.625,1.0,21,40
TAGCN,1:1,9462,4,0.8482706766917293,0.625,0.625,0.625,1.0,33,66
TAGCN,1:1,9389,4,0.9410526315789471,0.675,0.675,0.675,1.0,40,78
TAGCN,1:1,8521,2,0.6613533834586465,0.16666666666666666,0.16666666666666666,0.16666666666666666,1.0,23,44
TAGCN,1:1,9471,4,0.9469172932330825,0.7250000000000001,0.725,0.725,1.0,33,66
TAGCN,1:1,8333,1,0.9097744360902255,0.5714285714285714,0.5714285714285714,0.5714285714285714,1.0,33,76
TAGCN,1:1,8665,2,0.5133834586466165,0.5,0.5,0.5,1.0,19,36
TAGCN,1:10,8226,1,0.96,0.6190476190476191,0.6190476190476191,0.6190476190476191,1.0,33,74
TAGCN,1:10,8053,1,0.5063157894736843,0.25,0.25,0.25,1.0,83,176
TAGCN,1:10,9011,3,0.9842105263157894,0.14285714285714285,0.14285714285714285,0.14285714285714285,1.0,27,54
TAGCN,1:10,8604,2,0.6434586466165413,0.5,0.5,0.5,1.0,20,38
TAGCN,1:10,8270,1,0.942406015037594,0.6,0.6,0.6,1.0,25,58
TAGCN,1:10,8147,1,0.9072180451127817,0.23529411764705882,0.23529411764705882,0.23529411764705882,1.0,28,62
TAGCN,1:10,9471,4,0.9046616541353384,0.7,0.7,0.7,1.0,33,66
TAGCN,1:10,8863,2,0.8317293233082704,0.5,0.5,0.5,1.0,20,38
TAGCN,1:10,9468,4,0.8404511278195488,0.6,0.6,0.6,1.0,33,66
TAGCN,1:10,9405,4,0.8694736842105263,0.5277777777777778,0.5277777777777778,0.5277777777777778,0.0,30,58
TAGCN,1:10,8634,2,0.7336842105263157,0.3333333333333333,0.3333333333333333,0.3333333333333333,1.0,24,46
TAGCN,1:10,8107,1,0.49954887218045113,0.30434782608695654,0.30434782608695654,0.30434782608695654,1.0,83,174
TAGCN,1:10,8716,2,0.7276691729323308,0.5,0.5,0.5,1.0,23,44
TAGCN,1:10,9495,4,0.963157894736842,0.43333333333333335,0.43333333333333335,0.43333333333333335,0.0,26,50
TAGCN,1:10,9287,4,0.9034586466165413,0.5,0.5,0.5,1.0,38,74
TAGCN,1:10,8331,1,0.5917293233082705,0.5476190476190477,0.5476190476190477,0.5476190476190477,1.0,30,72
TAGCN,1:10,8029,1,0.9354887218045113,0.09090909090909091,0.09090909090909091,0.09090909090909091,0.0,25,52
TAGCN,1:10,8463,2,0.868421052631579,0.5,0.5,0.5,1.0,22,44
TAGCN,1:10,8285,1,0.9264661654135338,0.5,0.5,0.5,1.0,27,60
TAGCN,1:10,9128,3,0.936390977443609,0.6,0.6,0.6,1.0,31,60
TAGCN,1:10,8224,1,0.796390977443609,0.5238095238095238,0.5238095238095238,0.5238095238095238,1.0,36,80
TAGCN,1:10,9141,3,0.917593984962406,0.6,0.6,0.6,1.0,30,58
TAGCN,1:10,9464,4,0.8547368421052631,0.625,0.625,0.625,0.0,36,72
TAGCN,1:10,8461,2,0.8642105263157894,0.625,0.625,0.625,1.0,20,38
TAGCN,1:10,8950,3,0.8312781954887217,0.5666666666666667,0.5666666666666667,0.5666666666666667,1.0,29,56
TAGCN,1:10,8333,1,0.9690225563909773,0.2857142857142857,0.2857142857142857,0.2857142857142857,1.0,33,76
TAGCN,1:10,8717,2,0.7732330827067668,0.3333333333333333,0.3333333333333333,0.3333333333333333,1.0,21,40
TAGCN,1:10,8746,2,0.5547368421052631,0.625,0.625,0.625,1.0,21,40
TAGCN,1:10,8265,1,0.9210526315789475,0.47368421052631576,0.47368421052631576,0.47368421052631576,1.0,34,76
TAGCN,1:10,9407,4,0.8183458646616542,0.4444444444444444,0.4444444444444444,0.4444444444444444,0.0,40,78
TAGCN,1:50,8331,1,0.844812030075188,0.5476190476190477,0.5476190476190477,0.5476190476190477,1.0,30,72
TAGCN,1:50,9122,3,0.9454135338345864,0.08333333333333333,0.08333333333333333,0.08333333333333333,1.0,32,62
TAGCN,1:50,8400,2,0.9747368421052631,0.25,0.25,0.25,0.0,17,32
TAGCN,1:50,9457,4,0.9545864661654135,0.375,0.375,0.375,0.0,34,68
TAGCN,1:50,8541,2,0.9903759398496239,0.0,0.0,0.0,0.0,24,46
TAGCN,1:50,8575,2,0.7554887218045112,0.375,0.375,0.375,1.0,27,52
TAGCN,1:50,8560,2,0.8930827067669173,0.375,0.375,0.375,1.0,27,52
TAGCN,1:50,9011,3,0.9533834586466163,0.17857142857142858,0.17857142857142858,0.17857142857142858,1.0,27,54
TAGCN,1:50,8058,1,0.9652631578947368,0.4090909090909091,0.4090909090909091,0.4090909090909091,1.0,33,72
TAGCN,1:50,9464,4,0.9693233082706765,0.3,0.3,0.3,0.0,36,72
TAGCN,1:50,8982,3,0.9858646616541353,0.06666666666666667,0.06666666666666667,0.06666666666666667,1.0,32,62
TAGCN,1:50,9238,4,0.9721804511278196,0.25,0.25,0.25,0.0,39,76
TAGCN,1:50,9460,4,0.9270676691729323,0.5,0.5,0.5,0.0,35,70
TAGCN,1:50,8365,1,0.9481203007518795,0.5,0.5,0.5,1.0,29,62
TAGCN,1:50,9272,4,0.9190977443609022,0.7083333333333334,0.7083333333333334,0.7083333333333334,1.0,33,64
TAGCN,1:50,8556,2,0.9344360902255637,0.5,0.5,0.5,1.0,25,48
TAGCN,1:50,9128,3,0.9154887218045111,0.6333333333333333,0.6333333333333333,0.6333333333333333,1.0,31,60
TAGCN,1:50,9129,3,0.917593984962406,0.6,0.6,0.6,1.0,34,66
TAGCN,1:50,8320,1,0.9237593984962406,0.6333333333333333,0.6333333333333333,0.6333333333333333,1.0,31,66
TAGCN,1:50,9420,4,0.9667669172932329,0.46153846153846156,0.46153846153846156,0.46153846153846156,0.0,32,62
TAGCN,1:50,8051,1,0.9690225563909773,0.6666666666666666,0.6666666666666666,0.6666666666666666,1.0,32,72
TAGCN,1:50,8130,1,0.8621052631578948,0.6818181818181818,0.6818181818181818,0.6818181818181818,1.0,19,42
TAGCN,1:50,8107,1,0.5451127819548871,0.30434782608695654,0.30434782608695654,0.30434782608695654,1.0,83,174
TAGCN,1:50,8228,1,0.9840601503759399,0.07142857142857142,0.07142857142857142,0.07142857142857142,0.0,41,90
TAGCN,1:50,9010,3,0.9750375939849624,0.14285714285714285,0.14285714285714285,0.14285714285714285,1.0,67,136
TAGCN,1:50,8507,2,0.9527819548872178,0.25,0.25,0.25,0.0,17,32
TAGCN,1:50,8094,1,0.7957894736842104,0.58,0.58,0.58,1.0,32,82
TAGCN,1:50,8722,2,0.8750375939849624,0.625,0.625,0.625,1.0,22,42
TAGCN,1:50,8835,2,0.9381954887218044,0.5,0.5,0.5,1.0,24,46
TAGCN,1:50,8564,2,0.9837593984962405,0.0,0.0,0.0,0.0,19,36
