architecture,scenario,balancing,explainer,val_pr_auc,n_tp,spearman_mean,plaus_edge_mean,plaus_feat_mean,shap_conc_mean,fid_plus_mean,fid_minus_mean,subgraph_n_nodes,pg_degenerate
GraphSAGE,1:1,none,GNNExplainer,0.992,30,0.824,0.457,0.433,nan,0.907,0.0,30,
GraphSAGE,1:1,none,PGExplainer,0.992,30,nan,0.959,nan,nan,nan,nan,30,no
GraphSAGE,1:1,none,GNNShap,0.992,30,0.951,nan,0.2,0.966,nan,nan,30,
GraphSAGE,1:1,class_weighting,GNNExplainer,0.993,30,0.825,0.461,0.4,nan,0.9,0.0,30,
GraphSAGE,1:1,class_weighting,PGExplainer,0.993,30,nan,0.964,nan,nan,nan,nan,30,no
GraphSAGE,1:1,class_weighting,GNNShap,0.993,30,0.953,nan,0.2,0.966,nan,nan,30,
GraphSAGE,1:1,focal_loss,GNNExplainer,0.993,30,0.867,0.47,0.567,nan,0.9,0.0,27,
GraphSAGE,1:1,focal_loss,PGExplainer,0.993,30,nan,0.891,nan,nan,nan,nan,27,no
GraphSAGE,1:1,focal_loss,GNNShap,0.993,30,0.98,nan,0.1,0.97,nan,nan,27,
GraphSAGE,1:10,none,GNNExplainer,0.995,30,0.884,0.461,0.533,nan,0.933,0.0,27,
GraphSAGE,1:10,none,PGExplainer,0.995,30,nan,0.932,nan,nan,nan,nan,27,no
GraphSAGE,1:10,none,GNNShap,0.995,30,0.961,nan,0.133,0.964,nan,nan,27,
GraphSAGE,1:10,class_weighting,GNNExplainer,0.996,30,0.851,0.509,0.6,nan,0.933,0.0,28,
GraphSAGE,1:10,class_weighting,PGExplainer,0.996,30,nan,0.955,nan,nan,nan,nan,28,no
GraphSAGE,1:10,class_weighting,GNNShap,0.996,30,0.966,nan,0.167,0.964,nan,nan,28,
GraphSAGE,1:10,focal_loss,GNNExplainer,0.996,30,0.897,0.488,0.4,nan,0.933,0.0,28,
GraphSAGE,1:10,focal_loss,PGExplainer,0.996,30,nan,0.871,nan,nan,nan,nan,28,no
GraphSAGE,1:10,focal_loss,GNNShap,0.996,30,0.979,nan,0.2,0.969,nan,nan,28,
GraphSAGE,1:50,none,GNNExplainer,0.991,30,0.922,0.481,0.233,nan,1.0,0.0,32,
GraphSAGE,1:50,none,PGExplainer,0.991,30,nan,0.946,nan,nan,nan,nan,32,no
GraphSAGE,1:50,none,GNNShap,0.991,30,0.981,nan,0.233,0.928,nan,nan,32,
GraphSAGE,1:50,class_weighting,GNNExplainer,0.991,30,0.899,0.497,0.467,nan,0.967,0.0,28,
GraphSAGE,1:50,class_weighting,PGExplainer,0.991,30,nan,0.901,nan,nan,nan,nan,28,no
GraphSAGE,1:50,class_weighting,GNNShap,0.991,30,0.969,nan,0.233,0.93,nan,nan,28,
GraphSAGE,1:50,focal_loss,GNNExplainer,0.994,30,0.92,0.493,0.333,nan,1.0,0.0,31,
GraphSAGE,1:50,focal_loss,PGExplainer,0.994,30,nan,0.803,nan,nan,nan,nan,31,no
GraphSAGE,1:50,focal_loss,GNNShap,0.994,30,0.991,nan,0.3,0.932,nan,nan,31,
GraphSAGE,1:100,none,GNNExplainer,0.973,26,0.928,0.536,0.154,nan,1.0,0.0,34,
GraphSAGE,1:100,none,PGExplainer,0.973,26,nan,0.884,nan,nan,nan,nan,34,no
GraphSAGE,1:100,none,GNNShap,0.973,26,0.981,nan,0.0,0.917,nan,nan,34,
GraphSAGE,1:100,class_weighting,GNNExplainer,0.981,30,0.912,0.516,0.533,nan,1.0,0.0,32,
GraphSAGE,1:100,class_weighting,PGExplainer,0.981,30,nan,0.934,nan,nan,nan,nan,32,no
GraphSAGE,1:100,class_weighting,GNNShap,0.981,30,0.974,nan,0.167,0.918,nan,nan,32,
GraphSAGE,1:100,focal_loss,GNNExplainer,0.988,30,0.913,0.503,0.367,nan,1.0,0.0,35,
GraphSAGE,1:100,focal_loss,PGExplainer,0.988,30,nan,0.862,nan,nan,nan,nan,35,no
GraphSAGE,1:100,focal_loss,GNNShap,0.988,30,0.992,nan,0.267,0.925,nan,nan,35,
GraphSAGE,natural,none,GNNExplainer,0.995,30,0.884,0.461,0.533,nan,0.933,0.0,27,
GraphSAGE,natural,none,PGExplainer,0.995,30,nan,0.932,nan,nan,nan,nan,27,no
GraphSAGE,natural,none,GNNShap,0.995,30,0.961,nan,0.133,0.964,nan,nan,27,
GraphSAGE,natural,class_weighting,GNNExplainer,0.996,30,0.852,0.51,0.6,nan,0.933,0.0,28,
GraphSAGE,natural,class_weighting,PGExplainer,0.996,30,nan,0.955,nan,nan,nan,nan,28,no
GraphSAGE,natural,class_weighting,GNNShap,0.996,30,0.966,nan,0.167,0.963,nan,nan,28,
GraphSAGE,natural,focal_loss,GNNExplainer,0.996,30,0.885,0.484,0.333,nan,0.933,0.0,30,
GraphSAGE,natural,focal_loss,PGExplainer,0.996,30,nan,0.864,nan,nan,nan,nan,30,no
GraphSAGE,natural,focal_loss,GNNShap,0.996,30,0.983,nan,0.167,0.971,nan,nan,30,
GAT,1:1,none,GNNExplainer,0.807,30,0.969,0.548,0.5,nan,1.0,0.0,28,
GAT,1:1,none,PGExplainer,0.807,30,nan,0.321,nan,nan,nan,nan,28,no
GAT,1:1,none,GNNShap,0.807,30,0.962,nan,0.033,0.935,nan,nan,28,
GAT,1:1,class_weighting,GNNExplainer,0.807,30,0.969,0.548,0.5,nan,1.0,0.0,28,
GAT,1:1,class_weighting,PGExplainer,0.807,30,nan,0.317,nan,nan,nan,nan,28,no
GAT,1:1,class_weighting,GNNShap,0.807,30,0.962,nan,0.033,0.935,nan,nan,28,
GAT,1:1,focal_loss,GNNExplainer,0.717,30,0.911,0.529,0.233,nan,1.0,0.0,28,
GAT,1:1,focal_loss,PGExplainer,0.717,30,nan,0.46,nan,nan,nan,nan,28,no
GAT,1:1,focal_loss,GNNShap,0.717,30,0.993,nan,0.3,0.938,nan,nan,28,
GAT,1:10,none,GNNExplainer,0.828,30,0.973,0.565,0.667,nan,1.0,0.287,32,
GAT,1:10,none,PGExplainer,0.828,30,nan,0.434,nan,nan,nan,nan,32,no
GAT,1:10,none,GNNShap,0.828,30,0.967,nan,0.167,0.933,nan,nan,32,
GAT,1:10,class_weighting,GNNExplainer,0.834,30,0.97,0.525,0.567,nan,1.0,0.0,29,
GAT,1:10,class_weighting,PGExplainer,0.834,30,nan,0.509,nan,nan,nan,nan,29,no
GAT,1:10,class_weighting,GNNShap,0.834,30,0.954,nan,0.2,0.952,nan,nan,29,
GAT,1:10,focal_loss,GNNExplainer,0.735,30,0.926,0.555,0.233,nan,1.0,0.0,32,
GAT,1:10,focal_loss,PGExplainer,0.735,30,nan,0.343,nan,nan,nan,nan,32,no
GAT,1:10,focal_loss,GNNShap,0.735,30,0.993,nan,0.267,0.957,nan,nan,32,
GAT,1:50,none,GNNExplainer,0.706,15,0.992,0.532,0.667,nan,1.0,1.0,37,
GAT,1:50,none,PGExplainer,0.706,15,nan,0.808,nan,nan,nan,nan,37,no
GAT,1:50,none,GNNShap,0.706,15,0.987,nan,0.2,0.91,nan,nan,37,
GAT,1:50,class_weighting,GNNExplainer,0.691,30,0.971,0.551,0.567,nan,1.0,0.0,32,
GAT,1:50,class_weighting,PGExplainer,0.691,30,nan,0.776,nan,nan,nan,nan,32,no
GAT,1:50,class_weighting,GNNShap,0.691,30,0.956,nan,0.167,0.926,nan,nan,32,
GAT,1:50,focal_loss,GNNExplainer,0.682,15,0.948,0.53,0.0,nan,1.0,1.0,37,
GAT,1:50,focal_loss,PGExplainer,0.682,15,nan,0.581,nan,nan,nan,nan,37,no
GAT,1:50,focal_loss,GNNShap,0.682,15,0.993,nan,0.133,0.935,nan,nan,37,
GAT,1:100,none,GNNExplainer,0.648,10,0.992,0.531,1.0,nan,1.0,0.84,38,
GAT,1:100,none,PGExplainer,0.648,10,nan,0.781,nan,nan,nan,nan,38,no
GAT,1:100,none,GNNShap,0.648,10,0.994,nan,0.5,0.889,nan,nan,38,
GAT,1:100,class_weighting,GNNExplainer,0.665,30,0.983,0.548,0.867,nan,1.0,0.0,33,
GAT,1:100,class_weighting,PGExplainer,0.665,30,nan,0.754,nan,nan,nan,nan,33,no
GAT,1:100,class_weighting,GNNShap,0.665,30,0.975,nan,0.333,0.903,nan,nan,33,
GAT,1:100,focal_loss,GNNExplainer,0.642,10,0.96,0.531,0.3,nan,1.0,1.0,38,
GAT,1:100,focal_loss,PGExplainer,0.642,10,nan,0.885,nan,nan,nan,nan,38,no
GAT,1:100,focal_loss,GNNShap,0.642,10,0.991,nan,0.4,0.905,nan,nan,38,
GAT,natural,none,GNNExplainer,0.828,30,0.973,0.565,0.667,nan,1.0,0.287,32,
GAT,natural,none,PGExplainer,0.828,30,nan,0.434,nan,nan,nan,nan,32,no
GAT,natural,none,GNNShap,0.828,30,0.967,nan,0.167,0.933,nan,nan,32,
GAT,natural,class_weighting,GNNExplainer,0.834,30,0.97,0.525,0.567,nan,1.0,0.0,29,
GAT,natural,class_weighting,PGExplainer,0.834,30,nan,0.509,nan,nan,nan,nan,29,no
GAT,natural,class_weighting,GNNShap,0.834,30,0.954,nan,0.2,0.952,nan,nan,29,
GAT,natural,focal_loss,GNNExplainer,0.732,30,0.929,0.555,0.267,nan,1.0,0.0,32,
GAT,natural,focal_loss,PGExplainer,0.732,30,nan,0.343,nan,nan,nan,nan,32,no
GAT,natural,focal_loss,GNNShap,0.732,30,0.992,nan,0.267,0.956,nan,nan,32,
GCN,1:1,none,GNNExplainer,0.796,30,0.977,0.504,0.767,nan,1.0,0.0,30,
GCN,1:1,none,PGExplainer,0.796,30,nan,0.803,nan,nan,nan,nan,30,no
GCN,1:1,none,GNNShap,0.796,30,0.984,nan,0.167,0.953,nan,nan,30,
GCN,1:1,class_weighting,GNNExplainer,0.796,30,0.977,0.504,0.767,nan,1.0,0.0,30,
GCN,1:1,class_weighting,PGExplainer,0.796,30,nan,0.803,nan,nan,nan,nan,30,no
GCN,1:1,class_weighting,GNNShap,0.796,30,0.984,nan,0.167,0.953,nan,nan,30,
GCN,1:1,focal_loss,GNNExplainer,0.792,30,0.958,0.492,0.8,nan,1.0,0.0,31,
GCN,1:1,focal_loss,PGExplainer,0.792,30,nan,0.215,nan,nan,nan,nan,31,no
GCN,1:1,focal_loss,GNNShap,0.792,30,0.994,nan,0.133,0.949,nan,nan,31,
GCN,1:10,none,GNNExplainer,0.8,30,0.983,0.51,0.433,nan,1.0,0.0,32,
GCN,1:10,none,PGExplainer,0.8,30,nan,0.805,nan,nan,nan,nan,32,no
GCN,1:10,none,GNNShap,0.8,30,0.992,nan,0.133,0.966,nan,nan,32,
GCN,1:10,class_weighting,GNNExplainer,0.797,30,0.972,0.499,0.833,nan,1.0,0.0,31,
GCN,1:10,class_weighting,PGExplainer,0.797,30,nan,0.761,nan,nan,nan,nan,31,no
GCN,1:10,class_weighting,GNNShap,0.797,30,0.985,nan,0.133,0.968,nan,nan,31,
GCN,1:10,focal_loss,GNNExplainer,0.806,30,0.942,0.488,0.833,nan,0.993,0.0,30,
GCN,1:10,focal_loss,PGExplainer,0.806,30,nan,0.776,nan,nan,nan,nan,30,no
GCN,1:10,focal_loss,GNNShap,0.806,30,0.995,nan,0.133,0.968,nan,nan,30,
GCN,1:50,none,GNNExplainer,0.617,5,0.86,0.578,0.2,nan,0.44,0.0,69,
GCN,1:50,none,PGExplainer,0.617,5,nan,0.604,nan,nan,nan,nan,69,no
GCN,1:50,none,GNNShap,0.617,5,0.988,nan,0.2,0.962,nan,nan,69,
GCN,1:50,class_weighting,GNNExplainer,0.705,30,0.981,0.466,0.9,nan,1.0,0.0,33,
GCN,1:50,class_weighting,PGExplainer,0.705,30,nan,0.807,nan,nan,nan,nan,33,no
GCN,1:50,class_weighting,GNNShap,0.705,30,0.986,nan,0.133,0.933,nan,nan,33,
GCN,1:50,focal_loss,GNNExplainer,0.723,30,0.982,0.57,0.567,nan,1.0,0.207,35,
GCN,1:50,focal_loss,PGExplainer,0.723,30,nan,0.802,nan,nan,nan,nan,35,no
GCN,1:50,focal_loss,GNNShap,0.723,30,0.993,nan,0.2,0.948,nan,nan,35,
GCN,1:100,none,GNNExplainer,0.487,0,nan,nan,nan,nan,nan,nan,0,
GCN,1:100,none,PGExplainer,0.487,0,nan,nan,nan,nan,nan,nan,0,
GCN,1:100,none,GNNShap,0.487,0,nan,nan,nan,nan,nan,nan,0,
GCN,1:100,class_weighting,GNNExplainer,0.683,30,0.976,0.529,0.667,nan,1.0,0.0,32,
GCN,1:100,class_weighting,PGExplainer,0.683,30,nan,0.832,nan,nan,nan,nan,32,no
GCN,1:100,class_weighting,GNNShap,0.683,30,0.986,nan,0.167,0.918,nan,nan,32,
GCN,1:100,focal_loss,GNNExplainer,0.648,15,0.987,0.602,0.2,nan,1.0,0.293,67,
GCN,1:100,focal_loss,PGExplainer,0.648,15,nan,0.667,nan,nan,nan,nan,67,no
GCN,1:100,focal_loss,GNNShap,0.648,15,0.989,nan,0.133,0.968,nan,nan,67,
GCN,natural,none,GNNExplainer,0.8,30,0.983,0.51,0.433,nan,1.0,0.0,32,
GCN,natural,none,PGExplainer,0.8,30,nan,0.805,nan,nan,nan,nan,32,no
GCN,natural,none,GNNShap,0.8,30,0.992,nan,0.133,0.966,nan,nan,32,
GCN,natural,class_weighting,GNNExplainer,0.797,30,0.972,0.499,0.833,nan,1.0,0.0,31,
GCN,natural,class_weighting,PGExplainer,0.797,30,nan,0.761,nan,nan,nan,nan,31,no
GCN,natural,class_weighting,GNNShap,0.797,30,0.985,nan,0.133,0.968,nan,nan,31,
GCN,natural,focal_loss,GNNExplainer,0.806,30,0.941,0.488,0.833,nan,0.993,0.0,30,
GCN,natural,focal_loss,PGExplainer,0.806,30,nan,0.777,nan,nan,nan,nan,30,no
GCN,natural,focal_loss,GNNShap,0.806,30,0.995,nan,0.133,0.968,nan,nan,30,
TAGCN,1:1,none,GNNExplainer,0.988,30,0.86,0.474,0.4,nan,0.867,0.0,28,
TAGCN,1:1,none,PGExplainer,0.988,30,nan,0.852,nan,nan,nan,nan,28,no
TAGCN,1:1,none,GNNShap,0.988,30,0.956,nan,0.1,0.947,nan,nan,28,
TAGCN,1:1,class_weighting,GNNExplainer,0.988,30,0.861,0.475,0.433,nan,0.867,0.0,28,
TAGCN,1:1,class_weighting,PGExplainer,0.988,30,nan,0.852,nan,nan,nan,nan,28,no
TAGCN,1:1,class_weighting,GNNShap,0.988,30,0.956,nan,0.1,0.947,nan,nan,28,
TAGCN,1:1,focal_loss,GNNExplainer,0.986,30,0.878,0.486,0.367,nan,0.913,0.0,30,
TAGCN,1:1,focal_loss,PGExplainer,0.986,30,nan,0.792,nan,nan,nan,nan,30,no
TAGCN,1:1,focal_loss,GNNShap,0.986,30,0.983,nan,0.033,0.963,nan,nan,30,
TAGCN,1:10,none,GNNExplainer,0.996,30,0.881,0.378,0.533,nan,0.933,0.0,27,
TAGCN,1:10,none,PGExplainer,0.996,30,nan,0.856,nan,nan,nan,nan,27,no
TAGCN,1:10,none,GNNShap,0.996,30,0.963,nan,0.1,0.964,nan,nan,27,
TAGCN,1:10,class_weighting,GNNExplainer,0.994,30,0.844,0.479,0.533,nan,0.887,0.0,29,
TAGCN,1:10,class_weighting,PGExplainer,0.994,30,nan,0.895,nan,nan,nan,nan,29,no
TAGCN,1:10,class_weighting,GNNShap,0.994,30,0.959,nan,0.067,0.971,nan,nan,29,
TAGCN,1:10,focal_loss,GNNExplainer,0.995,30,0.852,0.394,0.433,nan,0.9,0.0,27,
TAGCN,1:10,focal_loss,PGExplainer,0.995,30,nan,0.855,nan,nan,nan,nan,27,no
TAGCN,1:10,focal_loss,GNNShap,0.995,30,0.985,nan,0.1,0.962,nan,nan,27,
TAGCN,1:50,none,GNNExplainer,0.987,30,0.956,0.406,0.3,nan,1.0,0.0,31,
TAGCN,1:50,none,PGExplainer,0.987,30,nan,0.848,nan,nan,nan,nan,31,no
TAGCN,1:50,none,GNNShap,0.987,30,0.969,nan,0.1,0.938,nan,nan,31,
TAGCN,1:50,class_weighting,GNNExplainer,0.984,30,0.868,0.424,0.467,nan,0.88,0.0,32,
TAGCN,1:50,class_weighting,PGExplainer,0.984,30,nan,0.888,nan,nan,nan,nan,32,no
TAGCN,1:50,class_weighting,GNNShap,0.984,30,0.95,nan,0.067,0.931,nan,nan,32,
TAGCN,1:50,focal_loss,GNNExplainer,0.991,30,0.935,0.385,0.267,nan,1.0,0.0,32,
TAGCN,1:50,focal_loss,PGExplainer,0.991,30,nan,0.881,nan,nan,nan,nan,32,no
TAGCN,1:50,focal_loss,GNNShap,0.991,30,0.987,nan,0.267,0.95,nan,nan,32,
TAGCN,1:100,none,GNNExplainer,0.974,30,0.946,0.36,0.233,nan,1.0,0.0,33,
TAGCN,1:100,none,PGExplainer,0.974,30,nan,0.864,nan,nan,nan,nan,33,no
TAGCN,1:100,none,GNNShap,0.974,30,0.975,nan,0.033,0.935,nan,nan,33,
TAGCN,1:100,class_weighting,GNNExplainer,0.969,30,0.917,0.472,0.3,nan,1.0,0.0,32,
TAGCN,1:100,class_weighting,PGExplainer,0.969,30,nan,0.85,nan,nan,nan,nan,32,no
TAGCN,1:100,class_weighting,GNNShap,0.969,30,0.968,nan,0.133,0.914,nan,nan,32,
TAGCN,1:100,focal_loss,GNNExplainer,0.985,30,0.917,0.382,0.167,nan,1.0,0.0,33,
TAGCN,1:100,focal_loss,PGExplainer,0.985,30,nan,0.879,nan,nan,nan,nan,33,no
TAGCN,1:100,focal_loss,GNNShap,0.985,30,0.991,nan,0.1,0.931,nan,nan,33,
TAGCN,natural,none,GNNExplainer,0.996,30,0.88,0.378,0.533,nan,0.933,0.0,27,
TAGCN,natural,none,PGExplainer,0.996,30,nan,0.855,nan,nan,nan,nan,27,no
TAGCN,natural,none,GNNShap,0.996,30,0.963,nan,0.1,0.964,nan,nan,27,
TAGCN,natural,class_weighting,GNNExplainer,0.994,30,0.843,0.481,0.533,nan,0.88,0.0,29,
TAGCN,natural,class_weighting,PGExplainer,0.994,30,nan,0.895,nan,nan,nan,nan,29,no
TAGCN,natural,class_weighting,GNNShap,0.994,30,0.958,nan,0.067,0.972,nan,nan,29,
TAGCN,natural,focal_loss,GNNExplainer,0.995,30,0.852,0.394,0.433,nan,0.9,0.0,27,
TAGCN,natural,focal_loss,PGExplainer,0.995,30,nan,0.855,nan,nan,nan,nan,27,no
TAGCN,natural,focal_loss,GNNShap,0.995,30,0.985,nan,0.1,0.962,nan,nan,27,
