timestamp,scenario,architecture,balancing,explainer,seed,model_test_loss,model_test_f1,model_test_mcc,model_test_pr_auc,stab_jaccard_mean,stab_jaccard_std,stab_spearman_mean,stab_shap_oom_retries,stab_n_tp,stab_n_measurable,stab_subgraph_n_nodes,stab_subgraph_n_edges,stab_error,stab_reason
2026-07-25T15:08:56.329281,1:100,GCN,class_weighting,GNNExplainer,42,2.5398788452148438,0.0,-0.0020313080984245345,0.007874283806328384,0.5666666666666667,0.4955356249106168,0.8642120708288302,,30,30,2.0,1.0,,
2026-07-25T15:11:10.852740,1:100,GCN,focal_loss,GNNExplainer,42,0.020400868728756905,0.0,-0.007898327080010693,0.005383393417840252,0.7,0.45825756949558394,0.801904425416355,,30,30,2.0,1.0,,
2026-07-25T15:13:13.357003,1:100,GCN,none,GNNExplainer,42,0.0875375047326088,0.009345794392523364,0.00773836114354077,0.007201316236289252,0.0,0.0,0.7955432427189848,,30,30,1.0,0.0,,
2026-07-25T15:15:29.299577,1:100,GraphSAGE,class_weighting,GNNExplainer,42,4.357241153717041,0.0,-0.0034287055756462427,0.016469612787281436,0.7666666666666667,0.4229525846816506,0.76061700889517,,30,30,2.0,1.0,,
2026-07-25T15:17:43.111954,1:100,GraphSAGE,focal_loss,GNNExplainer,42,0.012372978031635284,0.0,-0.0037395676961265497,0.008625093426312763,0.8666666666666667,0.33993463423951903,0.7053089755313545,,30,30,3.0,2.0,,
2026-07-25T15:19:37.894423,1:100,GraphSAGE,none,GNNExplainer,42,0.07946494966745377,0.0,-0.008470638174811942,0.005556181639423337,1.0,0.0,0.7822613406489874,,30,30,2.5,1.5,,
2026-07-25T15:21:53.753373,1:10,GCN,class_weighting,GNNExplainer,42,0.6372484564781189,0.0,-0.008771002534795564,0.005475799504012023,0.8333333333333334,0.3726779962499649,0.8074579488458447,,30,30,3.0,2.0,,
2026-07-25T15:24:09.824413,1:10,GCN,focal_loss,GNNExplainer,42,0.01195721048861742,0.02631578947368421,0.020093609876626218,0.00947990237671217,0.8179394926061593,0.3750063309921207,0.8048685676282319,,30,30,2.0,1.0,,
2026-07-25T15:26:26.104102,1:10,GCN,none,GNNExplainer,42,0.4281296133995056,0.0,-0.005413027447222378,0.028178075611792648,0.7,0.45825756949558394,0.48731911768781,,30,30,3.0,2.0,,
2026-07-25T15:28:16.696225,1:10,GraphSAGE,class_weighting,GNNExplainer,42,0.5314031839370728,0.0,-0.001868450985462102,0.014054771184147094,0.8768776394165716,0.31761642132116974,0.7985986366281488,,30,30,3.0,2.0,,
2026-07-25T15:30:31.014595,1:10,GraphSAGE,focal_loss,GNNExplainer,42,0.009759794920682907,0.0,-0.0038652017382471452,0.02079863513471209,0.9,0.3,0.7496479895807355,,30,30,3.0,2.0,,
2026-07-25T15:32:46.582834,1:10,GraphSAGE,none,GNNExplainer,42,0.08794666826725006,0.0,-0.004616879839701099,0.008762164279663955,0.912562944718117,0.2682605064617465,0.6973966525341536,,30,30,3.0,2.0,,
2026-07-25T15:35:04.294085,1:1,GCN,class_weighting,GNNExplainer,42,0.31047511100769043,0.045409674234945706,0.045598495165608426,0.01493594726492686,0.8333333333333334,0.3726779962499649,0.8443721007565053,,30,30,2.0,1.0,,
2026-07-25T15:37:57.285992,1:1,GCN,focal_loss,GNNExplainer,42,0.0334467813372612,0.0,-0.0056160349154918176,0.026431914828106487,0.7333333333333333,0.44221663871405337,0.6921433480200626,,30,30,2.0,1.0,,
2026-07-25T15:40:36.163250,1:1,GCN,none,GNNExplainer,42,0.17139440774917603,0.0076045627376425855,0.0025075285477224704,0.01009113565459281,0.16666666666666666,0.37267799624996495,0.7170846288137003,,30,30,1.0,0.0,,
2026-07-25T15:42:24.731049,1:1,GraphSAGE,class_weighting,GNNExplainer,42,0.1634313017129898,0.0,-0.004404734041526646,0.021982175986857783,0.7666666666666667,0.42295258468165065,0.77061717516003,,30,30,2.0,1.0,,
2026-07-25T15:44:37.347190,1:1,GraphSAGE,focal_loss,GNNExplainer,42,0.015612841583788395,0.015037593984962405,0.01015215158453028,0.030013679742078764,0.9070188808661295,0.28070391947876605,0.7777069027627678,,30,30,3.0,2.0,,
2026-07-25T15:46:48.143572,1:1,GraphSAGE,none,GNNExplainer,42,0.1637287139892578,0.01662049861495845,0.008948296062360445,0.019262068598518558,0.8333333333333334,0.3726779962499649,0.7662012359021254,,30,30,3.0,2.0,,
2026-07-25T15:49:03.329581,1:30_native,GCN,class_weighting,GNNExplainer,42,1.415894865989685,0.0,-0.007012791669961464,0.006810661011149863,0.7666666666666667,0.42295258468165065,0.8445940089228808,,30,30,3.0,2.0,,
2026-07-25T15:51:14.071681,1:30_native,GCN,focal_loss,GNNExplainer,42,0.0163875762373209,0.02482758620689655,0.016385233654872974,0.009449555144459209,0.5666666666666667,0.4955356249106168,0.8335404439271759,,30,30,2.0,1.0,,
2026-07-25T15:53:27.173142,1:30_native,GCN,none,GNNExplainer,42,0.18010494112968445,0.007905138339920948,0.0032676620682115767,0.007698842337591149,0.6,0.48989794855663565,0.7847457256075595,,30,30,2.5,1.5,,
2026-07-25T15:55:39.768665,1:30_native,GraphSAGE,class_weighting,GNNExplainer,42,0.8422388434410095,0.0,-0.0038652017382471452,0.02256617526322366,0.841708211143695,0.356321172507008,0.766927563942694,,30,30,2.5,1.5,,
2026-07-25T15:57:51.631815,1:30_native,GraphSAGE,focal_loss,GNNExplainer,42,0.00839823018759489,0.0,-0.0023230903614729513,0.017581947290901647,0.8540779718365925,0.3324371891475043,0.7093428104303487,,30,30,3.0,2.0,,
2026-07-25T15:59:43.704154,1:30_native,GraphSAGE,none,GNNExplainer,42,0.1708129495382309,0.0,-0.014368125289049303,0.006400020739889221,1.0,0.0,0.801734308753845,,30,30,3.0,2.0,,
2026-07-25T16:02:40.095944,1:50,GCN,class_weighting,GNNExplainer,42,2.5408742427825928,0.020618556701030927,0.012592867099083947,0.008551989944883575,0.8813525512376087,0.3104103787932291,0.7848040568625821,,30,30,3.0,2.0,,
2026-07-25T16:04:58.776256,1:50,GCN,focal_loss,GNNExplainer,42,0.0159405916929245,0.012738853503184714,0.006059949569181076,0.009005888555867049,0.26666666666666666,0.4422166387140533,0.8720892288081582,,30,30,1.0,0.0,,
2026-07-25T16:07:23.349567,1:50,GCN,none,GNNExplainer,42,0.13222740590572357,0.008298755186721992,0.004326323010611603,0.007994873057806882,0.36666666666666664,0.48189440982669857,0.8046711558178846,,30,30,1.0,0.0,,
2026-07-25T16:09:20.876159,1:50,GraphSAGE,class_weighting,GNNExplainer,42,1.8466122150421143,0.0,-0.0015933171412477719,0.03486591684051168,0.8753022157054414,0.32054621985580173,0.7966651425721174,,30,30,3.0,2.0,,
2026-07-25T16:11:37.838490,1:50,GraphSAGE,focal_loss,GNNExplainer,42,0.008455622009932995,0.0,-0.0031380066145789555,0.01674903823977239,0.9333333333333333,0.24944382578492943,0.7006589076398702,,30,30,2.5,1.5,,
2026-07-25T16:11:38.975577,1:50,GraphSAGE,none,SKIPPED_NO_TP,42,0.2383316606283188,0.017531120331950208,0.03948766764592215,0.012667003499457931,,,,,0,,,,,no_true_positives
2026-07-26T18:33:56.520229,1:100,GAT,class_weighting,GNNExplainer,42,0.9861592054367065,0.0345821325648415,0.027311412898450085,0.017110257540133584,0.8333333333333334,0.3726779962499649,0.8471653226923822,,30,30,3.0,2.0,,
2026-07-26T18:35:34.756064,1:100,GAT,focal_loss,GNNExplainer,42,0.014889602549374104,0.04417670682730924,0.03686781636633163,0.01383704440100263,0.7333333333333333,0.44221663871405337,0.8491896804943608,,30,30,3.0,2.0,,
2026-07-26T18:36:53.226002,1:100,GAT,none,GNNExplainer,42,0.1622602939605713,0.012482353815290883,-0.013285711362428376,0.006000241005237279,0.8461538461538461,0.36080121229410994,0.6725402392935022,,26,26,2.0,1.0,,
2026-07-26T18:39:01.648134,1:10,GAT,class_weighting,GNNExplainer,42,0.3201114535331726,0.0,-0.0048855900303237144,0.0063694086400334325,0.8333333333333334,0.3726779962499649,0.6999480145204646,,30,30,3.0,2.0,,
2026-07-26T18:40:54.859160,1:10,GAT,focal_loss,GNNExplainer,42,0.014763581566512585,0.0,-0.0044407877519150995,0.007909856091914698,0.7333333333333333,0.4422166387140533,0.6959497325906838,,30,30,2.0,1.0,,
2026-07-26T18:42:35.738079,1:10,GAT,none,GNNExplainer,42,0.12111922353506088,0.0,-0.005948215383185454,0.011379216253498844,0.8447548866903706,0.3516192133241612,0.8550057361376673,,30,30,2.0,1.0,,
2026-07-26T18:44:26.823494,1:1,GAT,class_weighting,GNNExplainer,42,0.2136572301387787,0.0,-0.004404734041526646,0.007177259668836821,0.7,0.45825756949558394,0.6750806661678722,,30,30,2.5,1.5,,
2026-07-26T18:46:29.016213,1:1,GAT,focal_loss,GNNExplainer,42,0.026298722252249718,0.01639344262295082,0.007281426181833376,0.006843665014909544,0.7333333333333333,0.44221663871405337,0.7870816360462215,,30,30,2.0,1.0,,
2026-07-26T18:48:12.526159,1:1,GAT,none,GNNExplainer,42,0.2136572301387787,0.0,-0.004404734041526646,0.007177251329523736,0.7,0.45825756949558394,0.6750806661678722,,30,30,2.5,1.5,,
2026-07-26T18:49:56.855036,1:30_native,GAT,class_weighting,GNNExplainer,42,0.5540162920951843,0.0,-0.0030349618434943318,0.008461645162866405,0.7787858884410608,0.40566670152262035,0.6535711475046415,,30,30,3.0,2.0,,
2026-07-26T13:52:02.789751,1:30_native,GAT,focal_loss,GNNExplainer,42,0.041322678327560425,0.007380073800738007,0.0019604774418999402,0.008280411114388,0.8333333333333334,0.3726779962499649,0.6962570454734391,,30,30,2.0,1.0,,
2026-07-26T13:54:04.898197,1:30_native,GAT,none,GNNExplainer,42,0.10558532178401947,0.04081632653061224,0.03404096826757832,0.018403062113023505,0.6333333333333333,0.4818944098266986,0.8301526588522185,,30,30,2.0,1.0,,
2026-07-26T13:55:37.216482,1:50,GAT,class_weighting,GNNExplainer,42,0.668924868106842,0.009900990099009901,0.010211493262285147,0.019578976470003954,0.7666666666666667,0.4229525846816507,0.8632350430903096,,30,30,2.0,1.0,,
2026-07-26T13:57:18.633675,1:50,GAT,focal_loss,GNNExplainer,42,0.010183323174715042,0.10655737704918032,0.11119602909016774,0.04818632925711803,0.8,0.4,0.8284611078781833,,30,30,3.0,2.0,,
2026-07-26T13:58:52.275879,1:50,GAT,none,GNNExplainer,42,0.07358013093471527,0.0,-0.005839550437458589,0.008317469884073996,0.6666666666666666,0.4714045207910317,0.865584808933965,,30,30,3.0,2.0,,
2026-07-26T14:01:09.098458,1:100,TAGCN,class_weighting,GNNExplainer,42,0.6477449536323547,0.0,-0.007522017729769993,0.010880571988431809,0.7666666666666667,0.42295258468165065,0.483152991381938,,30,30,2.0,1.0,,
2026-07-26T14:01:15.479488,1:100,TAGCN,focal_loss,GNNExplainer,42,0.019845684990286827,0.0,-0.0125224632972832,0.006014347110673035,1.0,0.0,0.8903001080721589,,1,1,14.0,13.0,,
2026-07-26T14:01:16.249325,1:100,TAGCN,none,SKIPPED_NO_TP,42,0.255503386259079,0.0,-0.006439852212913074,0.010349205537797307,,,,,0,,,,,no_true_positives
2026-07-26T14:03:34.091940,1:10,TAGCN,class_weighting,GNNExplainer,42,0.33998778462409973,0.0,-0.0052022343461804125,0.010761071851017164,0.6333333333333333,0.4818944098266986,0.4561036661401613,,30,30,2.0,1.0,,
2026-07-26T14:05:35.968803,1:10,TAGCN,focal_loss,GNNExplainer,42,0.019553950056433678,0.0026702269692923898,-0.010490650274519361,0.0067271567960394615,0.8666666666666667,0.33993463423951903,0.513844736331643,,30,30,3.0,2.0,,
2026-07-26T14:06:55.484222,1:10,TAGCN,none,GNNExplainer,42,0.10375704616308212,0.01910828025477707,0.012491653042844372,0.008732674266826975,0.8,0.4,0.7221891816997811,,30,30,2.0,1.0,,
2026-07-26T14:09:12.712789,1:1,TAGCN,class_weighting,GNNExplainer,42,0.2811039686203003,0.0,-0.005529929300777733,0.010977140139301001,0.6666666666666666,0.4714045207910317,0.43776548341508015,,30,30,2.0,1.0,,
2026-07-26T14:11:27.817804,1:1,TAGCN,focal_loss,GNNExplainer,42,0.025286264717578888,0.0091324200913242,0.00017802204188616097,0.0183002804156749,0.7666666666666667,0.42295258468165065,0.7751005348186326,,30,30,2.0,1.0,,
2026-07-26T14:13:21.892102,1:1,TAGCN,none,GNNExplainer,42,0.2811039686203003,0.0,-0.005529929300777733,0.010977140139301001,0.6666666666666666,0.4714045207910317,0.43776548341508015,,30,30,2.0,1.0,,
2026-07-26T14:15:41.093887,1:30_native,TAGCN,class_weighting,GNNExplainer,42,0.4521861970424652,0.0,-0.0044407877519150995,0.010559156714678358,0.6333333333333333,0.4818944098266986,0.46665552692105194,,30,30,2.0,1.0,,
2026-07-26T14:17:55.836135,1:30_native,TAGCN,focal_loss,GNNExplainer,42,0.008800577372312546,0.0,-0.004066042156302741,0.01435789873693659,0.8333333333333334,0.3726779962499649,0.6772477346412837,,30,30,3.0,2.0,,
2026-07-26T14:17:56.700342,1:30_native,TAGCN,none,SKIPPED_NO_TP,42,0.2563949227333069,0.0,-0.006684401490446031,0.010326878077730065,,,,,0,,,,,no_true_positives
2026-07-26T14:19:51.905759,1:50,TAGCN,class_weighting,GNNExplainer,42,0.5255177617073059,0.0,-0.00692051580443884,0.010649784047756293,0.7333333333333333,0.4422166387140533,0.43321398287471946,,30,30,2.0,1.0,,
2026-07-26T14:21:38.097452,1:50,TAGCN,focal_loss,GNNExplainer,42,0.012113410048186779,0.004158004158004158,-0.005615603799562448,0.008940467644646587,0.9666666666666667,0.17950549357115012,0.742278549061989,,30,30,3.0,2.0,,
2026-07-26T14:21:38.910802,1:50,TAGCN,none,SKIPPED_NO_TP,42,0.2557196319103241,0.0,-0.006489482177690598,0.010332308071310801,,,,,0,,,,,no_true_positives
2026-07-26T23:12:08.356419,1:100,GAT,class_weighting,GNNExplainer,43,2.478872776031494,0.0,-0.0047194174529075665,0.013898953451952672,0.9,0.30000000000000004,0.7139492337961039,,30,30,3.0,2.0,,
2026-07-26T23:14:57.574284,1:100,GAT,focal_loss,GNNExplainer,43,0.026339804753661156,0.0055248618784530384,-0.0022767288323355616,0.006982597374900057,0.7,0.45825756949558394,0.8477309003242166,,30,30,2.0,1.0,,
2026-07-26T23:18:43.341385,1:100,GAT,none,GNNExplainer,43,0.4273962080478668,0.0053458068827263614,-0.01953743903462097,0.006583429241377517,0.6333333333333333,0.4818944098266986,0.675525424668163,,30,30,2.0,1.0,,
2026-07-26T23:21:19.031920,1:100,GCN,class_weighting,GNNExplainer,43,4.867560863494873,0.00847457627118644,0.004828906468390013,0.006961462410853286,0.5333333333333333,0.49888765156985887,0.7500340288746641,,30,30,2.0,1.0,,
2026-07-26T23:23:26.934017,1:100,GCN,focal_loss,GNNExplainer,43,0.034355077892541885,0.004807692307692308,-0.003960502823581872,0.00819827359137772,0.3333333333333333,0.4714045207910316,0.6059097458918724,,30,30,1.0,0.0,,
2026-07-26T23:24:23.499150,1:100,GCN,none,GNNExplainer,43,0.12430360168218613,0.02258064516129032,0.013620307828221418,0.009621663235199099,0.5,0.5,0.8343233020201181,,12,12,1.5,0.5,,
2026-07-26T23:26:43.642310,1:100,GraphSAGE,class_weighting,GNNExplainer,43,6.658605575561523,0.006309148264984227,-0.0005073271461138708,0.00706389494554739,0.9666666666666667,0.17950549357115012,0.7551483636766702,,30,30,3.0,2.0,,
2026-07-26T23:29:05.390389,1:100,GraphSAGE,focal_loss,GNNExplainer,43,0.02663232758641243,0.0,-0.011202999058227891,0.005653365538417776,0.9939393939393939,0.032637362467481855,0.3771301853853188,,30,30,3.0,2.0,,
2026-07-26T23:29:07.719200,1:100,GraphSAGE,none,SKIPPED_NO_TP,43,0.09985389560461044,0.005186385737439222,-0.020296726710956982,0.011104161523392667,,,,,0,,,,,no_true_positives
2026-07-26T23:32:58.379475,1:100,TAGCN,class_weighting,GNNExplainer,43,3.5060136318206787,0.0,-0.003188286815510246,0.01264805475918294,0.8333333333333334,0.3726779962499649,0.8274589464350043,,30,30,2.5,1.5,,
2026-07-26T23:34:13.770122,1:100,TAGCN,focal_loss,GNNExplainer,43,0.021098921075463295,0.000944733112895607,-0.024146882229412265,0.006947622142868273,0.9181519496035625,0.231501245848877,0.7562899843895772,,9,9,11.0,10.0,,
2026-07-26T23:34:28.710784,1:100,TAGCN,none,GNNExplainer,43,0.1334475427865982,0.0006717044500419815,-0.04711842293341956,0.004222997954690645,1.0,0.0,0.8180147975725329,,1,1,16.0,15.0,,
2026-07-26T23:38:34.745875,1:10,GAT,class_weighting,GNNExplainer,43,0.33637070655822754,0.0,-0.002456050002677908,0.006596008555179237,0.8,0.4,0.8211586998087955,,30,30,2.0,1.0,,
2026-07-26T23:42:41.344786,1:10,GAT,focal_loss,GNNExplainer,43,0.014344066381454468,0.0,-0.0034748056474041304,0.0083508399268476,0.9,0.3,0.8145581511347578,,30,30,3.0,2.0,,
2026-07-26T23:46:38.100591,1:10,GAT,none,GNNExplainer,43,0.09149736166000366,0.0,-0.005140444565705551,0.013816326419486092,0.8666666666666667,0.33993463423951903,0.8739558012580708,,30,30,3.0,2.0,,
2026-07-26T23:49:39.891547,1:10,GCN,class_weighting,GNNExplainer,43,0.40818142890930176,0.08253968253968254,0.07650009447534825,0.024203244923412505,0.7333333333333333,0.4422166387140533,0.7925959209687699,,30,30,2.0,1.0,,
2026-07-26T23:52:03.570695,1:10,GCN,focal_loss,GNNExplainer,43,0.012967009097337723,0.05194805194805195,0.04588521740310037,0.019326805841287844,0.7666666666666667,0.42295258468165065,0.8294809765289439,,30,30,2.0,1.0,,
2026-07-26T23:54:35.120864,1:10,GCN,none,GNNExplainer,43,0.20913073420524597,0.017777777777777778,0.01643904739854387,0.03989686570190424,0.6666666666666666,0.4714045207910316,0.7165404162163661,,30,30,2.0,1.0,,
2026-07-26T23:56:50.231019,1:10,GraphSAGE,class_weighting,GNNExplainer,43,0.49923646450042725,0.015873015873015872,0.011838743971991004,0.028966950812151858,0.8,0.4,0.7643311441793442,,30,30,2.5,1.5,,
2026-07-26T23:59:12.583426,1:10,GraphSAGE,focal_loss,GNNExplainer,43,0.010362457484006882,0.0,-0.0039061889639818454,0.01280050650308205,1.0,0.0,0.6619379554964393,,30,30,2.0,1.0,,
2026-07-27T00:01:34.516187,1:10,GraphSAGE,none,GNNExplainer,43,0.07331115007400513,0.0,-0.006464713744702117,0.016830147203063014,0.9099143468692968,0.27386987708903493,0.769776373763405,,30,30,2.5,1.5,,
2026-07-27T00:04:54.612349,1:10,TAGCN,class_weighting,GNNExplainer,43,0.3318464457988739,0.0,-0.006054967194666485,0.010999106905950778,0.7,0.45825756949558394,0.5062790478565689,,30,30,2.0,1.0,,
2026-07-27T00:06:53.903488,1:10,TAGCN,focal_loss,GNNExplainer,43,0.01158986147493124,0.00816326530612245,0.003952447839200441,0.012029582210995817,0.8,0.4000000000000001,0.6829316097209522,,30,30,2.0,1.0,,
2026-07-27T00:08:52.194490,1:10,TAGCN,none,GNNExplainer,43,0.11951787769794464,0.005813953488372093,-0.0016207400781027166,0.00788851565266994,0.7333333333333333,0.44221663871405337,0.64610629866711,,30,30,2.0,1.0,,
2026-07-27T00:11:05.057324,1:1,GAT,class_weighting,GNNExplainer,43,0.29119622707366943,0.0,-0.0038652017382471452,0.010928548562484236,0.9333333333333333,0.24944382578492943,0.8196022113226371,,30,30,2.0,1.0,,
2026-07-27T00:12:55.239344,1:1,GAT,focal_loss,GNNExplainer,43,0.03401635214686394,0.0,-0.004616879839701099,0.007648543273338933,0.6666666666666666,0.4714045207910316,0.6662830936348269,,30,30,2.0,1.0,,
2026-07-27T00:15:06.965037,1:1,GAT,none,GNNExplainer,43,0.2911253869533539,0.0,-0.0038237787967751414,0.010928229829368828,0.9333333333333333,0.24944382578492943,0.8196177016654198,,30,30,2.0,1.0,,
2026-07-27T00:16:23.840278,1:1,GCN,class_weighting,GNNExplainer,43,0.1650509536266327,0.09502262443438914,0.08934811445284617,0.029490663770609205,0.757350900307422,0.42078290464028567,0.8156860088120375,,30,30,3.0,2.0,,
2026-07-27T00:17:56.872895,1:1,GCN,focal_loss,GNNExplainer,43,0.040061868727207184,0.012422360248447204,0.0031116056371398933,0.007523774314246343,0.6,0.4898979485566357,0.4125886607365533,,30,30,2.0,1.0,,
2026-07-27T00:19:21.644523,1:1,GCN,none,GNNExplainer,43,0.24346210062503815,0.0,-0.00696680250448811,0.010594175103633058,0.7259552042160737,0.43954433251782626,0.7197741291877962,,30,30,2.0,1.0,,
2026-07-27T00:20:34.833382,1:1,GraphSAGE,class_weighting,GNNExplainer,43,0.1372479796409607,0.0,-0.005232859606033381,0.015765377907042036,0.7666666666666667,0.42295258468165065,0.7630818300218916,,30,30,2.5,1.5,,
2026-07-27T00:21:49.436658,1:1,GraphSAGE,focal_loss,GNNExplainer,43,0.04121796786785126,0.0,-0.008527730119278392,0.0064403236917956385,1.0,0.0,0.5104429018760219,,30,30,3.0,2.0,,
2026-07-27T00:23:05.779037,1:1,GraphSAGE,none,GNNExplainer,43,0.19719760119915009,0.013888888888888888,0.005177523291268855,0.013652176471076962,0.7666666666666667,0.4229525846816506,0.7632020395156149,,30,30,2.5,1.5,,
2026-07-27T00:25:04.078414,1:1,TAGCN,class_weighting,GNNExplainer,43,0.25802579522132874,0.0,-0.007149031214298128,0.011081952352467875,0.7666666666666667,0.42295258468165065,0.4678803170116664,,30,30,2.0,1.0,,
2026-07-27T00:27:26.312236,1:1,TAGCN,focal_loss,GNNExplainer,43,0.05402722582221031,0.0,-0.006439852212913074,0.008102959893496962,0.8,0.4,0.6666783606284812,,30,30,2.5,1.5,,
2026-07-27T00:29:41.596553,1:1,TAGCN,none,GNNExplainer,43,0.25802579522132874,0.0,-0.007149031214298128,0.011081957794222363,0.7666666666666667,0.42295258468165065,0.4678803170116664,,30,30,2.0,1.0,,
2026-07-27T00:31:33.644132,1:30_native,GAT,class_weighting,GNNExplainer,43,0.6035627126693726,0.0,-0.003086912001580178,0.0064504332246079045,0.9,0.3,0.8319650843794163,,30,30,3.0,2.0,,
2026-07-27T00:33:47.145023,1:30_native,GAT,focal_loss,GNNExplainer,43,0.022564934566617012,0.0,-0.004066042156302741,0.007693383019956587,0.9,0.3,0.8121183251586445,,30,30,3.0,2.0,,
2026-07-27T00:35:52.751978,1:30_native,GAT,none,GNNExplainer,43,0.05176394060254097,0.0,-0.0046854846333507965,0.013445269658382872,0.7666666666666667,0.42295258468165065,0.8214028597555907,,30,30,2.0,1.0,,
2026-07-27T00:37:00.785330,1:30_native,GCN,class_weighting,GNNExplainer,43,1.3746906518936157,0.015209125475285171,0.010486842604939331,0.009227104269639871,0.8666666666666667,0.33993463423951903,0.8502338238146699,,30,30,2.0,1.0,,
2026-07-27T00:38:13.834328,1:30_native,GCN,focal_loss,GNNExplainer,43,0.02902330830693245,0.012578616352201259,0.005793412703046552,0.012717573369991233,0.6333333333333333,0.4818944098266986,0.7722559370410398,,30,30,2.0,1.0,,
2026-07-27T00:39:34.631942,1:30_native,GCN,none,GNNExplainer,43,0.1211366355419159,0.008213552361396304,-0.0013944457019532746,0.00829042372464368,0.43333333333333335,0.4955356249106168,0.6916017679496771,,30,30,1.0,0.0,,
2026-07-27T00:40:36.380430,1:30_native,GraphSAGE,class_weighting,GNNExplainer,43,1.2817730903625488,0.011363636363636364,0.027694854868234035,0.022827566591041227,0.9,0.30000000000000004,0.8046988943386815,,30,30,3.0,2.0,,
2026-07-27T00:41:46.323129,1:30_native,GraphSAGE,focal_loss,GNNExplainer,43,0.010416275821626186,0.0,-0.0033346063862331188,0.019503965958955156,0.9666666666666667,0.17950549357115012,0.767119239615374,,30,30,3.0,2.0,,
2026-07-27T00:42:47.985891,1:30_native,GraphSAGE,none,GNNExplainer,43,0.06803583353757858,0.0,-0.0021080335603141285,0.017430988559035056,0.8,0.4,0.717461828359243,,30,30,3.0,2.0,,
2026-07-27T00:44:47.985419,1:30_native,TAGCN,class_weighting,GNNExplainer,43,1.2089811563491821,0.008583690987124463,0.005151968937963645,0.014401310376166748,0.8425559704786624,0.3549429264283553,0.8254629645024524,,30,30,3.0,2.0,,
2026-07-27T00:46:26.098467,1:30_native,TAGCN,focal_loss,GNNExplainer,43,0.014000304974615574,0.010810810810810811,0.0007294033252912494,0.007039420946836351,0.8333333333333334,0.3726779962499649,0.712067891484468,,30,30,3.0,2.0,,
2026-07-27T00:46:37.462763,1:30_native,TAGCN,none,GNNExplainer,43,0.12663447856903076,0.0016929067208396817,-0.04331316822796881,0.004840095814519807,1.0,0.0,0.7624727741291879,,2,2,11.0,10.0,,
2026-07-27T00:48:09.578584,1:50,GAT,class_weighting,GNNExplainer,43,0.761009693145752,0.01762114537444934,0.016005732379206328,0.014226061897339815,0.8,0.4,0.8257352786321945,,30,30,3.0,2.0,,
2026-07-27T00:50:07.227780,1:50,GAT,focal_loss,GNNExplainer,43,0.009838869795203209,0.0,-0.006489482177690598,0.011115160567247559,0.8333333333333334,0.3726779962499649,0.821601657106437,,30,30,3.0,2.0,,
2026-07-27T00:52:19.240617,1:50,GAT,none,GNNExplainer,43,0.11408491432666779,0.01890359168241966,0.00973484328288874,0.014457783958867841,0.3634920634920635,0.4780097522595412,0.6745830908637458,,30,30,1.0,0.0,,
2026-07-27T00:53:36.096078,1:50,GCN,class_weighting,GNNExplainer,43,3.1512603759765625,0.009708737864077669,0.00927390011209098,0.006633774647873722,0.8,0.4,0.8337108099869759,,30,30,2.0,1.0,,
2026-07-27T00:54:40.985160,1:50,GCN,focal_loss,GNNExplainer,43,0.03003867156803608,0.004081632653061225,-0.0058223175215740735,0.008304018008594875,0.5666666666666667,0.49553562491061676,0.6339279796048439,,30,30,2.0,1.0,,
2026-07-27T00:54:41.873507,1:50,GCN,none,SKIPPED_NO_TP,43,0.09291928261518478,0.014349947383526261,-2.406251493421889e-05,0.006846118803832069,,,,,0,,,,,no_true_positives
2026-07-27T00:55:45.913895,1:50,GraphSAGE,class_weighting,GNNExplainer,43,2.9247488975524902,0.01809954751131222,0.017370901993198695,0.01849558187592809,0.9080177349532188,0.27826662614087955,0.7793453598248677,,30,30,3.0,2.0,,
2026-07-27T00:57:11.279221,1:50,GraphSAGE,focal_loss,GNNExplainer,43,0.015112149529159069,0.0,-0.0034287055756462427,0.01150190077879058,0.9666666666666667,0.1795054935711501,0.7638796242414166,,30,30,3.0,2.0,,
2026-07-27T00:58:25.296415,1:50,GraphSAGE,none,GNNExplainer,43,0.0721030905842781,0.009389671361502348,0.007910623972575394,0.015868315795636495,0.8666666666666667,0.33993463423951903,0.7832260093662539,,30,30,3.0,2.0,,
2026-07-27T01:00:18.422966,1:50,TAGCN,class_weighting,GNNExplainer,43,2.2318453788757324,0.009708737864077669,0.00927390011209098,0.014571956698801602,0.9,0.29999999999999993,0.8176913847091751,,30,30,2.0,1.0,,
2026-07-27T01:01:40.300407,1:50,TAGCN,focal_loss,GNNExplainer,43,0.02261592634022236,0.0,-0.01797852330629671,0.0057790715174235105,0.9,0.29999999999999993,0.7419972843406213,,30,30,3.0,2.0,,
2026-07-27T01:01:41.813479,1:50,TAGCN,none,SKIPPED_NO_TP,43,0.3356263041496277,0.02322119678475737,0.0607185342301188,0.007823581054594521,,,,,0,,,,,no_true_positives
2026-07-27T10:56:02.635177,1:100,GAT,class_weighting,GNNExplainer,44,0.7354964017868042,0.01,0.010737744718373151,0.02917658558657268,0.9,0.29999999999999993,0.8638067171003407,,30,30,3.0,2.0,,
2026-07-27T10:59:12.518406,1:100,GAT,focal_loss,GNNExplainer,44,0.02444949932396412,0.00980392156862745,0.001287383804998937,0.008189434454921825,0.7,0.45825756949558394,0.8434009477097016,,30,30,2.0,1.0,,
2026-07-27T11:02:59.311961,1:100,GAT,none,GNNExplainer,44,0.3374599814414978,0.008695652173913044,-0.006459560699863404,0.009389134868571077,0.6,0.48989794855663565,0.5707187629894421,,30,30,2.0,1.0,,
2026-07-27T11:05:59.537527,1:100,GCN,class_weighting,GNNExplainer,44,3.098424196243286,0.0029154518950437317,-0.009517735820591478,0.0069464004799021425,0.6666666666666666,0.4714045207910316,0.8194358356194751,,30,30,2.0,1.0,,
2026-07-27T11:08:12.802471,1:100,GCN,focal_loss,GNNExplainer,44,0.030847428366541862,0.027888446215139442,0.019478337697116228,0.00819380468558819,0.5,0.5,0.7444931138637183,,30,30,1.5,0.5,,
2026-07-27T11:09:05.977009,1:100,GCN,none,GNNExplainer,44,0.11328332871198654,0.0,-0.011831051148044261,0.006656699213600917,0.0,0.0,0.5931410994857665,,7,7,1.0,0.0,,
2026-07-27T11:11:29.234274,1:100,GraphSAGE,class_weighting,GNNExplainer,44,2.468888998031616,0.025974025974025976,0.02501386649341756,0.021116626391474304,0.9,0.3,0.7517205641920913,,30,30,3.0,2.0,,
2026-07-27T11:13:35.300546,1:100,GraphSAGE,focal_loss,GNNExplainer,44,0.017471063882112503,0.017857142857142856,0.016663496825998703,0.01151454369052884,0.9333333333333333,0.24944382578492943,0.7472527225870812,,30,30,3.0,2.0,,
2026-07-27T11:13:37.057019,1:100,GraphSAGE,none,SKIPPED_NO_TP,44,0.1177855134010315,0.02198827292110874,0.05998846550827794,0.012218931436569755,,,,,0,,,,,no_true_positives
2026-07-27T11:17:56.316205,1:100,TAGCN,class_weighting,GNNExplainer,44,2.461540937423706,0.0,-0.004368385937623828,0.025217447405250837,0.7803906268274085,0.40411328696468274,0.8176719871421843,,30,30,2.0,1.0,,
2026-07-27T11:19:46.519181,1:100,TAGCN,focal_loss,GNNExplainer,44,0.02894248440861702,0.02174919018972698,0.048602061512846004,0.0094852290073752,0.6,0.4898979485566357,0.6721269155097404,,30,30,2.0,1.0,,
2026-07-27T11:19:55.964790,1:100,TAGCN,none,SKIPPED_NO_TP,44,0.2559650242328644,0.020048392671966817,0.03329286524353929,0.007775652944602118,,,,,0,,,,,no_true_positives
2026-07-27T11:23:43.804800,1:10,GAT,class_weighting,GNNExplainer,44,0.431371808052063,0.061855670103092786,0.05551479774822823,0.01728851906069762,0.9,0.3,0.8653800537589714,,30,30,3.0,2.0,,
2026-07-27T11:27:21.300312,1:10,GAT,focal_loss,GNNExplainer,44,0.015047624707221985,0.07046070460704607,0.06327855609717513,0.021901177435937946,0.8333333333333334,0.3726779962499649,0.804836339956217,,30,30,2.0,1.0,,
2026-07-27T11:31:11.571824,1:10,GAT,none,GNNExplainer,44,0.10675690323114395,0.0,-0.0039061889639818454,0.012910067192908492,0.7333333333333333,0.44221663871405337,0.8683914706126861,,30,30,2.0,1.0,,
2026-07-27T11:34:06.739260,1:10,GCN,class_weighting,GNNExplainer,44,0.623705267906189,0.007067137809187279,0.0012203346169808726,0.007905354151096219,0.8666666666666667,0.33993463423951903,0.8114471416299499,,30,30,2.0,1.0,,
2026-07-27T11:36:26.469735,1:10,GCN,focal_loss,GNNExplainer,44,0.013042778708040714,0.025974025974025976,0.02501386649341756,0.011871841740021635,0.7524086873941946,0.42205517938238235,0.8064093717959379,,30,30,2.0,1.0,,
2026-07-27T11:38:52.231404,1:10,GCN,none,GNNExplainer,44,0.17748509347438812,0.027722772277227723,0.01929960463786316,0.009038725495884638,0.5666666666666667,0.49553562491061676,0.7873045418017568,,30,30,2.0,1.0,,
2026-07-27T11:41:14.137713,1:10,GraphSAGE,class_weighting,GNNExplainer,44,0.4157607853412628,0.0,-0.0036967484367606504,0.01971693915594278,0.8666666666666667,0.33993463423951903,0.8000051819214673,,30,30,3.0,2.0,,
2026-07-27T11:43:18.234402,1:10,GraphSAGE,focal_loss,GNNExplainer,44,0.008528216741979122,0.0,-0.003520305977062792,0.022099222236629412,0.8684450037081616,0.3355068057133751,0.6949555241499711,,30,30,3.0,2.0,,
2026-07-27T11:45:46.089054,1:10,GraphSAGE,none,GNNExplainer,44,0.05486244708299637,0.0,-0.0036967484367606504,0.01706411555654984,1.0,0.0,0.7927793388200738,,30,30,3.0,2.0,,
2026-07-27T11:49:55.956797,1:10,TAGCN,class_weighting,GNNExplainer,44,0.30703940987586975,0.007168458781362007,0.0014575341751482378,0.017194792679796168,0.6763709677419354,0.4604499803923203,0.8433783356887522,,30,30,2.0,1.0,,
2026-07-27T11:54:27.718002,1:10,TAGCN,focal_loss,GNNExplainer,44,0.019949667155742645,0.0,-0.007500575862590794,0.006598379345976292,0.8,0.4,0.5623541164408237,,30,30,2.5,1.5,,
2026-07-27T11:58:40.789436,1:10,TAGCN,none,GNNExplainer,44,0.11108988523483276,0.0,-0.005323694039650774,0.011939214385825032,0.8,0.4,0.6988884085681824,,30,30,2.0,1.0,,
2026-07-27T12:02:04.091009,1:1,GAT,class_weighting,GNNExplainer,44,0.2880290448665619,0.007751937984496124,0.0028758070654984736,0.018265034996629036,0.8,0.4,0.8112439936819356,,30,30,2.0,1.0,,
2026-07-27T12:06:08.038781,1:1,GAT,focal_loss,GNNExplainer,44,0.040481723845005035,0.0,-0.004950517047917296,0.011568148904406087,0.710269744160178,0.4457363793590339,0.666686535317427,,30,30,2.0,1.0,,
2026-07-27T12:09:45.173130,1:1,GAT,none,GNNExplainer,44,0.3801933228969574,0.0,-0.0034287055756462427,0.020438722792726186,0.8666666666666667,0.33993463423951903,0.8333924404910356,,30,30,3.0,2.0,,
2026-07-27T12:12:09.598057,1:1,GCN,class_weighting,GNNExplainer,44,0.1659332811832428,0.007874015748031496,0.0031872512691078184,0.013098840758330475,0.6333333333333333,0.4818944098266986,0.8154426524787318,,30,30,2.0,1.0,,
2026-07-27T12:15:14.779656,1:1,GCN,focal_loss,GNNExplainer,44,0.028896648436784744,0.0,-0.003781905822031203,0.011279292220952334,0.6666666666666666,0.4714045207910317,0.4303189237121401,,30,30,2.0,1.0,,
2026-07-27T12:17:51.041466,1:1,GCN,none,GNNExplainer,44,0.2025894671678543,0.006896551724137931,0.0008253338397632813,0.013100252719000685,0.8666666666666667,0.33993463423951903,0.8223692188322663,,30,30,3.0,2.0,,
2026-07-27T12:19:44.770111,1:1,GraphSAGE,class_weighting,GNNExplainer,44,0.20603501796722412,0.0,-0.00572886347347863,0.007659793201377028,0.8333333333333334,0.3726779962499649,0.6523609055892704,,30,30,3.0,2.0,,
2026-07-27T12:22:17.326258,1:1,GraphSAGE,focal_loss,GNNExplainer,44,0.018022503703832626,0.03460207612456748,0.02914495201870884,0.017997624400776752,0.8666666666666667,0.33993463423951903,0.7317515171668468,,30,30,2.5,1.5,,
2026-07-27T12:24:27.163655,1:1,GraphSAGE,none,GNNExplainer,44,0.14649061858654022,0.0169971671388102,0.009472662773417996,0.02599670685482298,0.9,0.29999999999999993,0.6956683293152659,,30,30,3.0,2.0,,
2026-07-27T12:28:57.260414,1:1,TAGCN,class_weighting,GNNExplainer,44,0.280853807926178,0.00980392156862745,0.001287383804998937,0.018918278090091924,0.7872400932400933,0.3995218125348868,0.7940454734391885,,30,30,2.0,1.0,,
2026-07-27T12:33:22.691611,1:1,TAGCN,focal_loss,GNNExplainer,44,0.028610294684767723,0.0,-0.008159666362331572,0.011346732425190891,0.9,0.30000000000000004,0.7293880621830577,,30,30,2.0,1.0,,
2026-07-27T12:37:30.358121,1:1,TAGCN,none,GNNExplainer,44,0.2839733958244324,0.009779951100244499,0.0012481811299516765,0.02022165859419762,0.7333333333333333,0.44221663871405337,0.8217138581760745,,30,30,2.0,1.0,,
2026-07-27T12:41:17.067762,1:30_native,GAT,class_weighting,GNNExplainer,44,0.540151834487915,0.00796812749003984,0.003431744692579441,0.013230896486055107,0.8666666666666667,0.33993463423951903,0.8439090254108127,,30,30,3.0,2.0,,
2026-07-27T12:44:48.278172,1:30_native,GAT,focal_loss,GNNExplainer,44,0.01370855513960123,0.020689655172413793,0.014899447738884498,0.011701035882023734,0.8333333333333334,0.37267799624996495,0.8314006151799817,,30,30,3.0,2.0,,
2026-07-27T12:48:19.207859,1:30_native,GAT,none,GNNExplainer,44,0.14678137004375458,0.0,-0.0031380066145789555,0.007131906614027065,0.3333333333333333,0.4714045207910316,0.7476673871477265,,30,30,1.0,0.0,,
2026-07-27T12:50:46.786151,1:30_native,GCN,class_weighting,GNNExplainer,44,0.8834182024002075,0.009216589861751152,0.007248985288927847,0.010380028990831198,0.8,0.4000000000000001,0.8482551611383602,,30,30,2.0,1.0,,
2026-07-27T12:53:19.384045,1:30_native,GCN,focal_loss,GNNExplainer,44,0.0197833850979805,0.013688212927756654,0.001496470956918754,0.006351041981657626,0.5333333333333333,0.49888765156985887,0.7963251309335772,,30,30,2.0,1.0,,
2026-07-27T12:55:26.700957,1:30_native,GCN,none,GNNExplainer,44,0.1310214400291443,0.0,-0.0048855900303237144,0.0074441372662354295,0.4666666666666667,0.49888765156985887,0.7129000471083768,,30,30,1.0,0.0,,
2026-07-27T12:57:40.684463,1:30_native,GraphSAGE,class_weighting,GNNExplainer,44,1.1315009593963623,0.0,-0.001868450985462102,0.021783681444490437,0.7757704724118386,0.40906383263734547,0.7687552581261949,,30,30,2.0,1.0,,
2026-07-27T13:00:01.733041,1:30_native,GraphSAGE,focal_loss,GNNExplainer,44,0.010152838192880154,0.0,-0.004219896511332841,0.024546743996664552,0.9666666666666667,0.1795054935711501,0.684665918474797,,30,30,3.0,2.0,,
2026-07-27T13:02:12.524290,1:30_native,GraphSAGE,none,GNNExplainer,44,0.05261062830686569,0.0,-0.0034748056474041304,0.02165734043414558,0.9333333333333333,0.24944382578492943,0.7369844265247872,,30,30,3.0,2.0,,
2026-07-27T13:06:25.378228,1:30_native,TAGCN,class_weighting,GNNExplainer,44,0.4844004213809967,0.0,-0.003781905822031203,0.017063560079047805,0.7333333333333333,0.4422166387140533,0.8142534153573311,,30,30,2.0,1.0,,
2026-07-27T13:09:28.055171,1:30_native,TAGCN,focal_loss,GNNExplainer,44,0.012683899141848087,0.011764705882352941,0.0044594204703905845,0.007617273343228031,0.8666666666666667,0.33993463423951903,0.6840552276443039,,30,30,3.0,2.0,,
2026-07-27T13:09:46.177522,1:30_native,TAGCN,none,GNNExplainer,44,0.09796749800443649,0.0,-0.006636195817881304,0.005274170623956316,1.0,0.0,0.6869386482666888,,2,2,4.0,3.0,,
2026-07-27T13:13:17.522368,1:50,GAT,class_weighting,GNNExplainer,44,1.3364900350570679,0.0,-0.003520305977062792,0.009230157498431061,0.8430078393982733,0.35423014845493495,0.6568409953722949,,30,30,3.0,2.0,,
2026-07-27T13:17:03.962121,1:50,GAT,focal_loss,GNNExplainer,44,0.014028210192918777,0.008695652173913044,0.005493419882811921,0.00935620355511998,0.7,0.45825756949558394,0.8445135367306787,,30,30,3.0,2.0,,
2026-07-27T13:20:21.076129,1:50,GAT,none,GNNExplainer,44,0.6234502196311951,0.011342155009451797,0.0015327200062420568,0.008547942720292584,0.7,0.45825756949558394,0.7973757308726134,,30,30,2.0,1.0,,
2026-07-27T13:22:58.587343,1:50,GCN,class_weighting,GNNExplainer,44,1.621900200843811,0.023529411764705882,0.01978938319705647,0.012644893558351503,0.7333333333333333,0.44221663871405337,0.8337338930916951,,30,30,2.0,1.0,,
2026-07-27T13:25:10.626845,1:50,GCN,focal_loss,GNNExplainer,44,0.025482304394245148,0.022988505747126436,0.018782662128739858,0.010565327741458816,0.7666666666666667,0.4229525846816506,0.8129073073405935,,30,30,2.0,1.0,,
2026-07-27T13:26:24.155149,1:50,GCN,none,GNNExplainer,44,0.14468209445476532,0.0,-0.008584457161545081,0.006502065819307073,0.6,0.48989794855663565,0.7173545875245931,,30,30,2.0,1.0,,
2026-07-27T13:28:53.803411,1:50,GraphSAGE,class_weighting,GNNExplainer,44,2.889681577682495,0.010638297872340425,0.015263306696804002,0.015196463558722104,0.8666666666666667,0.33993463423951903,0.7824233657549811,,30,30,3.0,2.0,,
2026-07-27T13:31:02.196749,1:50,GraphSAGE,focal_loss,GNNExplainer,44,0.009725607000291348,0.0,-0.0022536800141716136,0.02271271210913017,0.9472192214053542,0.2046793017381795,0.7274366946545848,,30,30,3.0,2.0,,
2026-07-27T13:33:31.919885,1:50,GraphSAGE,none,GNNExplainer,44,0.12695156037807465,0.023054755043227664,0.015693141763325223,0.021647582030239414,0.9333333333333333,0.24944382578492943,0.7582875550752349,,30,30,3.0,2.0,,
2026-07-27T13:37:35.258004,1:50,TAGCN,class_weighting,GNNExplainer,44,0.5843472480773926,0.0,-0.004852805052701623,0.016427846663746967,0.9,0.3,0.8033141297420124,,30,30,2.0,1.0,,
2026-07-27T13:40:52.859241,1:50,TAGCN,focal_loss,GNNExplainer,44,0.016003232449293137,0.002688172043010753,-0.010416071228279011,0.006279211316593522,0.9,0.3,0.6947594424585031,,30,30,3.0,2.0,,
2026-07-27T13:41:04.309697,1:50,TAGCN,none,GNNExplainer,44,0.0959891751408577,0.0016168148746968471,-0.01642704493115981,0.00495113118564446,1.0,0.0,0.6867333111646854,,2,2,4.0,3.0,,
2026-09-12T15:39:44.238872,1:1,GCN,none,SKIPPED_QUALITY_GATE,42,0.35086768865585327,0.0688622754491018,0.06764311812200625,0.02004922229729631,,,,,,,,,,quality_gate_v3
2026-09-12T15:39:44.244464,1:1,GCN,none,SKIPPED_QUALITY_GATE,43,0.2583620250225067,0.06741573033707865,0.062473602507672234,0.0226971518147185,,,,,,,,,,quality_gate_v3
2026-09-12T15:39:44.246175,1:1,GCN,none,SKIPPED_QUALITY_GATE,44,0.38429024815559387,0.0,-0.003520305977062792,0.029053077604911954,,,,,,,,,,quality_gate_v3
2026-09-12T15:39:49.548343,1:1,GCN,class_weighting,SKIPPED_QUALITY_GATE,42,0.30187663435935974,0.03527336860670194,0.027702158351458592,0.014992576066007152,,,,,,,,,,quality_gate_v3
2026-09-12T15:39:49.553108,1:1,GCN,class_weighting,SKIPPED_QUALITY_GATE,43,0.18254990875720978,0.0,-0.0050463620718842975,0.02933515985545802,,,,,,,,,,quality_gate_v3
2026-09-12T15:39:49.554556,1:1,GCN,class_weighting,SKIPPED_QUALITY_GATE,44,0.18946975469589233,0.013071895424836602,0.006619389353340884,0.012672068723035914,,,,,,,,,,quality_gate_v3
2026-09-12T15:39:54.895241,1:1,GCN,focal_loss,SKIPPED_QUALITY_GATE,42,0.4393780827522278,0.01793462539774371,0.010194188977008821,0.010376781755226015,,,,,,,,,,quality_gate_v3
2026-09-12T15:39:54.900419,1:1,GCN,focal_loss,SKIPPED_QUALITY_GATE,43,0.07718288153409958,0.0,-0.006756080594123668,0.010573312615876535,,,,,,,,,,quality_gate_v3
2026-09-12T15:39:54.901862,1:1,GCN,focal_loss,SKIPPED_QUALITY_GATE,44,0.05821594223380089,0.06853582554517133,0.0621441603968155,0.02875829079388045,,,,,,,,,,quality_gate_v3
2026-09-12T15:40:00.168309,1:10,GCN,none,SKIPPED_QUALITY_GATE,42,0.16341404616832733,0.0,-0.0045472522651446,0.011982521070153955,,,,,,,,,,quality_gate_v3
2026-09-12T15:40:00.173991,1:10,GCN,none,SKIPPED_QUALITY_GATE,43,0.23150472342967987,0.006666666666666667,0.00029988983313650457,0.018851187992199325,,,,,,,,,,quality_gate_v3
2026-09-12T15:40:00.175541,1:10,GCN,none,SKIPPED_QUALITY_GATE,44,0.1679352968931198,0.0064516129032258064,-0.00018664880241386076,0.007410756996200878,,,,,,,,,,quality_gate_v3
2026-09-12T15:55:57.215190,1:10,GCN,class_weighting,GNNShap,42,0.5373847484588623,0.015444015444015444,0.010954360612430008,0.008107168012711684,,,0.9656946545847537,,30,0,,,,
2026-09-12T15:55:57.333065,1:10,GCN,class_weighting,SKIPPED_QUALITY_GATE,43,0.41615578532218933,0.007575757575757576,0.0024364456135631315,0.011548851022949499,,,,,,,,,,quality_gate_v3
2026-09-12T15:55:57.334430,1:10,GCN,class_weighting,SKIPPED_QUALITY_GATE,44,0.42549028992652893,0.018633540372670808,0.011797321487752851,0.008536062711172292,,,,,,,,,,quality_gate_v3
2026-09-12T15:56:02.491542,1:10,GCN,focal_loss,SKIPPED_QUALITY_GATE,42,0.010678635910153389,0.03669724770642202,0.029875117996522035,0.01679237126049383,,,,,,,,,,quality_gate_v3
2026-09-12T15:56:02.496265,1:10,GCN,focal_loss,SKIPPED_QUALITY_GATE,43,0.011983308009803295,0.011904761904761904,0.00468708480710963,0.014327903235179964,,,,,,,,,,quality_gate_v3
2026-09-12T15:56:02.497753,1:10,GCN,focal_loss,SKIPPED_QUALITY_GATE,44,0.011996990069746971,0.008097165991902834,0.0037738546491559617,0.010567640325575426,,,,,,,,,,quality_gate_v3
2026-09-12T15:56:07.563867,1:30_native,GCN,none,SKIPPED_QUALITY_GATE,42,0.19232164323329926,0.0,-0.0033346063862331188,0.008644070190869782,,,,,,,,,,quality_gate_v3
2026-09-12T15:56:07.569503,1:30_native,GCN,none,SKIPPED_QUALITY_GATE,43,0.14589592814445496,0.027538726333907058,0.019168005668631572,0.011310903391583116,,,,,,,,,,quality_gate_v3
2026-09-12T15:56:07.571418,1:30_native,GCN,none,SKIPPED_QUALITY_GATE,44,0.12792862951755524,0.0,-0.00572886347347863,0.007056858245365981,,,,,,,,,,quality_gate_v3
2026-09-12T15:56:12.621488,1:30_native,GCN,class_weighting,SKIPPED_QUALITY_GATE,42,0.6231439709663391,0.0,-0.0056160349154918176,0.010778541234098375,,,,,,,,,,quality_gate_v3
2026-09-12T16:19:00.584220,1:30_native,GCN,class_weighting,GNNShap,43,1.7468782663345337,0.008583690987124463,0.005151968937963645,0.009379395588419622,,,0.9703537839111037,,30,0,,,,
2026-09-12T16:19:00.700898,1:30_native,GCN,class_weighting,SKIPPED_QUALITY_GATE,44,0.4959430992603302,0.0,-0.002760660084233613,0.012757008861839324,,,,,,,,,,quality_gate_v3
2026-09-12T16:19:05.816328,1:30_native,GCN,focal_loss,SKIPPED_QUALITY_GATE,42,0.020872127264738083,0.008032128514056224,0.0036003852474405275,0.008003215465614652,,,,,,,,,,quality_gate_v3
2026-09-12T16:19:05.820773,1:30_native,GCN,focal_loss,SKIPPED_QUALITY_GATE,43,0.014378180727362633,0.0048134777376654635,-0.008614069956594361,0.008051041367832398,,,,,,,,,,quality_gate_v3
2026-09-12T16:19:05.822350,1:30_native,GCN,focal_loss,SKIPPED_QUALITY_GATE,44,0.05411464720964432,0.006309148264984227,-0.0005073271461138708,0.006950715201689904,,,,,,,,,,quality_gate_v3
2026-09-12T16:19:10.897606,1:50,GCN,none,SKIPPED_QUALITY_GATE,42,0.09969157725572586,0.017094017094017096,0.01463192770287357,0.008252792155164064,,,,,,,,,,quality_gate_v3
2026-09-12T16:19:10.902437,1:50,GCN,none,SKIPPED_QUALITY_GATE,43,0.0988868921995163,0.012944983818770227,0.006405272636998835,0.008460178748804958,,,,,,,,,,quality_gate_v3
2026-09-12T16:19:10.903942,1:50,GCN,none,SKIPPED_QUALITY_GATE,44,0.07897242158651352,0.0,-0.0031380066145789555,0.0077411381067255345,,,,,,,,,,quality_gate_v3
2026-09-12T16:19:16.079573,1:50,GCN,class_weighting,SKIPPED_QUALITY_GATE,42,1.226397156715393,0.0,-0.0038237787967751414,0.00818038237101381,,,,,,,,,,quality_gate_v3
2026-09-12T16:19:16.084973,1:50,GCN,class_weighting,SKIPPED_QUALITY_GATE,43,1.0658390522003174,0.0,-0.0039061889639818454,0.0103013216835429,,,,,,,,,,quality_gate_v3
2026-09-12T16:19:16.086627,1:50,GCN,class_weighting,SKIPPED_QUALITY_GATE,44,1.1506656408309937,0.0,-0.002702476026435657,0.009191962550081584,,,,,,,,,,quality_gate_v3
2026-09-12T16:19:21.304580,1:50,GCN,focal_loss,SKIPPED_QUALITY_GATE,42,0.01803448796272278,0.0,-0.005353634885774064,0.006446186269076159,,,,,,,,,,quality_gate_v3
2026-09-12T16:19:21.309523,1:50,GCN,focal_loss,SKIPPED_QUALITY_GATE,43,0.026115359738469124,0.09329446064139942,0.1262468589572226,0.03675585752759351,,,,,,,,,,quality_gate_v3
2026-09-12T16:19:21.311172,1:50,GCN,focal_loss,SKIPPED_QUALITY_GATE,44,0.03351852297782898,0.09287925696594428,0.12236005934629393,0.04635616181533102,,,,,,,,,,quality_gate_v3
2026-09-12T16:19:26.369574,1:100,GCN,none,SKIPPED_QUALITY_GATE,42,0.1428711712360382,0.0,-0.010996176522729044,0.0071287750293272745,,,,,,,,,,quality_gate_v3
2026-09-12T16:19:26.374101,1:100,GCN,none,SKIPPED_QUALITY_GATE,43,0.09140419214963913,0.0015789473684210526,-0.03277273401610572,0.006007215428027659,,,,,,,,,,quality_gate_v3
2026-09-12T16:19:26.375749,1:100,GCN,none,SKIPPED_QUALITY_GATE,44,0.1323181837797165,0.0,-0.008060119221789775,0.006499609796478889,,,,,,,,,,quality_gate_v3
2026-09-12T16:19:31.427286,1:100,GCN,class_weighting,SKIPPED_QUALITY_GATE,42,2.507037878036499,0.0,-0.005293586465759529,0.007711837236285335,,,,,,,,,,quality_gate_v3
2026-09-12T16:34:53.390521,1:100,GCN,class_weighting,GNNShap,43,3.277888774871826,0.009302325581395349,0.007570826246457806,0.007908640687619376,,,0.9708912627816112,,30,0,,,,
2026-09-12T16:50:26.363273,1:100,GCN,class_weighting,GNNShap,44,2.23463773727417,0.01791044776119403,0.010758822885034242,0.009081471611885699,,,0.9770457505472885,,30,0,,,,
2026-09-12T16:50:31.628786,1:100,GCN,focal_loss,SKIPPED_QUALITY_GATE,42,0.02332828752696514,0.0,-0.004219896511332841,0.008051081203339139,,,,,,,,,,quality_gate_v3
2026-09-12T16:50:31.634452,1:100,GCN,focal_loss,SKIPPED_QUALITY_GATE,43,0.03198064863681793,0.013029315960912053,0.0065474172785116545,0.008242353685462037,,,,,,,,,,quality_gate_v3
2026-09-12T16:50:31.636076,1:100,GCN,focal_loss,SKIPPED_QUALITY_GATE,44,0.024996882304549217,0.008968609865470852,0.006374887405043588,0.006697008565293651,,,,,,,,,,quality_gate_v3
2026-09-12T16:58:47.807749,1:1,GraphSAGE,none,GNNShap,42,0.16300097107887268,0.019169329073482427,0.012581761564541605,0.019830232425527845,,,0.9499242940671154,,30,0,,,,
2026-09-12T17:06:52.993292,1:1,GraphSAGE,none,GNNShap,43,0.17068509757518768,0.0,-0.008080123283118032,0.011305284176272586,,,0.9785012608418545,,30,0,,,,
2026-09-12T17:15:02.793512,1:1,GraphSAGE,none,GNNShap,44,0.20133917033672333,0.0,-0.007857376396602372,0.007518467282473962,,,0.9670133843212236,,30,0,,,,
2026-09-12T17:26:24.369614,1:1,GraphSAGE,class_weighting,GNNShap,42,0.22281765937805176,0.029850746268656716,0.021825640113687518,0.024462902447815973,,,0.929772411117577,,30,0,,,,
2026-09-12T17:37:45.385456,1:1,GraphSAGE,class_weighting,GNNShap,43,0.38757771253585815,0.0,-0.006314109427780425,0.007147055111052953,,,0.975789453265719,,30,0,,,,
2026-09-12T17:49:01.217192,1:1,GraphSAGE,class_weighting,GNNShap,44,0.45001429319381714,0.005457025920873124,-0.006959248014800389,0.010204543408158438,,,0.9734928367556184,,30,0,,,,
2026-09-12T17:49:06.469663,1:1,GraphSAGE,focal_loss,SKIPPED_QUALITY_GATE,42,0.021760692819952965,0.0,-0.0045472522651446,0.024210901634076038,,,,,,,,,,quality_gate_v3
2026-09-12T17:49:06.475589,1:1,GraphSAGE,focal_loss,SKIPPED_QUALITY_GATE,43,0.01979866623878479,0.0,-0.004918159275982413,0.023239260716974654,,,,,,,,,,quality_gate_v3
2026-09-12T18:00:35.593289,1:1,GraphSAGE,focal_loss,GNNShap,44,0.016269294545054436,0.0,-0.006081368068746374,0.02209216176423418,,,0.9679364036910799,,30,0,,,,
2026-09-12T18:12:10.844796,1:10,GraphSAGE,none,GNNShap,42,0.08618593215942383,0.0,-0.005558776877157049,0.008216046423151399,,,0.970955745836451,,30,0,,,,
2026-09-12T18:23:48.677373,1:10,GraphSAGE,none,GNNShap,43,0.09019803255796432,0.0,-0.005014614520223389,0.008464654814286703,,,0.9727208135893812,,30,0,,,,
2026-09-12T18:35:29.152518,1:10,GraphSAGE,none,GNNShap,44,0.09818892925977707,0.0,-0.004404734041526646,0.006845350169227517,,,0.9739015434921162,,30,0,,,,
2026-09-12T18:46:56.404477,1:10,GraphSAGE,class_weighting,GNNShap,42,0.3710070550441742,0.01,0.010737744718373151,0.026664633525756622,,,0.919791642419708,,30,0,,,,
2026-09-12T18:58:23.892143,1:10,GraphSAGE,class_weighting,GNNShap,43,0.2986445724964142,0.019801980198019802,0.02366077707114851,0.04046278341642244,,,0.9388172194973259,,30,0,,,,
2026-09-12T19:10:00.713487,1:10,GraphSAGE,class_weighting,GNNShap,44,0.78693687915802,0.02040816326530612,0.02680531763321412,0.020944676215547426,,,0.9149100507107822,,30,0,,,,
2026-09-12T19:21:50.386389,1:10,GraphSAGE,focal_loss,GNNShap,42,0.00856274738907814,0.0,-0.002817647777869185,0.022483753437701717,,,0.9602414997090366,,30,0,,,,
2026-09-12T19:33:28.068841,1:10,GraphSAGE,focal_loss,GNNShap,43,0.00861296895891428,0.0,-0.0034748056474041304,0.019075909068628532,,,0.9751265552692107,,30,0,,,,
2026-09-12T19:44:58.158139,1:10,GraphSAGE,focal_loss,GNNShap,44,0.008949393406510353,0.0,-0.002456050002677908,0.016512510346592856,,,0.9742635852245962,,30,0,,,,
2026-09-12T19:56:24.758401,1:30_native,GraphSAGE,none,GNNShap,42,0.058915819972753525,0.0,-0.003520305977062792,0.017314126977283382,,,0.9526573004128911,,30,0,,,,
2026-09-12T20:07:42.762572,1:30_native,GraphSAGE,none,GNNShap,43,0.05575281381607056,0.018018018018018018,0.0171291637835307,0.019147825254287622,,,0.9673096128799846,,30,0,,,,
2026-09-12T20:19:05.113731,1:30_native,GraphSAGE,none,GNNShap,44,0.0652773529291153,0.008583690987124463,0.005151968937963645,0.018111823681843154,,,0.9410330589963145,,30,0,,,,
2026-09-12T20:30:22.009170,1:30_native,GraphSAGE,class_weighting,GNNShap,42,2.541869878768921,0.020512820512820513,0.02742587038213392,0.013672993558120317,,,0.9134079585446283,,30,0,,,,
2026-09-12T20:41:40.599433,1:30_native,GraphSAGE,class_weighting,GNNShap,43,0.8331869840621948,0.038834951456310676,0.04738171717530265,0.040523168177823414,,,0.9255642198021449,,30,0,,,,
2026-09-12T20:53:08.726476,1:30_native,GraphSAGE,class_weighting,GNNShap,44,1.717980980873108,0.027777777777777776,0.029953731964975833,0.022541582527818092,,,0.9112404744090667,,30,0,,,,
2026-09-12T21:04:51.922628,1:30_native,GraphSAGE,focal_loss,GNNShap,42,0.009357526898384094,0.0,-0.003565229527362167,0.012074613028225257,,,0.9740142987779535,,30,0,,,,
2026-09-12T21:16:34.853170,1:30_native,GraphSAGE,focal_loss,GNNShap,43,0.008258353918790817,0.0,-0.00465130723958753,0.018011260608046246,,,0.9655841992961455,,30,0,,,,
2026-09-12T21:28:08.812368,1:30_native,GraphSAGE,focal_loss,GNNShap,44,0.01024655718356371,0.0,-0.0038237787967751414,0.013056396358302554,,,0.9706334691163024,,30,0,,,,
2026-09-12T21:28:14.097848,1:50,GraphSAGE,none,SKIPPED_QUALITY_GATE,42,0.19214065372943878,0.004739336492890996,-0.00412739868594606,0.00765415156018932,,,,,,,,,,quality_gate_v3
2026-09-12T21:28:14.103489,1:50,GraphSAGE,none,SKIPPED_QUALITY_GATE,43,0.1851029396057129,0.005154639175257732,-0.0031327735249998606,0.008001847520390216,,,,,,,,,,quality_gate_v3
2026-09-12T21:28:14.104889,1:50,GraphSAGE,none,SKIPPED_QUALITY_GATE,44,0.1866389662027359,0.003590664272890485,-0.007235602614065794,0.008381958919432227,,,,,,,,,,quality_gate_v3
2026-09-12T21:39:55.674032,1:50,GraphSAGE,class_weighting,GNNShap,42,1.3792449235916138,0.01990049751243781,0.02412674734429388,0.02468919348131162,,,0.9216272618948652,,30,0,,,,
2026-09-12T21:51:35.765348,1:50,GraphSAGE,class_weighting,GNNShap,43,2.313230037689209,0.02072538860103627,0.028774572416434965,0.016334605886568758,,,0.918778562917394,,30,0,,,,
2026-09-12T22:03:13.589072,1:50,GraphSAGE,class_weighting,GNNShap,44,1.4635409116744995,0.0,-0.0025199085676990587,0.026543061600048757,,,0.931301909274808,,30,0,,,,
2026-09-12T22:14:39.172635,1:50,GraphSAGE,focal_loss,GNNShap,42,0.008929736912250519,0.0,-0.005014614520223389,0.015663232506317216,,,0.963563859561615,,30,0,,,,
2026-09-12T22:26:03.980629,1:50,GraphSAGE,focal_loss,GNNShap,43,0.010542290285229683,0.0,-0.005784466914006083,0.008276997093284864,,,0.9688267797267716,,30,0,,,,
2026-09-12T22:26:04.097321,1:50,GraphSAGE,focal_loss,SKIPPED_QUALITY_GATE,44,0.027383940294384956,0.007232084155161078,-0.015326691504484838,0.007632313295078533,,,,,,,,,,quality_gate_v3
2026-09-12T22:26:09.250082,1:100,GraphSAGE,none,SKIPPED_QUALITY_GATE,42,0.0703401193022728,0.0,-0.0039061889639818454,0.0070192535332484094,,,,,,,,,,quality_gate_v3
2026-09-12T22:26:09.251717,1:100,GraphSAGE,none,SKIPPED_QUALITY_GATE,43,0.07955098897218704,0.01717391304347826,0.013642695922179728,0.008190489755385211,,,,,,,,,,quality_gate_v3
2026-09-12T22:26:09.253175,1:100,GraphSAGE,none,SKIPPED_QUALITY_GATE,44,0.08110484480857849,0.0,-0.006756080594123668,0.007006514952453257,,,,,,,,,,quality_gate_v3
2026-09-12T22:38:38.172296,1:100,GraphSAGE,class_weighting,GNNShap,42,2.985388994216919,0.0,-0.004066042156302741,0.018565120988745014,,,0.9265296644220911,,30,0,,,,
2026-09-12T22:50:40.890458,1:100,GraphSAGE,class_weighting,GNNShap,43,6.1863694190979,0.0,-0.003946754049240644,0.007283466613785299,,,0.9459227422617563,,30,0,,,,
2026-09-12T23:02:26.027391,1:100,GraphSAGE,class_weighting,GNNShap,44,4.059544563293457,0.010752688172043012,0.01640879662560759,0.02074231207043323,,,0.918104358910411,,30,0,,,,
2026-09-12T23:02:31.577115,1:100,GraphSAGE,focal_loss,SKIPPED_QUALITY_GATE,42,0.012821422889828682,0.011642542479546885,-0.009327095727728075,0.008524367418810692,,,,,,,,,,quality_gate_v3
2026-09-12T23:02:31.582444,1:100,GraphSAGE,focal_loss,SKIPPED_QUALITY_GATE,43,0.009420306421816349,0.0,-0.002702476026435657,0.010426242958245648,,,,,,,,,,quality_gate_v3
2026-09-12T23:02:31.584140,1:100,GraphSAGE,focal_loss,SKIPPED_QUALITY_GATE,44,0.018262648954987526,0.017113057566705482,0.036674418547950276,0.00925339668428684,,,,,,,,,,quality_gate_v3
2026-09-12T23:03:37.924509,1:1,GAT,none,SKIPPED_QUALITY_GATE,42,0.3073311150074005,0.025252525252525252,0.01722017749263976,0.014985581575072581,,,,,,,,,,quality_gate_v3
2026-09-12T23:36:33.568431,1:1,GAT,class_weighting,GNNShap,42,0.2136569619178772,0.0,-0.004404734041526646,0.007177251016719425,,,0.9763155984149418,,30,0,,,,
2026-09-12T23:36:38.860462,1:1,GAT,focal_loss,SKIPPED_QUALITY_GATE,42,0.026215683668851852,0.012320328542094456,0.0029650319136269626,0.006826472829077025,,,,,,,,,,quality_gate_v3
2026-09-13T00:00:02.577567,1:10,GAT,none,GNNShap,42,0.10834968835115433,0.009950248756218905,0.010469230264391817,0.015686744332646756,,,0.9822253720176238,,30,0,,,,
2026-09-13T00:00:07.926598,1:10,GAT,class_weighting,SKIPPED_QUALITY_GATE,42,0.4506605565547943,0.0374331550802139,0.029813764189256235,0.014388009265171905,,,,,,,,,,quality_gate_v3
2026-09-13T00:23:38.400682,1:10,GAT,focal_loss,GNNShap,42,0.015127456746995449,0.13924050632911392,0.13368720227511682,0.054458321962626385,,,0.9874831379721231,,30,0,,,,
2026-09-13T00:57:09.827889,1:30_native,GAT,none,GNNShap,42,0.10558371990919113,0.04081632653061224,0.03404096826757832,0.018402918428907934,,,0.9710860697758196,,30,0,,,,
2026-09-13T00:57:15.343418,1:30_native,GAT,class_weighting,SKIPPED_QUALITY_GATE,42,0.5540163516998291,0.0,-0.0030349618434943318,0.008461650414763933,,,,,,,,,,quality_gate_v3
2026-09-13T01:29:33.797964,1:30_native,GAT,focal_loss,GNNShap,42,0.04132165014743805,0.007380073800738007,0.0019604774418999402,0.008280287849514187,,,0.9482307479147616,,30,0,,,,
2026-09-13T01:29:39.162575,1:50,GAT,none,SKIPPED_QUALITY_GATE,42,0.19783733785152435,0.004524886877828055,-0.004660883837811211,0.008264197190798985,,,,,,,,,,quality_gate_v3
2026-09-13T02:01:31.424775,1:50,GAT,class_weighting,GNNShap,42,0.7878009676933289,0.0,-0.002643016593762944,0.006015327598040259,,,0.95936176462438,,30,0,,,,
2026-09-13T02:33:51.460488,1:50,GAT,focal_loss,GNNShap,42,0.015501007437705994,0.0,-0.0044407877519150995,0.011220313691598269,,,0.95404278549062,,30,0,,,,
2026-09-13T02:33:56.869922,1:100,GAT,none,SKIPPED_QUALITY_GATE,42,0.1622602939605713,0.012483281319661168,-0.013278056088326079,0.006000238081100092,,,,,,,,,,quality_gate_v3
2026-09-13T02:34:01.944131,1:100,GAT,class_weighting,SKIPPED_QUALITY_GATE,42,0.9862542152404785,0.0345821325648415,0.027311412898450085,0.01710586355509284,,,,,,,,,,quality_gate_v3
2026-09-13T02:34:07.136296,1:100,GAT,focal_loss,SKIPPED_QUALITY_GATE,42,0.014889602549374104,0.04417670682730924,0.03686781636633163,0.013836913068388102,,,,,,,,,,quality_gate_v3
2026-09-13T02:34:12.347293,1:1,TAGCN,none,SKIPPED_QUALITY_GATE,42,0.2811039686203003,0.0,-0.005529929300777733,0.010977140139301001,,,,,,,,,,quality_gate_v3
2026-09-13T02:34:17.453121,1:1,TAGCN,class_weighting,SKIPPED_QUALITY_GATE,42,0.2811039686203003,0.0,-0.005529929300777733,0.010977140139301001,,,,,,,,,,quality_gate_v3
2026-09-13T02:34:22.531889,1:1,TAGCN,focal_loss,SKIPPED_QUALITY_GATE,42,0.021965105086565018,0.004819277108433735,-0.003932355751051616,0.022266934002028418,,,,,,,,,,quality_gate_v3
2026-09-13T03:08:23.384892,1:10,TAGCN,none,GNNShap,42,0.10737667232751846,0.0,-0.007149031214298128,0.009600539380980782,,,0.9600267409316373,,30,0,,,,
2026-09-13T03:08:28.654709,1:10,TAGCN,class_weighting,SKIPPED_QUALITY_GATE,42,0.3399879038333893,0.0,-0.0052022343461804125,0.010761071851017164,,,,,,,,,,quality_gate_v3
2026-09-13T03:37:03.863707,1:10,TAGCN,focal_loss,GNNShap,42,0.0195530466735363,0.0026702269692923898,-0.010490650274519361,0.006727154041651654,,,0.9734349765843654,,30,0,,,,
2026-09-13T03:37:09.111148,1:30_native,TAGCN,none,SKIPPED_QUALITY_GATE,42,0.2563949227333069,0.0,-0.006684401490446031,0.010326878077730065,,,,,,,,,,quality_gate_v3
2026-09-13T03:37:14.163170,1:30_native,TAGCN,class_weighting,SKIPPED_QUALITY_GATE,42,0.4521861970424652,0.0,-0.0044407877519150995,0.010559161888897616,,,,,,,,,,quality_gate_v3
2026-09-13T04:11:48.572409,1:30_native,TAGCN,focal_loss,GNNShap,42,0.009704862721264362,0.006779661016949152,0.0005573145603624081,0.011342911157051654,,,0.9593003297586388,,30,0,,,,
2026-09-13T04:11:53.863646,1:50,TAGCN,none,SKIPPED_QUALITY_GATE,42,0.2557196021080017,0.0,-0.006489482177690598,0.010332308071310801,,,,,,,,,,quality_gate_v3
2026-09-13T04:11:58.940743,1:50,TAGCN,class_weighting,SKIPPED_QUALITY_GATE,42,0.5255173444747925,0.0,-0.00692051580443884,0.010649854332241665,,,,,,,,,,quality_gate_v3
2026-09-13T04:31:45.167558,1:50,TAGCN,focal_loss,GNNShap,42,0.01211340818554163,0.004158004158004158,-0.005615603799562448,0.00894046990236838,,,0.9750387397123618,,30,0,,,,
2026-09-13T04:31:50.455017,1:100,TAGCN,none,SKIPPED_QUALITY_GATE,42,0.255503386259079,0.0,-0.006439852212913074,0.010349205537797307,,,,,,,,,,quality_gate_v3
2026-09-13T04:31:55.532954,1:100,TAGCN,class_weighting,SKIPPED_QUALITY_GATE,42,0.6477449536323547,0.0,-0.007522017729769993,0.010880571988431809,,,,,,,,,,quality_gate_v3
2026-09-13T04:32:00.615963,1:100,TAGCN,focal_loss,SKIPPED_QUALITY_GATE,42,0.019845684990286827,0.0,-0.0125224632972832,0.006014350892460517,,,,,,,,,,quality_gate_v3
2026-09-13T04:33:39.496894,1:1,GCN,none,SKIPPED_QUALITY_GATE,42,0.35086768865585327,0.0688622754491018,0.06764311812200625,0.02004922229729631,,,,,,,,,,quality_gate_v3
2026-09-13T04:33:39.500930,1:1,GCN,none,SKIPPED_QUALITY_GATE,43,0.2583620250225067,0.06741573033707865,0.062473602507672234,0.0226971518147185,,,,,,,,,,quality_gate_v3
2026-09-13T04:33:39.502353,1:1,GCN,none,SKIPPED_QUALITY_GATE,44,0.38429024815559387,0.0,-0.003520305977062792,0.029053077604911954,,,,,,,,,,quality_gate_v3
2026-09-13T04:33:44.564252,1:1,GCN,class_weighting,SKIPPED_QUALITY_GATE,42,0.30187663435935974,0.03527336860670194,0.027702158351458592,0.014992576066007152,,,,,,,,,,quality_gate_v3
2026-09-13T04:33:44.566236,1:1,GCN,class_weighting,SKIPPED_QUALITY_GATE,43,0.18254990875720978,0.0,-0.0050463620718842975,0.02933515985545802,,,,,,,,,,quality_gate_v3
2026-09-13T04:33:44.567453,1:1,GCN,class_weighting,SKIPPED_QUALITY_GATE,44,0.18946975469589233,0.013071895424836602,0.006619389353340884,0.012672068723035914,,,,,,,,,,quality_gate_v3
2026-09-13T04:33:49.651067,1:1,GCN,focal_loss,SKIPPED_QUALITY_GATE,42,0.4393780827522278,0.01793462539774371,0.010194188977008821,0.010376781755226015,,,,,,,,,,quality_gate_v3
2026-09-13T04:33:49.655882,1:1,GCN,focal_loss,SKIPPED_QUALITY_GATE,43,0.07718288153409958,0.0,-0.006756080594123668,0.010573312615876535,,,,,,,,,,quality_gate_v3
2026-09-13T04:33:49.657388,1:1,GCN,focal_loss,SKIPPED_QUALITY_GATE,44,0.05821594223380089,0.06853582554517133,0.0621441603968155,0.02875829079388045,,,,,,,,,,quality_gate_v3
2026-09-13T04:33:54.751160,1:10,GCN,none,SKIPPED_QUALITY_GATE,42,0.16341404616832733,0.0,-0.0045472522651446,0.011982521070153955,,,,,,,,,,quality_gate_v3
2026-09-13T04:33:54.759602,1:10,GCN,none,SKIPPED_QUALITY_GATE,43,0.23150472342967987,0.006666666666666667,0.00029988983313650457,0.018851187992199325,,,,,,,,,,quality_gate_v3
2026-09-13T04:33:54.761102,1:10,GCN,none,SKIPPED_QUALITY_GATE,44,0.1679352968931198,0.0064516129032258064,-0.00018664880241386076,0.007410756996200878,,,,,,,,,,quality_gate_v3
2026-09-13T04:36:33.900192,1:10,GCN,class_weighting,PGExplainer,42,0.5373847484588623,0.015444015444015444,0.010954360612430008,0.008107168012711684,1.0,0.0,0.0,,30,30,,,,
2026-09-13T04:36:34.049330,1:10,GCN,class_weighting,SKIPPED_QUALITY_GATE,43,0.41615578532218933,0.007575757575757576,0.0024364456135631315,0.011548851022949499,,,,,,,,,,quality_gate_v3
2026-09-13T04:36:34.050659,1:10,GCN,class_weighting,SKIPPED_QUALITY_GATE,44,0.42549028992652893,0.018633540372670808,0.011797321487752851,0.008536062711172292,,,,,,,,,,quality_gate_v3
2026-09-13T04:36:39.212471,1:10,GCN,focal_loss,SKIPPED_QUALITY_GATE,42,0.010678635910153389,0.03669724770642202,0.029875117996522035,0.01679237126049383,,,,,,,,,,quality_gate_v3
2026-09-13T04:36:39.220118,1:10,GCN,focal_loss,SKIPPED_QUALITY_GATE,43,0.011983308009803295,0.011904761904761904,0.00468708480710963,0.014327903235179964,,,,,,,,,,quality_gate_v3
2026-09-13T04:36:39.221520,1:10,GCN,focal_loss,SKIPPED_QUALITY_GATE,44,0.011996990069746971,0.008097165991902834,0.0037738546491559617,0.010567640325575426,,,,,,,,,,quality_gate_v3
2026-09-13T04:36:44.321136,1:30_native,GCN,none,SKIPPED_QUALITY_GATE,42,0.19232164323329926,0.0,-0.0033346063862331188,0.008644070190869782,,,,,,,,,,quality_gate_v3
2026-09-13T04:36:44.328066,1:30_native,GCN,none,SKIPPED_QUALITY_GATE,43,0.14589592814445496,0.027538726333907058,0.019168005668631572,0.011310903391583116,,,,,,,,,,quality_gate_v3
2026-09-13T04:36:44.329709,1:30_native,GCN,none,SKIPPED_QUALITY_GATE,44,0.12792862951755524,0.0,-0.00572886347347863,0.007056858245365981,,,,,,,,,,quality_gate_v3
2026-09-13T04:36:49.409189,1:30_native,GCN,class_weighting,SKIPPED_QUALITY_GATE,42,0.6231439709663391,0.0,-0.0056160349154918176,0.010778541234098375,,,,,,,,,,quality_gate_v3
2026-09-13T04:44:44.594265,1:30_native,GCN,class_weighting,PGExplainer,43,1.7468782663345337,0.008583690987124463,0.005151968937963645,0.009379395588419622,1.0,0.0,0.0,,30,30,,,,
2026-09-13T04:44:44.781797,1:30_native,GCN,class_weighting,SKIPPED_QUALITY_GATE,44,0.4959430992603302,0.0,-0.002760660084233613,0.012757008861839324,,,,,,,,,,quality_gate_v3
2026-09-13T04:44:49.928158,1:30_native,GCN,focal_loss,SKIPPED_QUALITY_GATE,42,0.020872127264738083,0.008032128514056224,0.0036003852474405275,0.008003215465614652,,,,,,,,,,quality_gate_v3
2026-09-13T04:44:49.933575,1:30_native,GCN,focal_loss,SKIPPED_QUALITY_GATE,43,0.014378180727362633,0.0048134777376654635,-0.008614069956594361,0.008051041367832398,,,,,,,,,,quality_gate_v3
2026-09-13T04:44:49.934989,1:30_native,GCN,focal_loss,SKIPPED_QUALITY_GATE,44,0.05411464720964432,0.006309148264984227,-0.0005073271461138708,0.006950715201689904,,,,,,,,,,quality_gate_v3
2026-09-13T04:44:54.980300,1:50,GCN,none,SKIPPED_QUALITY_GATE,42,0.09969157725572586,0.017094017094017096,0.01463192770287357,0.008252792155164064,,,,,,,,,,quality_gate_v3
2026-09-13T04:44:54.986117,1:50,GCN,none,SKIPPED_QUALITY_GATE,43,0.0988868921995163,0.012944983818770227,0.006405272636998835,0.008460178748804958,,,,,,,,,,quality_gate_v3
2026-09-13T04:44:54.987433,1:50,GCN,none,SKIPPED_QUALITY_GATE,44,0.07897242158651352,0.0,-0.0031380066145789555,0.0077411381067255345,,,,,,,,,,quality_gate_v3
2026-09-13T04:45:00.089307,1:50,GCN,class_weighting,SKIPPED_QUALITY_GATE,42,1.226397156715393,0.0,-0.0038237787967751414,0.00818038237101381,,,,,,,,,,quality_gate_v3
2026-09-13T04:45:00.095169,1:50,GCN,class_weighting,SKIPPED_QUALITY_GATE,43,1.0658390522003174,0.0,-0.0039061889639818454,0.0103013216835429,,,,,,,,,,quality_gate_v3
2026-09-13T04:45:00.096497,1:50,GCN,class_weighting,SKIPPED_QUALITY_GATE,44,1.1506656408309937,0.0,-0.002702476026435657,0.009191962550081584,,,,,,,,,,quality_gate_v3
2026-09-13T04:45:05.174818,1:50,GCN,focal_loss,SKIPPED_QUALITY_GATE,42,0.01803448796272278,0.0,-0.005353634885774064,0.006446186269076159,,,,,,,,,,quality_gate_v3
2026-09-13T04:45:05.181005,1:50,GCN,focal_loss,SKIPPED_QUALITY_GATE,43,0.026115359738469124,0.09329446064139942,0.1262468589572226,0.03675585752759351,,,,,,,,,,quality_gate_v3
2026-09-13T04:45:05.182503,1:50,GCN,focal_loss,SKIPPED_QUALITY_GATE,44,0.03351852297782898,0.09287925696594428,0.12236005934629393,0.04635616181533102,,,,,,,,,,quality_gate_v3
2026-09-13T04:45:10.366190,1:100,GCN,none,SKIPPED_QUALITY_GATE,42,0.1428711712360382,0.0,-0.010996176522729044,0.0071287750293272745,,,,,,,,,,quality_gate_v3
2026-09-13T04:45:10.371274,1:100,GCN,none,SKIPPED_QUALITY_GATE,43,0.09140419214963913,0.0015789473684210526,-0.03277273401610572,0.006007215428027659,,,,,,,,,,quality_gate_v3
2026-09-13T04:45:10.372457,1:100,GCN,none,SKIPPED_QUALITY_GATE,44,0.1323181837797165,0.0,-0.008060119221789775,0.006499609796478889,,,,,,,,,,quality_gate_v3
2026-09-13T04:45:15.598160,1:100,GCN,class_weighting,SKIPPED_QUALITY_GATE,42,2.507037878036499,0.0,-0.005293586465759529,0.007711837236285335,,,,,,,,,,quality_gate_v3
2026-09-13T04:48:42.921200,1:100,GCN,class_weighting,PGExplainer,43,3.277888774871826,0.009302325581395349,0.007570826246457806,0.007908640687619376,1.0,0.0,0.0,,30,30,,,,
2026-09-13T04:52:10.186235,1:100,GCN,class_weighting,PGExplainer,44,2.23463773727417,0.01791044776119403,0.010758822885034242,0.009081471611885699,0.9777140415865906,0.12001355894115538,0.0,,30,30,,,,
2026-09-13T04:52:15.483519,1:100,GCN,focal_loss,SKIPPED_QUALITY_GATE,42,0.02332828752696514,0.0,-0.004219896511332841,0.008051081203339139,,,,,,,,,,quality_gate_v3
2026-09-13T04:52:15.786844,1:100,GCN,focal_loss,SKIPPED_QUALITY_GATE,43,0.03198064863681793,0.013029315960912053,0.0065474172785116545,0.008242353685462037,,,,,,,,,,quality_gate_v3
2026-09-13T04:52:15.790240,1:100,GCN,focal_loss,SKIPPED_QUALITY_GATE,44,0.024996882304549217,0.008968609865470852,0.006374887405043588,0.006697008565293651,,,,,,,,,,quality_gate_v3
2026-09-13T04:53:43.684247,1:1,GraphSAGE,none,PGExplainer,42,0.16300097107887268,0.019169329073482427,0.012581761564541605,0.019830232425527845,1.0,0.0,0.0,,30,30,,,,
2026-09-13T05:02:52.813582,1:1,GraphSAGE,none,PGExplainer,43,0.17068509757518768,0.0,-0.008080123283118032,0.011305284176272586,1.0,0.0,0.0,,30,30,,,,
2026-09-13T05:07:29.777497,1:1,GraphSAGE,none,PGExplainer,44,0.20133917033672333,0.0,-0.007857376396602372,0.007518467282473962,1.0,0.0,0.0,,30,30,,,,
2026-09-13T05:10:15.319305,1:1,GraphSAGE,class_weighting,PGExplainer,42,0.22281765937805176,0.029850746268656716,0.021825640113687518,0.024462902447815973,1.0,0.0,0.0,,30,30,,,,
2026-09-13T05:28:03.133635,1:1,GraphSAGE,class_weighting,PGExplainer,43,0.38757771253585815,0.0,-0.006314109427780425,0.007147055111052953,1.0,0.0,0.0,,30,30,,,,
2026-09-13T05:37:01.226158,1:1,GraphSAGE,class_weighting,PGExplainer,44,0.45001429319381714,0.005457025920873124,-0.006959248014800389,0.010204543408158438,1.0,0.0,0.0,,30,30,,,,
2026-09-13T05:37:06.656400,1:1,GraphSAGE,focal_loss,SKIPPED_QUALITY_GATE,42,0.021760692819952965,0.0,-0.0045472522651446,0.024210901634076038,,,,,,,,,,quality_gate_v3
2026-09-13T05:37:06.785710,1:1,GraphSAGE,focal_loss,SKIPPED_QUALITY_GATE,43,0.01979866623878479,0.0,-0.004918159275982413,0.023239260716974654,,,,,,,,,,quality_gate_v3
2026-09-13T05:40:23.450800,1:1,GraphSAGE,focal_loss,PGExplainer,44,0.016269294545054436,0.0,-0.006081368068746374,0.02209216176423418,1.0,0.0,0.0,,30,30,,,,
2026-09-13T05:48:20.431763,1:10,GraphSAGE,none,PGExplainer,42,0.08618593215942383,0.0,-0.005558776877157049,0.008216046423151399,1.0,0.0,0.0,,30,30,,,,
2026-09-13T05:59:30.463177,1:10,GraphSAGE,none,PGExplainer,43,0.09019803255796432,0.0,-0.005014614520223389,0.008464654814286703,0.9712079992079993,0.15504966939207143,0.0,,30,30,,,,
2026-09-13T06:04:03.096286,1:10,GraphSAGE,none,PGExplainer,44,0.09818892925977707,0.0,-0.004404734041526646,0.006845350169227517,1.0,0.0,0.0,,30,30,,,,
2026-09-13T06:07:25.044309,1:10,GraphSAGE,class_weighting,PGExplainer,42,0.3710070550441742,0.01,0.010737744718373151,0.026664633525756622,0.9554375566931795,0.16707351739722026,0.0,,30,30,,,,
2026-09-13T06:12:04.138135,1:10,GraphSAGE,class_weighting,PGExplainer,43,0.2986445724964142,0.019801980198019802,0.02366077707114851,0.04046278341642244,0.9738036443036442,0.14107169277119214,0.0,,30,30,,,,
2026-09-13T06:13:58.223640,1:10,GraphSAGE,class_weighting,PGExplainer,44,0.78693687915802,0.02040816326530612,0.02680531763321412,0.020944676215547426,1.0,0.0,0.0,,30,30,,,,
2026-09-13T06:21:55.629968,1:10,GraphSAGE,focal_loss,PGExplainer,42,0.00856274738907814,0.0,-0.002817647777869185,0.022483753437701717,1.0,0.0,0.0,,30,30,,,,
2026-09-13T06:33:05.625828,1:10,GraphSAGE,focal_loss,PGExplainer,43,0.00861296895891428,0.0,-0.0034748056474041304,0.019075909068628532,1.0,0.0,0.0,,30,30,,,,
2026-09-13T06:37:38.198527,1:10,GraphSAGE,focal_loss,PGExplainer,44,0.008949393406510353,0.0,-0.002456050002677908,0.016512510346592856,1.0,0.0,0.0,,30,30,,,,
2026-09-13T06:45:26.961473,1:30_native,GraphSAGE,none,PGExplainer,42,0.058915819972753525,0.0,-0.003520305977062792,0.017314126977283382,1.0,0.0,0.0,,30,30,,,,
2026-09-13T06:53:09.511428,1:30_native,GraphSAGE,none,PGExplainer,43,0.05575281381607056,0.018018018018018018,0.0171291637835307,0.019147825254287622,1.0,0.0,0.0,,30,30,,,,
2026-09-13T07:00:52.184564,1:30_native,GraphSAGE,none,PGExplainer,44,0.0652773529291153,0.008583690987124463,0.005151968937963645,0.018111823681843154,1.0,0.0,0.0,,30,30,,,,
2026-09-13T07:03:46.521128,1:30_native,GraphSAGE,class_weighting,PGExplainer,42,2.541869878768921,0.020512820512820513,0.02742587038213392,0.013672993558120317,1.0,0.0,0.0,,30,30,,,,
2026-09-13T07:06:35.131060,1:30_native,GraphSAGE,class_weighting,PGExplainer,43,0.8331869840621948,0.038834951456310676,0.04738171717530265,0.040523168177823414,1.0,0.0,0.0,,30,30,,,,
2026-09-13T07:09:23.736015,1:30_native,GraphSAGE,class_weighting,PGExplainer,44,1.717980980873108,0.027777777777777776,0.029953731964975833,0.022541582527818092,1.0,0.0,0.0,,30,30,,,,
2026-09-13T09:50:49.545406,1:1,GCN,none,SKIPPED_QUALITY_GATE,42,0.35086768865585327,0.0688622754491018,0.06764311812200625,0.02004922229729631,,,,,,,,,,quality_gate_v3
2026-09-13T09:50:49.546970,1:1,GCN,none,SKIPPED_QUALITY_GATE,43,0.2583620250225067,0.06741573033707865,0.062473602507672234,0.0226971518147185,,,,,,,,,,quality_gate_v3
2026-09-13T09:50:49.548418,1:1,GCN,none,SKIPPED_QUALITY_GATE,44,0.38429024815559387,0.0,-0.003520305977062792,0.029053077604911954,,,,,,,,,,quality_gate_v3
2026-09-13T09:50:54.983758,1:1,GCN,class_weighting,SKIPPED_QUALITY_GATE,42,0.30187663435935974,0.03527336860670194,0.027702158351458592,0.014992576066007152,,,,,,,,,,quality_gate_v3
2026-09-13T09:50:54.988059,1:1,GCN,class_weighting,SKIPPED_QUALITY_GATE,43,0.18254990875720978,0.0,-0.0050463620718842975,0.02933515985545802,,,,,,,,,,quality_gate_v3
2026-09-13T09:50:54.989386,1:1,GCN,class_weighting,SKIPPED_QUALITY_GATE,44,0.18946975469589233,0.013071895424836602,0.006619389353340884,0.012672068723035914,,,,,,,,,,quality_gate_v3
2026-09-13T09:51:00.086104,1:1,GCN,focal_loss,SKIPPED_QUALITY_GATE,42,0.4393780827522278,0.01793462539774371,0.010194188977008821,0.010376781755226015,,,,,,,,,,quality_gate_v3
2026-09-13T09:51:00.090969,1:1,GCN,focal_loss,SKIPPED_QUALITY_GATE,43,0.07718288153409958,0.0,-0.006756080594123668,0.010573312615876535,,,,,,,,,,quality_gate_v3
2026-09-13T09:51:00.092178,1:1,GCN,focal_loss,SKIPPED_QUALITY_GATE,44,0.05821594223380089,0.06853582554517133,0.0621441603968155,0.02875829079388045,,,,,,,,,,quality_gate_v3
2026-09-13T09:51:05.186856,1:10,GCN,none,SKIPPED_QUALITY_GATE,42,0.16341404616832733,0.0,-0.0045472522651446,0.011982521070153955,,,,,,,,,,quality_gate_v3
2026-09-13T09:51:05.191750,1:10,GCN,none,SKIPPED_QUALITY_GATE,43,0.23150472342967987,0.006666666666666667,0.00029988983313650457,0.018851187992199325,,,,,,,,,,quality_gate_v3
2026-09-13T09:51:05.193031,1:10,GCN,none,SKIPPED_QUALITY_GATE,44,0.1679352968931198,0.0064516129032258064,-0.00018664880241386076,0.007410756996200878,,,,,,,,,,quality_gate_v3
2026-09-13T09:51:10.768412,1:10,GCN,class_weighting,SKIPPED_QUALITY_GATE,43,0.41615578532218933,0.007575757575757576,0.0024364456135631315,0.011548851022949499,,,,,,,,,,quality_gate_v3
2026-09-13T09:51:10.770738,1:10,GCN,class_weighting,SKIPPED_QUALITY_GATE,44,0.42549028992652893,0.018633540372670808,0.011797321487752851,0.008536062711172292,,,,,,,,,,quality_gate_v3
2026-09-13T09:51:15.996021,1:10,GCN,focal_loss,SKIPPED_QUALITY_GATE,42,0.010678635910153389,0.03669724770642202,0.029875117996522035,0.01679237126049383,,,,,,,,,,quality_gate_v3
2026-09-13T09:51:16.000129,1:10,GCN,focal_loss,SKIPPED_QUALITY_GATE,43,0.011983308009803295,0.011904761904761904,0.00468708480710963,0.014327903235179964,,,,,,,,,,quality_gate_v3
2026-09-13T09:51:16.001887,1:10,GCN,focal_loss,SKIPPED_QUALITY_GATE,44,0.011996990069746971,0.008097165991902834,0.0037738546491559617,0.010567640325575426,,,,,,,,,,quality_gate_v3
2026-09-13T09:51:21.190148,1:30_native,GCN,none,SKIPPED_QUALITY_GATE,42,0.19232164323329926,0.0,-0.0033346063862331188,0.008644070190869782,,,,,,,,,,quality_gate_v3
2026-09-13T09:51:21.195032,1:30_native,GCN,none,SKIPPED_QUALITY_GATE,43,0.14589592814445496,0.027538726333907058,0.019168005668631572,0.011310903391583116,,,,,,,,,,quality_gate_v3
2026-09-13T09:51:21.196229,1:30_native,GCN,none,SKIPPED_QUALITY_GATE,44,0.12792862951755524,0.0,-0.00572886347347863,0.007056858245365981,,,,,,,,,,quality_gate_v3
2026-09-13T09:51:26.488332,1:30_native,GCN,class_weighting,SKIPPED_QUALITY_GATE,42,0.6231439709663391,0.0,-0.0056160349154918176,0.010778541234098375,,,,,,,,,,quality_gate_v3
2026-09-13T09:51:27.490647,1:30_native,GCN,class_weighting,SKIPPED_QUALITY_GATE,44,0.4959430992603302,0.0,-0.002760660084233613,0.012757008861839324,,,,,,,,,,quality_gate_v3
2026-09-13T09:51:32.894435,1:30_native,GCN,focal_loss,SKIPPED_QUALITY_GATE,42,0.020872127264738083,0.008032128514056224,0.0036003852474405275,0.008003215465614652,,,,,,,,,,quality_gate_v3
2026-09-13T09:51:32.898831,1:30_native,GCN,focal_loss,SKIPPED_QUALITY_GATE,43,0.014378180727362633,0.0048134777376654635,-0.008614069956594361,0.008051041367832398,,,,,,,,,,quality_gate_v3
2026-09-13T09:51:32.900321,1:30_native,GCN,focal_loss,SKIPPED_QUALITY_GATE,44,0.05411464720964432,0.006309148264984227,-0.0005073271461138708,0.006950715201689904,,,,,,,,,,quality_gate_v3
2026-09-13T09:51:38.155420,1:50,GCN,none,SKIPPED_QUALITY_GATE,42,0.09969157725572586,0.017094017094017096,0.01463192770287357,0.008252792155164064,,,,,,,,,,quality_gate_v3
2026-09-13T09:51:38.161220,1:50,GCN,none,SKIPPED_QUALITY_GATE,43,0.0988868921995163,0.012944983818770227,0.006405272636998835,0.008460178748804958,,,,,,,,,,quality_gate_v3
2026-09-13T09:51:38.162617,1:50,GCN,none,SKIPPED_QUALITY_GATE,44,0.07897242158651352,0.0,-0.0031380066145789555,0.0077411381067255345,,,,,,,,,,quality_gate_v3
2026-09-13T09:51:43.322921,1:50,GCN,class_weighting,SKIPPED_QUALITY_GATE,42,1.226397156715393,0.0,-0.0038237787967751414,0.00818038237101381,,,,,,,,,,quality_gate_v3
2026-09-13T09:51:43.328344,1:50,GCN,class_weighting,SKIPPED_QUALITY_GATE,43,1.0658390522003174,0.0,-0.0039061889639818454,0.0103013216835429,,,,,,,,,,quality_gate_v3
2026-09-13T09:51:43.329442,1:50,GCN,class_weighting,SKIPPED_QUALITY_GATE,44,1.1506656408309937,0.0,-0.002702476026435657,0.009191962550081584,,,,,,,,,,quality_gate_v3
2026-09-13T09:51:48.604279,1:50,GCN,focal_loss,SKIPPED_QUALITY_GATE,42,0.01803448796272278,0.0,-0.005353634885774064,0.006446186269076159,,,,,,,,,,quality_gate_v3
2026-09-13T09:51:48.610723,1:50,GCN,focal_loss,SKIPPED_QUALITY_GATE,43,0.026115359738469124,0.09329446064139942,0.1262468589572226,0.03675585752759351,,,,,,,,,,quality_gate_v3
2026-09-13T09:51:48.611872,1:50,GCN,focal_loss,SKIPPED_QUALITY_GATE,44,0.03351852297782898,0.09287925696594428,0.12236005934629393,0.04635616181533102,,,,,,,,,,quality_gate_v3
2026-09-13T09:51:53.920018,1:100,GCN,none,SKIPPED_QUALITY_GATE,42,0.1428711712360382,0.0,-0.010996176522729044,0.0071287750293272745,,,,,,,,,,quality_gate_v3
2026-09-13T09:51:53.925638,1:100,GCN,none,SKIPPED_QUALITY_GATE,43,0.09140419214963913,0.0015789473684210526,-0.03277273401610572,0.006007215428027659,,,,,,,,,,quality_gate_v3
2026-09-13T09:51:53.926874,1:100,GCN,none,SKIPPED_QUALITY_GATE,44,0.1323181837797165,0.0,-0.008060119221789775,0.006499609796478889,,,,,,,,,,quality_gate_v3
2026-09-13T09:51:59.252512,1:100,GCN,class_weighting,SKIPPED_QUALITY_GATE,42,2.507037878036499,0.0,-0.005293586465759529,0.007711837236285335,,,,,,,,,,quality_gate_v3
2026-09-13T09:52:05.718923,1:100,GCN,focal_loss,SKIPPED_QUALITY_GATE,42,0.02332828752696514,0.0,-0.004219896511332841,0.008051081203339139,,,,,,,,,,quality_gate_v3
2026-09-13T09:52:05.724302,1:100,GCN,focal_loss,SKIPPED_QUALITY_GATE,43,0.03198064863681793,0.013029315960912053,0.0065474172785116545,0.008242353685462037,,,,,,,,,,quality_gate_v3
2026-09-13T09:52:05.725658,1:100,GCN,focal_loss,SKIPPED_QUALITY_GATE,44,0.024996882304549217,0.008968609865470852,0.006374887405043588,0.006697008565293651,,,,,,,,,,quality_gate_v3
2026-09-13T09:52:27.065561,1:1,GraphSAGE,focal_loss,SKIPPED_QUALITY_GATE,42,0.021760692819952965,0.0,-0.0045472522651446,0.024210901634076038,,,,,,,,,,quality_gate_v3
2026-09-13T09:52:27.070651,1:1,GraphSAGE,focal_loss,SKIPPED_QUALITY_GATE,43,0.01979866623878479,0.0,-0.004918159275982413,0.023239260716974654,,,,,,,,,,quality_gate_v3
2026-09-13T09:57:27.264875,1:1,GCN,none,SKIPPED_QUALITY_GATE,42,0.35086768865585327,0.0688622754491018,0.06764311812200625,0.02004922229729631,,,,,,,,,,quality_gate_v3
2026-09-13T09:57:27.269209,1:1,GCN,none,SKIPPED_QUALITY_GATE,43,0.2583620250225067,0.06741573033707865,0.062473602507672234,0.0226971518147185,,,,,,,,,,quality_gate_v3
2026-09-13T09:57:27.270228,1:1,GCN,none,SKIPPED_QUALITY_GATE,44,0.38429024815559387,0.0,-0.003520305977062792,0.029053077604911954,,,,,,,,,,quality_gate_v3
2026-09-13T09:57:32.533466,1:1,GCN,class_weighting,SKIPPED_QUALITY_GATE,42,0.30187663435935974,0.03527336860670194,0.027702158351458592,0.014992576066007152,,,,,,,,,,quality_gate_v3
2026-09-13T09:57:32.538233,1:1,GCN,class_weighting,SKIPPED_QUALITY_GATE,43,0.18254990875720978,0.0,-0.0050463620718842975,0.02933515985545802,,,,,,,,,,quality_gate_v3
2026-09-13T09:57:32.539899,1:1,GCN,class_weighting,SKIPPED_QUALITY_GATE,44,0.18946975469589233,0.013071895424836602,0.006619389353340884,0.012672068723035914,,,,,,,,,,quality_gate_v3
2026-09-13T09:57:37.823410,1:1,GCN,focal_loss,SKIPPED_QUALITY_GATE,42,0.4393780827522278,0.01793462539774371,0.010194188977008821,0.010376781755226015,,,,,,,,,,quality_gate_v3
2026-09-13T09:57:37.829208,1:1,GCN,focal_loss,SKIPPED_QUALITY_GATE,43,0.07718288153409958,0.0,-0.006756080594123668,0.010573312615876535,,,,,,,,,,quality_gate_v3
2026-09-13T09:57:37.830830,1:1,GCN,focal_loss,SKIPPED_QUALITY_GATE,44,0.05821594223380089,0.06853582554517133,0.0621441603968155,0.02875829079388045,,,,,,,,,,quality_gate_v3
2026-09-13T09:57:43.106843,1:10,GCN,none,SKIPPED_QUALITY_GATE,42,0.16341404616832733,0.0,-0.0045472522651446,0.011982521070153955,,,,,,,,,,quality_gate_v3
2026-09-13T09:57:43.108566,1:10,GCN,none,SKIPPED_QUALITY_GATE,43,0.23150472342967987,0.006666666666666667,0.00029988983313650457,0.018851187992199325,,,,,,,,,,quality_gate_v3
2026-09-13T09:57:43.109885,1:10,GCN,none,SKIPPED_QUALITY_GATE,44,0.1679352968931198,0.0064516129032258064,-0.00018664880241386076,0.007410756996200878,,,,,,,,,,quality_gate_v3
2026-09-13T09:57:48.824283,1:10,GCN,class_weighting,SKIPPED_QUALITY_GATE,43,0.41615578532218933,0.007575757575757576,0.0024364456135631315,0.011548851022949499,,,,,,,,,,quality_gate_v3
2026-09-13T09:57:48.826068,1:10,GCN,class_weighting,SKIPPED_QUALITY_GATE,44,0.42549028992652893,0.018633540372670808,0.011797321487752851,0.008536062711172292,,,,,,,,,,quality_gate_v3
2026-09-13T09:57:54.133195,1:10,GCN,focal_loss,SKIPPED_QUALITY_GATE,42,0.010678635910153389,0.03669724770642202,0.029875117996522035,0.01679237126049383,,,,,,,,,,quality_gate_v3
2026-09-13T09:57:54.134514,1:10,GCN,focal_loss,SKIPPED_QUALITY_GATE,43,0.011983308009803295,0.011904761904761904,0.00468708480710963,0.014327903235179964,,,,,,,,,,quality_gate_v3
2026-09-13T09:57:54.135731,1:10,GCN,focal_loss,SKIPPED_QUALITY_GATE,44,0.011996990069746971,0.008097165991902834,0.0037738546491559617,0.010567640325575426,,,,,,,,,,quality_gate_v3
2026-09-13T09:57:59.522061,1:30_native,GCN,none,SKIPPED_QUALITY_GATE,42,0.19232164323329926,0.0,-0.0033346063862331188,0.008644070190869782,,,,,,,,,,quality_gate_v3
2026-09-13T09:57:59.526941,1:30_native,GCN,none,SKIPPED_QUALITY_GATE,43,0.14589592814445496,0.027538726333907058,0.019168005668631572,0.011310903391583116,,,,,,,,,,quality_gate_v3
2026-09-13T09:57:59.528064,1:30_native,GCN,none,SKIPPED_QUALITY_GATE,44,0.12792862951755524,0.0,-0.00572886347347863,0.007056858245365981,,,,,,,,,,quality_gate_v3
2026-09-13T09:58:04.780547,1:30_native,GCN,class_weighting,SKIPPED_QUALITY_GATE,42,0.6231439709663391,0.0,-0.0056160349154918176,0.010778541234098375,,,,,,,,,,quality_gate_v3
2026-09-13T09:58:05.885774,1:30_native,GCN,class_weighting,SKIPPED_QUALITY_GATE,44,0.4959430992603302,0.0,-0.002760660084233613,0.012757008861839324,,,,,,,,,,quality_gate_v3
2026-09-13T09:58:11.210865,1:30_native,GCN,focal_loss,SKIPPED_QUALITY_GATE,42,0.020872127264738083,0.008032128514056224,0.0036003852474405275,0.008003215465614652,,,,,,,,,,quality_gate_v3
2026-09-13T09:58:11.215283,1:30_native,GCN,focal_loss,SKIPPED_QUALITY_GATE,43,0.014378180727362633,0.0048134777376654635,-0.008614069956594361,0.008051041367832398,,,,,,,,,,quality_gate_v3
2026-09-13T09:58:11.216553,1:30_native,GCN,focal_loss,SKIPPED_QUALITY_GATE,44,0.05411464720964432,0.006309148264984227,-0.0005073271461138708,0.006950715201689904,,,,,,,,,,quality_gate_v3
2026-09-13T09:58:16.467574,1:50,GCN,none,SKIPPED_QUALITY_GATE,42,0.09969157725572586,0.017094017094017096,0.01463192770287357,0.008252792155164064,,,,,,,,,,quality_gate_v3
2026-09-13T09:58:16.474038,1:50,GCN,none,SKIPPED_QUALITY_GATE,43,0.0988868921995163,0.012944983818770227,0.006405272636998835,0.008460178748804958,,,,,,,,,,quality_gate_v3
2026-09-13T09:58:16.475007,1:50,GCN,none,SKIPPED_QUALITY_GATE,44,0.07897242158651352,0.0,-0.0031380066145789555,0.0077411381067255345,,,,,,,,,,quality_gate_v3
2026-09-13T09:58:21.685269,1:50,GCN,class_weighting,SKIPPED_QUALITY_GATE,42,1.226397156715393,0.0,-0.0038237787967751414,0.00818038237101381,,,,,,,,,,quality_gate_v3
2026-09-13T09:58:21.691387,1:50,GCN,class_weighting,SKIPPED_QUALITY_GATE,43,1.0658390522003174,0.0,-0.0039061889639818454,0.0103013216835429,,,,,,,,,,quality_gate_v3
2026-09-13T09:58:21.692763,1:50,GCN,class_weighting,SKIPPED_QUALITY_GATE,44,1.1506656408309937,0.0,-0.002702476026435657,0.009191962550081584,,,,,,,,,,quality_gate_v3
2026-09-13T09:58:26.974629,1:50,GCN,focal_loss,SKIPPED_QUALITY_GATE,42,0.01803448796272278,0.0,-0.005353634885774064,0.006446186269076159,,,,,,,,,,quality_gate_v3
2026-09-13T09:58:26.976826,1:50,GCN,focal_loss,SKIPPED_QUALITY_GATE,43,0.026115359738469124,0.09329446064139942,0.1262468589572226,0.03675585752759351,,,,,,,,,,quality_gate_v3
2026-09-13T09:58:26.977970,1:50,GCN,focal_loss,SKIPPED_QUALITY_GATE,44,0.03351852297782898,0.09287925696594428,0.12236005934629393,0.04635616181533102,,,,,,,,,,quality_gate_v3
2026-09-13T09:58:32.196879,1:100,GCN,none,SKIPPED_QUALITY_GATE,42,0.1428711712360382,0.0,-0.010996176522729044,0.0071287750293272745,,,,,,,,,,quality_gate_v3
2026-09-13T09:58:32.203317,1:100,GCN,none,SKIPPED_QUALITY_GATE,43,0.09140419214963913,0.0015789473684210526,-0.03277273401610572,0.006007215428027659,,,,,,,,,,quality_gate_v3
2026-09-13T09:58:32.204367,1:100,GCN,none,SKIPPED_QUALITY_GATE,44,0.1323181837797165,0.0,-0.008060119221789775,0.006499609796478889,,,,,,,,,,quality_gate_v3
2026-09-13T09:58:37.488358,1:100,GCN,class_weighting,SKIPPED_QUALITY_GATE,42,2.507037878036499,0.0,-0.005293586465759529,0.007711837236285335,,,,,,,,,,quality_gate_v3
2026-09-13T09:58:43.830165,1:100,GCN,focal_loss,SKIPPED_QUALITY_GATE,42,0.02332828752696514,0.0,-0.004219896511332841,0.008051081203339139,,,,,,,,,,quality_gate_v3
2026-09-13T09:58:43.835967,1:100,GCN,focal_loss,SKIPPED_QUALITY_GATE,43,0.03198064863681793,0.013029315960912053,0.0065474172785116545,0.008242353685462037,,,,,,,,,,quality_gate_v3
2026-09-13T09:58:43.837068,1:100,GCN,focal_loss,SKIPPED_QUALITY_GATE,44,0.024996882304549217,0.008968609865470852,0.006374887405043588,0.006697008565293651,,,,,,,,,,quality_gate_v3
2026-09-13T09:59:05.418189,1:1,GraphSAGE,focal_loss,SKIPPED_QUALITY_GATE,42,0.021760692819952965,0.0,-0.0045472522651446,0.024210901634076038,,,,,,,,,,quality_gate_v3
2026-09-13T09:59:05.422600,1:1,GraphSAGE,focal_loss,SKIPPED_QUALITY_GATE,43,0.01979866623878479,0.0,-0.004918159275982413,0.023239260716974654,,,,,,,,,,quality_gate_v3
2026-09-13T10:04:17.308357,1:30_native,GraphSAGE,focal_loss,PGExplainer,42,0.009357526898384094,0.0,-0.003565229527362167,0.012074613028225257,0.98026352619901,0.10628416413002309,0.0,,30,30,,,,
2026-09-13T10:08:51.495516,1:30_native,GraphSAGE,focal_loss,PGExplainer,43,0.008258353918790817,0.0,-0.00465130723958753,0.018011260608046246,1.0,0.0,0.0,,30,30,,,,
2026-09-13T10:13:12.639145,1:30_native,GraphSAGE,focal_loss,PGExplainer,44,0.01024655718356371,0.0,-0.0038237787967751414,0.013056396358302554,1.0,0.0,0.0,,30,30,,,,
2026-09-13T10:13:17.876688,1:50,GraphSAGE,none,SKIPPED_QUALITY_GATE,42,0.19214065372943878,0.004739336492890996,-0.00412739868594606,0.00765415156018932,,,,,,,,,,quality_gate_v3
2026-09-13T10:13:17.882688,1:50,GraphSAGE,none,SKIPPED_QUALITY_GATE,43,0.1851029396057129,0.005154639175257732,-0.0031327735249998606,0.008001847520390216,,,,,,,,,,quality_gate_v3
2026-09-13T10:13:17.884073,1:50,GraphSAGE,none,SKIPPED_QUALITY_GATE,44,0.1866389662027359,0.003590664272890485,-0.007235602614065794,0.008381958919432227,,,,,,,,,,quality_gate_v3
2026-09-13T10:16:13.788227,1:50,GraphSAGE,class_weighting,PGExplainer,42,1.3792449235916138,0.01990049751243781,0.02412674734429388,0.02468919348131162,1.0,0.0,0.0,,30,30,,,,
2026-09-13T10:19:04.411062,1:50,GraphSAGE,class_weighting,PGExplainer,43,2.313230037689209,0.02072538860103627,0.028774572416434965,0.016334605886568758,1.0,0.0,0.0,,30,30,,,,
2026-09-13T10:21:55.509200,1:50,GraphSAGE,class_weighting,PGExplainer,44,1.4635409116744995,0.0,-0.0025199085676990587,0.026543061600048757,0.974786453477621,0.13577910339536373,0.0,,30,30,,,,
2026-09-13T10:25:11.576740,1:50,GraphSAGE,focal_loss,PGExplainer,42,0.008929736912250519,0.0,-0.005014614520223389,0.015663232506317216,1.0,0.0,0.0,,30,30,,,,
2026-09-13T10:28:04.994301,1:50,GraphSAGE,focal_loss,PGExplainer,43,0.010542290285229683,0.0,-0.005784466914006083,0.008276997093284864,1.0,0.0,0.0,,30,30,,,,
2026-09-13T10:28:05.134470,1:50,GraphSAGE,focal_loss,SKIPPED_QUALITY_GATE,44,0.027383940294384956,0.007232084155161078,-0.015326691504484838,0.007632313295078533,,,,,,,,,,quality_gate_v3
2026-09-13T10:28:10.241363,1:100,GraphSAGE,none,SKIPPED_QUALITY_GATE,42,0.0703401193022728,0.0,-0.0039061889639818454,0.0070192535332484094,,,,,,,,,,quality_gate_v3
2026-09-13T10:28:10.246153,1:100,GraphSAGE,none,SKIPPED_QUALITY_GATE,43,0.07955098897218704,0.01717391304347826,0.013642695922179728,0.008190489755385211,,,,,,,,,,quality_gate_v3
2026-09-13T10:28:10.247705,1:100,GraphSAGE,none,SKIPPED_QUALITY_GATE,44,0.08110484480857849,0.0,-0.006756080594123668,0.007006514952453257,,,,,,,,,,quality_gate_v3
2026-09-13T10:36:28.229574,1:100,GraphSAGE,class_weighting,PGExplainer,42,2.985388994216919,0.0,-0.004066042156302741,0.018565120988745014,0.9804584089671808,0.10523468830535267,0.0,,30,30,,,,
2026-09-13T10:44:15.327713,1:100,GraphSAGE,class_weighting,PGExplainer,43,6.1863694190979,0.0,-0.003946754049240644,0.007283466613785299,1.0,0.0,0.0,,30,30,,,,
2026-09-13T10:52:02.205104,1:100,GraphSAGE,class_weighting,PGExplainer,44,4.059544563293457,0.010752688172043012,0.01640879662560759,0.02074231207043323,1.0,0.0,0.0,,30,30,,,,
2026-09-13T10:52:07.811742,1:100,GraphSAGE,focal_loss,SKIPPED_QUALITY_GATE,42,0.012821422889828682,0.011642542479546885,-0.009327095727728075,0.008524367418810692,,,,,,,,,,quality_gate_v3
2026-09-13T10:52:07.816543,1:100,GraphSAGE,focal_loss,SKIPPED_QUALITY_GATE,43,0.009420306421816349,0.0,-0.002702476026435657,0.010426242958245648,,,,,,,,,,quality_gate_v3
2026-09-13T10:52:07.818302,1:100,GraphSAGE,focal_loss,SKIPPED_QUALITY_GATE,44,0.018262648954987526,0.017113057566705482,0.036674418547950276,0.00925339668428684,,,,,,,,,,quality_gate_v3
2026-09-13T10:52:12.849777,1:1,GAT,none,SKIPPED_QUALITY_GATE,42,0.3073311150074005,0.025252525252525252,0.01722017749263976,0.014985581575072581,,,,,,,,,,quality_gate_v3
2026-09-13T10:56:08.309628,1:1,GAT,class_weighting,PGExplainer,42,0.2136569619178772,0.0,-0.004404734041526646,0.007177251016719425,1.0,0.0,0.0,,30,30,,,,
2026-09-13T10:56:13.613297,1:1,GAT,focal_loss,SKIPPED_QUALITY_GATE,42,0.026215683668851852,0.012320328542094456,0.0029650319136269626,0.006826472829077025,,,,,,,,,,quality_gate_v3
2026-09-13T10:56:22.542994,1:10,GAT,none,PGExplainer,42,0.10834968835115433,0.009950248756218905,0.010469230264391817,0.015686744332646756,,,,,30,,,,CUDA out of memory (CPU retry also failed),cuda_oom
2026-09-13T10:56:27.956502,1:10,GAT,class_weighting,SKIPPED_QUALITY_GATE,42,0.4506605565547943,0.0374331550802139,0.029813764189256235,0.014388009265171905,,,,,,,,,,quality_gate_v3
2026-09-13T10:56:36.993070,1:10,GAT,focal_loss,PGExplainer,42,0.015127456746995449,0.13924050632911392,0.13368720227511682,0.054458321962626385,,,,,30,,,,CUDA out of memory (CPU retry also failed),cuda_oom
2026-09-13T11:07:55.865573,1:30_native,GAT,none,PGExplainer,42,0.10558371990919113,0.04081632653061224,0.03404096826757832,0.018402918428907934,1.0,0.0,0.0,,30,30,,,,
2026-09-13T11:08:01.180806,1:30_native,GAT,class_weighting,SKIPPED_QUALITY_GATE,42,0.5540163516998291,0.0,-0.0030349618434943318,0.008461650414763933,,,,,,,,,,quality_gate_v3
2026-09-13T11:19:17.034993,1:30_native,GAT,focal_loss,PGExplainer,42,0.04132165014743805,0.007380073800738007,0.0019604774418999402,0.008280287849514187,1.0,0.0,0.0,,30,30,,,,
2026-09-13T11:19:22.351465,1:50,GAT,none,SKIPPED_QUALITY_GATE,42,0.19783733785152435,0.004524886877828055,-0.004660883837811211,0.008264197190798985,,,,,,,,,,quality_gate_v3
2026-09-13T11:30:37.963852,1:50,GAT,class_weighting,PGExplainer,42,0.7878009676933289,0.0,-0.002643016593762944,0.006015327598040259,1.0,0.0,0.0,,30,30,,,,
2026-09-13T11:41:53.833225,1:50,GAT,focal_loss,PGExplainer,42,0.015501007437705994,0.0,-0.0044407877519150995,0.011220313691598269,1.0,0.0,0.0,,30,30,,,,
2026-09-13T11:41:59.100965,1:100,GAT,none,SKIPPED_QUALITY_GATE,42,0.1622602939605713,0.012483281319661168,-0.013278056088326079,0.006000238081100092,,,,,,,,,,quality_gate_v3
2026-09-13T11:42:04.125201,1:100,GAT,class_weighting,SKIPPED_QUALITY_GATE,42,0.9862542152404785,0.0345821325648415,0.027311412898450085,0.01710586355509284,,,,,,,,,,quality_gate_v3
2026-09-13T11:42:09.149510,1:100,GAT,focal_loss,SKIPPED_QUALITY_GATE,42,0.014889602549374104,0.04417670682730924,0.03686781636633163,0.013836913068388102,,,,,,,,,,quality_gate_v3
2026-09-13T11:42:14.152402,1:1,TAGCN,none,SKIPPED_QUALITY_GATE,42,0.2811039686203003,0.0,-0.005529929300777733,0.010977140139301001,,,,,,,,,,quality_gate_v3
2026-09-13T11:42:19.184903,1:1,TAGCN,class_weighting,SKIPPED_QUALITY_GATE,42,0.2811039686203003,0.0,-0.005529929300777733,0.010977140139301001,,,,,,,,,,quality_gate_v3
2026-09-13T11:42:24.206764,1:1,TAGCN,focal_loss,SKIPPED_QUALITY_GATE,42,0.021965105086565018,0.004819277108433735,-0.003932355751051616,0.022266934002028418,,,,,,,,,,quality_gate_v3
2026-09-13T12:02:02.736580,1:10,TAGCN,none,PGExplainer,42,0.10737667232751846,0.0,-0.007149031214298128,0.009600539380980782,1.0,0.0,0.0,,30,30,,,,
2026-09-13T12:02:08.027996,1:10,TAGCN,class_weighting,SKIPPED_QUALITY_GATE,42,0.3399879038333893,0.0,-0.0052022343461804125,0.010761071851017164,,,,,,,,,,quality_gate_v3
2026-09-13T12:15:22.323414,1:10,TAGCN,focal_loss,PGExplainer,42,0.0195530466735363,0.0026702269692923898,-0.010490650274519361,0.006727154041651654,1.0,0.0,0.0,,30,30,,,,
2026-09-13T12:15:27.593466,1:30_native,TAGCN,none,SKIPPED_QUALITY_GATE,42,0.2563949227333069,0.0,-0.006684401490446031,0.010326878077730065,,,,,,,,,,quality_gate_v3
2026-09-13T12:15:32.623465,1:30_native,TAGCN,class_weighting,SKIPPED_QUALITY_GATE,42,0.4521861970424652,0.0,-0.0044407877519150995,0.010559161888897616,,,,,,,,,,quality_gate_v3
2026-09-13T12:32:50.929109,1:30_native,TAGCN,focal_loss,PGExplainer,42,0.009704862721264362,0.006779661016949152,0.0005573145603624081,0.011342911157051654,0.9697384773728859,0.1369088381500054,0.0,,30,30,,,,
2026-09-13T12:32:57.203378,1:50,TAGCN,none,SKIPPED_QUALITY_GATE,42,0.2557196021080017,0.0,-0.006489482177690598,0.010332308071310801,,,,,,,,,,quality_gate_v3
2026-09-13T12:33:03.241332,1:50,TAGCN,class_weighting,SKIPPED_QUALITY_GATE,42,0.5255173444747925,0.0,-0.00692051580443884,0.010649854332241665,,,,,,,,,,quality_gate_v3
2026-09-13T12:41:41.288230,1:50,TAGCN,focal_loss,PGExplainer,42,0.01211340818554163,0.004158004158004158,-0.005615603799562448,0.00894046990236838,0.9776493349409523,0.12036201489203455,0.0,,30,30,,,,
2026-09-13T12:41:46.667966,1:100,TAGCN,none,SKIPPED_QUALITY_GATE,42,0.255503386259079,0.0,-0.006439852212913074,0.010349205537797307,,,,,,,,,,quality_gate_v3
2026-09-13T12:41:51.729552,1:100,TAGCN,class_weighting,SKIPPED_QUALITY_GATE,42,0.6477449536323547,0.0,-0.007522017729769993,0.010880571988431809,,,,,,,,,,quality_gate_v3
2026-09-13T12:41:56.818505,1:100,TAGCN,focal_loss,SKIPPED_QUALITY_GATE,42,0.019845684990286827,0.0,-0.0125224632972832,0.006014350892460517,,,,,,,,,,quality_gate_v3
