run_id,arch,scenario,balancing,node,n_edges,sp_mask,sp_mlp_logit,occ_abs_max,occ_gap,mask_within_gap_median,logit_within_gap_median,mask_rep_mean_median,input_sep,rho_pg_vs_occlusion
1:10_GraphSAGE_none,GraphSAGE,1:10,none,139670,1,,,,,,,,,
1:10_GraphSAGE_none,GraphSAGE,1:10,none,139873,1,,,,,,,,,
1:10_GraphSAGE_none,GraphSAGE,1:10,none,140575,2,-0.19999999999999998,-0.19999999999999998,0.7848742306232452,1.1511425226926804,0.4860949218273163,36.93532180786133,0.49994778633117676,3.878067970275879,0.19999999999999998
1:10_GraphSAGE_none,GraphSAGE,1:10,none,141068,1,,,,,,,,,
1:10_GraphSAGE_none,GraphSAGE,1:10,none,148220,2,-0.19999999999999998,-0.19999999999999998,0.869410514831543,0.9477477073669434,0.0014539372641593218,6.4421210289001465,0.5003096461296082,1.495659589767456,0.19999999999999998
1:10_GraphSAGE_none,GraphSAGE,1:10,none,150129,0,,,,,,,,,
1:10_GraphSAGE_none,GraphSAGE,1:10,none,150346,0,,,,,,,,,
1:10_GraphSAGE_none,GraphSAGE,1:10,none,150528,2,0.0,-0.19999999999999998,1.710448682308197,1.3933997750282288,3.4120269110093915e-11,20.924062728881836,5.908686873112856e-10,3.3027122020721436,0.19999999999999998
1:10_GraphSAGE_none,GraphSAGE,1:10,none,152223,2,0.9999999999999999,-0.19999999999999998,0.9918520450592041,0.27431219816207886,2.8996917106639677e-25,72.51585388183594,1.1216851865521923e-23,8.273567199707031,-0.19999999999999998
1:10_GraphSAGE_none,GraphSAGE,1:10,none,152280,1,,,,,,,,,
1:10_GraphSAGE_none,GraphSAGE,1:10,none,153599,2,0.0,0.19999999999999996,0.29021525382995605,0.1676957607269287,2.778905772160556e-09,5.217151641845703,1.9197345864085946e-06,3.275278329849243,-0.5999999999999999
1:10_GraphSAGE_none,GraphSAGE,1:10,none,155856,2,0.9999999999999999,-0.19999999999999998,0.9601802825927734,1.5317155718803406,4.989309491697707e-27,33.808013916015625,4.2684522935782255e-21,6.300310134887695,0.19999999999999998
1:10_GraphSAGE_none,GraphSAGE,1:10,none,158611,3,1.0,-0.2,0.3918612003326416,0.6428356170654297,1.131222224304782e-30,21.453935623168945,6.750386059751294e-17,7.804657936096191,-0.1
1:10_GraphSAGE_none,GraphSAGE,1:10,none,158949,2,0.9999999999999999,0.19999999999999996,0.3616262674331665,0.6996974945068359,9.341949089303192e-12,2.1065120697021484,8.833206265990157e-06,2.856562376022339,0.5999999999999999
1:10_GraphSAGE_none,GraphSAGE,1:10,none,159862,0,,,,,,,,,
1:10_GraphSAGE_none,GraphSAGE,1:10,none,161504,2,0.0,-0.19999999999999998,1.877171516418457,1.3227137327194214,1.2767809209890402e-07,23.389842987060547,0.4999997615814209,3.652081251144409,0.19999999999999998
1:10_GraphSAGE_none,GraphSAGE,1:10,none,163852,2,0.9999999999999999,-0.19999999999999998,1.0913304090499878,1.1646217107772827,6.710500519501037e-33,8.267169952392578,8.988319263426983e-29,5.9010233879089355,0.19999999999999998
1:10_GraphSAGE_none,GraphSAGE,1:10,none,165001,1,,,,,,,,,
1:10_GraphSAGE_none,GraphSAGE,1:10,none,168077,1,,,,,,,,,
1:10_GraphSAGE_none,GraphSAGE,1:10,none,168167,1,,,,,,,,,
1:10_GraphSAGE_none,GraphSAGE,1:10,none,168250,1,,,,,,,,,
1:10_GraphSAGE_none,GraphSAGE,1:10,none,170168,2,0.9999999999999999,-0.19999999999999998,0.4744851589202881,0.7640899419784546,3.333127897197605e-19,13.413410186767578,2.1554407704110778e-17,3.68708872795105,0.19999999999999998
1:10_GraphSAGE_none,GraphSAGE,1:10,none,170185,2,-0.3333333333333333,-0.19999999999999996,0.4498938024044037,0.6217746436595917,2.8118643524699394e-10,1.5510787963867188,9.903892150830984e-10,1.864811897277832,0.19999999999999993
1:10_GraphSAGE_none,GraphSAGE,1:10,none,171111,2,-0.19999999999999998,-0.19999999999999998,1.2597209811210632,1.1398813724517822,5.134902281156428e-09,7.390520095825195,2.5678974502341134e-09,1.8132085800170898,0.19999999999999998
1:10_GraphSAGE_none,GraphSAGE,1:10,none,171381,2,-0.19999999999999998,-0.19999999999999998,1.2953230142593384,1.6456845998764038,0.02282889001071453,61.854923248291016,0.5,6.752943992614746,0.19999999999999998
1:10_GraphSAGE_none,GraphSAGE,1:10,none,172466,2,0.9999999999999999,-0.19999999999999998,0.6055603623390198,0.3961479067802429,8.54675320632466e-19,11.77065658569336,2.2789044956672555e-11,4.220713138580322,0.19999999999999998
1:10_GraphSAGE_none,GraphSAGE,1:10,none,172476,2,0.9999999999999999,-0.19999999999999998,1.8035490810871124,2.6021182537078857,6.887771603070192e-13,24.756425857543945,3.5893577606666005e-12,2.9985313415527344,-0.19999999999999998
1:10_GraphSAGE_none,GraphSAGE,1:10,none,172625,1,,,,,,,,,
1:10_GraphSAGE_none,GraphSAGE,1:10,none,172800,1,,,,,,,,,
1:10_GraphSAGE_none,GraphSAGE,1:10,none,173595,1,,,,,,,,,
