run_id,arch,scenario,balancing,replica,epoch,ce,size,ent,mask_mean
1:10_GraphSAGE_none,GraphSAGE,1:10,none,0,0,0.28348406052624,0.0071600922767538575,0.49537642713112634,0.4511168477684259
1:10_GraphSAGE_none,GraphSAGE,1:10,none,0,1,0.23451801417948104,0.005939523925917456,0.47398376520737995,0.49827687598764897
1:10_GraphSAGE_none,GraphSAGE,1:10,none,0,2,0.24035646760359441,0.0034735953711606273,0.4440193991320689,0.3902375138550997
1:10_GraphSAGE_none,GraphSAGE,1:10,none,0,3,0.2538052443688116,0.0021236021624676483,0.3317126203992294,0.2491523968058209
1:10_GraphSAGE_none,GraphSAGE,1:10,none,0,4,0.252993322341315,0.0014884350672899394,0.21379434893406837,0.1917415930144541
1:10_GraphSAGE_none,GraphSAGE,1:10,none,0,5,0.3086737022117791,0.0009911446407991657,0.1950334690062627,0.13785487327090615
1:10_GraphSAGE_none,GraphSAGE,1:10,none,0,6,0.32621471980757405,0.000732015297134911,0.17454754015228238,0.10751013641167685
1:10_GraphSAGE_none,GraphSAGE,1:10,none,0,7,0.3448125856206366,0.0006554120924274509,0.15746150367143266,0.08678063044151646
1:10_GraphSAGE_none,GraphSAGE,1:10,none,0,8,0.2711183743230845,0.0007763781418437057,0.14680345638867423,0.1048365093007209
1:10_GraphSAGE_none,GraphSAGE,1:10,none,0,9,0.2531614657461955,0.0006032269557530006,0.10789965539370693,0.08159166067610377
1:10_GraphSAGE_none,GraphSAGE,1:10,none,0,10,0.29712906678727224,0.0004196018815785889,0.11051849329353913,0.06676905737091836
1:10_GraphSAGE_none,GraphSAGE,1:10,none,0,11,0.263261916112931,0.00048427196521846086,0.12277833594001901,0.0778663158796834
1:10_GraphSAGE_none,GraphSAGE,1:10,none,0,12,0.26597225400324304,0.00042621583608195364,0.08946231421447749,0.0689120164605215
1:10_GraphSAGE_none,GraphSAGE,1:10,none,0,13,0.2766040617291196,0.0005844265952258581,0.10715677022451031,0.08725269579942102
1:10_GraphSAGE_none,GraphSAGE,1:10,none,0,14,0.32573735060806713,0.00046358566548254426,0.0978588710121168,0.08028043938824482
1:10_GraphSAGE_none,GraphSAGE,1:10,none,0,15,0.2825913099076911,0.0004896576264100143,0.07584645329066506,0.0802725357413531
1:10_GraphSAGE_none,GraphSAGE,1:10,none,0,16,0.3253644076425894,0.0005614522076994997,0.08782107244765612,0.09016489652657751
1:10_GraphSAGE_none,GraphSAGE,1:10,none,0,17,0.31469908165450533,0.00047688555981499007,0.0753198607287663,0.07277489757845626
1:10_GraphSAGE_none,GraphSAGE,1:10,none,0,18,0.26416867874267835,0.00039156663464788127,0.08930774805197693,0.0580337883391676
1:10_GraphSAGE_none,GraphSAGE,1:10,none,0,19,0.251668242576377,0.000529053280706851,0.08424009764431709,0.08392759557272812
1:10_GraphSAGE_none,GraphSAGE,1:10,none,0,20,0.3055584894836261,0.0003275110166718664,0.07617583189787823,0.05820232286043133
1:10_GraphSAGE_none,GraphSAGE,1:10,none,0,21,0.26556775674860317,0.0004832837770511194,0.09403952619888449,0.0801070632231623
1:10_GraphSAGE_none,GraphSAGE,1:10,none,0,22,0.24980286304544053,0.0005183753166771915,0.07953200360305697,0.08208321615677573
1:10_GraphSAGE_none,GraphSAGE,1:10,none,0,23,0.2663962966081067,0.00045741232632769856,0.08087319298421529,0.0740761129083551
1:10_GraphSAGE_none,GraphSAGE,1:10,none,0,24,0.2535729187604352,0.0005468433326112948,0.07609305480100793,0.09136710781459272
1:10_GraphSAGE_none,GraphSAGE,1:10,none,0,25,0.2750435725197508,0.0004380949891129513,0.07108504899821347,0.07237105265849027
1:10_GraphSAGE_none,GraphSAGE,1:10,none,0,26,0.24733895660083136,0.0005536889964513733,0.07279077902453772,0.08539333195237092
1:10_GraphSAGE_none,GraphSAGE,1:10,none,0,27,0.24164646596352896,0.0005422078846733713,0.07468405908913364,0.08916552840434912
1:10_GraphSAGE_none,GraphSAGE,1:10,none,0,28,0.31679637514691195,0.0003863519803004093,0.06927672858641737,0.0676297559469404
1:10_GraphSAGE_none,GraphSAGE,1:10,none,0,29,0.27574034319895646,0.00047127373272435745,0.07690339102017485,0.07602550040471139
1:10_GraphSAGE_none,GraphSAGE,1:10,none,0,30,0.24118508987765153,0.0005294423591035683,0.06687094903439264,0.08250718141896125
1:10_GraphSAGE_none,GraphSAGE,1:10,none,0,31,0.27507550564299665,0.0005454153218818246,0.08589032276590501,0.08544993678129197
1:10_GraphSAGE_none,GraphSAGE,1:10,none,0,32,0.2598006817762121,0.0006137887487918697,0.07306209763743732,0.0976957889010275
1:10_GraphSAGE_none,GraphSAGE,1:10,none,0,33,0.24388139171230933,0.0005996829570138187,0.07203850387696248,0.09200624548315925
1:10_GraphSAGE_none,GraphSAGE,1:10,none,0,34,0.29793335524092757,0.0004037134406918294,0.08080945695469598,0.07048589212706528
1:10_GraphSAGE_none,GraphSAGE,1:10,none,0,35,0.26913226398344475,0.00047979883809450957,0.05932679091915286,0.08659748592538731
1:10_GraphSAGE_none,GraphSAGE,1:10,none,0,36,0.25237607259008427,0.0005735737677200739,0.07964485881814377,0.09277927902875366
1:10_GraphSAGE_none,GraphSAGE,1:10,none,0,37,0.284856041108103,0.0005386022460823027,0.0867000971409004,0.08481943631663043
1:10_GraphSAGE_none,GraphSAGE,1:10,none,0,38,0.24651059243998816,0.0006925809768076338,0.05465460605627054,0.10889070754080027
1:10_GraphSAGE_none,GraphSAGE,1:10,none,0,39,0.23778319827917357,0.0006720295798590987,0.05841691730200001,0.10571820284707666
1:10_GraphSAGE_none,GraphSAGE,1:10,none,0,40,0.24138153569477935,0.0005796922943054481,0.06399239134203663,0.09650644409790629
1:10_GraphSAGE_none,GraphSAGE,1:10,none,0,41,0.24032440404112776,0.000600923727222764,0.07120691798088462,0.09400184035300628
1:10_GraphSAGE_none,GraphSAGE,1:10,none,0,42,0.23824544876518985,0.0006034637119653325,0.06245036543939546,0.09737526467022618
1:10_GraphSAGE_none,GraphSAGE,1:10,none,0,43,0.24210581594783206,0.0006343099047517358,0.06558101865375146,0.10082043074171752
1:10_GraphSAGE_none,GraphSAGE,1:10,none,0,44,0.23918087520341713,0.0006534110851810392,0.05734125061216056,0.10480239989409654
1:10_GraphSAGE_none,GraphSAGE,1:10,none,0,45,0.24978362398858509,0.0007315765409529544,0.068768009807624,0.11331311416656943
1:10_GraphSAGE_none,GraphSAGE,1:10,none,0,46,0.242122892669247,0.0006566202565017015,0.05852407373606695,0.10514239205469603
1:10_GraphSAGE_none,GraphSAGE,1:10,none,0,47,0.24392572044100005,0.0007412707241408166,0.06642083860351679,0.11295026660730524
1:10_GraphSAGE_none,GraphSAGE,1:10,none,0,48,0.2586059132840796,0.0006650561735843054,0.05678148718949373,0.10634723222835976
1:10_GraphSAGE_none,GraphSAGE,1:10,none,0,49,0.24691331514793774,0.0006706973505858386,0.06902928265425982,0.0993252525201988
1:10_GraphSAGE_none,GraphSAGE,1:10,none,0,50,0.24087481078396877,0.0007743938970516304,0.05878557499279438,0.1166306880431819
1:10_GraphSAGE_none,GraphSAGE,1:10,none,0,51,0.24348845920230588,0.0007912763400599673,0.0485321433772356,0.11893836515226063
1:10_GraphSAGE_none,GraphSAGE,1:10,none,0,52,0.24299354868180445,0.0005632355830590862,0.059100908912598095,0.09411271691535372
1:10_GraphSAGE_none,GraphSAGE,1:10,none,0,53,0.2444193482648893,0.0006905000415500959,0.06385116703722665,0.10560315762291943
1:10_GraphSAGE_none,GraphSAGE,1:10,none,0,54,0.23926625360439857,0.0006266300193932392,0.06138410267715347,0.10136635386719392
1:10_GraphSAGE_none,GraphSAGE,1:10,none,0,55,0.23992569997611782,0.0007236923573777389,0.06339081299616106,0.11111351288136465
1:10_GraphSAGE_none,GraphSAGE,1:10,none,0,56,0.23898694497238238,0.0006515326994037254,0.053609456610039914,0.10475723130603228
1:10_GraphSAGE_none,GraphSAGE,1:10,none,0,57,0.24124179553876957,0.0007380477667659173,0.05698033705156309,0.11287508038609072
1:10_GraphSAGE_none,GraphSAGE,1:10,none,0,58,0.2422418853611066,0.0007083430501636155,0.046426857453273705,0.11086148279266939
1:10_GraphSAGE_none,GraphSAGE,1:10,none,0,59,0.24140713095370075,0.0007626859854995777,0.042865310164128395,0.11621733245028576
1:10_GraphSAGE_none,GraphSAGE,1:10,none,0,60,0.23849323445636172,0.0007130892568079759,0.04908156877745567,0.11154967058492443
1:10_GraphSAGE_none,GraphSAGE,1:10,none,0,61,0.23909158677499134,0.0007019026583797816,0.04449013187781661,0.10991741611628329
1:10_GraphSAGE_none,GraphSAGE,1:10,none,0,62,0.24162034091244777,0.0007711646454066643,0.04148919655029033,0.1170911161885328
1:10_GraphSAGE_none,GraphSAGE,1:10,none,0,63,0.23919699244837603,0.000697951572547685,0.037422030082527064,0.10976005074136337
1:10_GraphSAGE_none,GraphSAGE,1:10,none,0,64,0.23879585814367374,0.0006662626880823498,0.04537264436409047,0.10660085949525853
1:10_GraphSAGE_none,GraphSAGE,1:10,none,0,65,0.2401706811476811,0.0007432475642882229,0.04194079767708118,0.11424097132948961
1:10_GraphSAGE_none,GraphSAGE,1:10,none,0,66,0.23957388424019654,0.0007168558983671716,0.046198962250080494,0.11170133900887479
1:10_GraphSAGE_none,GraphSAGE,1:10,none,0,67,0.2420589933142378,0.0007771448392080788,0.046732548108327235,0.11760218452340471
1:10_GraphSAGE_none,GraphSAGE,1:10,none,0,68,0.23947828129570325,0.0007679013357210376,0.04414435890717186,0.11677301285147543
1:10_GraphSAGE_none,GraphSAGE,1:10,none,0,69,0.2401536059629484,0.0007466506858760115,0.04067436090095262,0.11463923711887947
1:10_GraphSAGE_none,GraphSAGE,1:10,none,0,70,0.24165440641980013,0.0007729329304977102,0.038615521694109055,0.1172785640477637
1:10_GraphSAGE_none,GraphSAGE,1:10,none,0,71,0.24230737483765324,0.0007785710117178744,0.039888056139397464,0.11779505485019527
1:10_GraphSAGE_none,GraphSAGE,1:10,none,0,72,0.24260934089015562,0.0007657818322445432,0.041504814300524245,0.11658131632616625
1:10_GraphSAGE_none,GraphSAGE,1:10,none,0,73,0.24036769395399232,0.0007161463153489025,0.04501435526858353,0.11160706708346733
1:10_GraphSAGE_none,GraphSAGE,1:10,none,0,74,0.24232743295546016,0.0007922818825291616,0.04026376502541591,0.11919313688929155
1:10_GraphSAGE_none,GraphSAGE,1:10,none,0,75,0.23867153582333914,0.0006953529963493733,0.04137339572752124,0.10929168132064465
1:10_GraphSAGE_none,GraphSAGE,1:10,none,0,76,0.23928600023205718,0.0007098332410825653,0.03639345341748621,0.11098926164598032
1:10_GraphSAGE_none,GraphSAGE,1:10,none,0,77,0.24183230387683352,0.0007763348213114612,0.03920340926022904,0.11755380525195801
1:10_GraphSAGE_none,GraphSAGE,1:10,none,0,78,0.24003611396703264,0.0007211077540133867,0.0480199946538281,0.11210549094519562
1:10_GraphSAGE_none,GraphSAGE,1:10,none,0,79,0.24212464240084727,0.0007452734462439096,0.048843311708064566,0.11451561614935021
1:10_GraphSAGE_none,GraphSAGE,1:10,none,0,80,0.239763071459563,0.0007118875637703114,0.04195451273765494,0.1111324154504889
1:10_GraphSAGE_none,GraphSAGE,1:10,none,0,81,0.2410434876539125,0.0007619943458256013,0.03988678923286687,0.11619879857788262
1:10_GraphSAGE_none,GraphSAGE,1:10,none,0,82,0.2398370747052445,0.0007327412575998456,0.042334087387389675,0.11322815152545354
1:10_GraphSAGE_none,GraphSAGE,1:10,none,0,83,0.24083555848042806,0.0007630352004257871,0.0383232670140314,0.11630030672455949
1:10_GraphSAGE_none,GraphSAGE,1:10,none,0,84,0.24022063022184512,0.0007196180418336677,0.04634091812590576,0.11194456783459249
1:10_GraphSAGE_none,GraphSAGE,1:10,none,0,85,0.23919463867026708,0.0007090891109812009,0.03619590326004011,0.11087774692805244
1:10_GraphSAGE_none,GraphSAGE,1:10,none,0,86,0.23926679749445384,0.0006993034627269598,0.03452386679134196,0.10991077734013442
1:10_GraphSAGE_none,GraphSAGE,1:10,none,0,87,0.2389107243966623,0.0006990608267557019,0.03594497986692832,0.10987469263990719
1:10_GraphSAGE_none,GraphSAGE,1:10,none,0,88,0.24161353189203283,0.0007728116093592132,0.03970383403461871,0.11718307106047485
1:10_GraphSAGE_none,GraphSAGE,1:10,none,0,89,0.23927994431632896,0.0007138804866389668,0.03688127630141077,0.1113839296931121
1:10_GraphSAGE_none,GraphSAGE,1:10,none,0,90,0.2393481691059037,0.000717574323779661,0.03839346189973481,0.11175606551244778
1:10_GraphSAGE_none,GraphSAGE,1:10,none,0,91,0.23943781296427688,0.0007204850774162356,0.03923951764775144,0.11202557982215694
1:10_GraphSAGE_none,GraphSAGE,1:10,none,0,92,0.24021468841641536,0.0006887195868163366,0.040619273560860945,0.10887618007625288
1:10_GraphSAGE_none,GraphSAGE,1:10,none,0,93,0.24163510910871763,0.0007089450695107534,0.042555352850923524,0.1108908485751193
1:10_GraphSAGE_none,GraphSAGE,1:10,none,0,94,0.2390720605355068,0.0007032625179527338,0.036540977949638946,0.11031533686140021
1:10_GraphSAGE_none,GraphSAGE,1:10,none,0,95,0.2393477388209044,0.0007049870021266626,0.03586838453878344,0.11050478731330003
1:10_GraphSAGE_none,GraphSAGE,1:10,none,0,96,0.24136752281043072,0.0007537539446193324,0.04138682569174445,0.11536974202948205
1:10_GraphSAGE_none,GraphSAGE,1:10,none,0,97,0.23995095866437396,0.0007341006652155013,0.04048428142992631,0.11341029103094413
1:10_GraphSAGE_none,GraphSAGE,1:10,none,0,98,0.2397484476276054,0.0007375817713763939,0.03836906565969778,0.11375235852798107
1:10_GraphSAGE_none,GraphSAGE,1:10,none,0,99,0.24139223104979238,0.000765394847591172,0.04010321985318676,0.11656171480928236
1:10_GraphSAGE_none,GraphSAGE,1:10,none,1,0,0.2761712210638041,0.0030601929394515536,0.3977343053836796,0.2696876714451355
1:10_GraphSAGE_none,GraphSAGE,1:10,none,1,1,0.2347849052744175,0.001483217739051934,0.27817846022775483,0.16955644871823097
1:10_GraphSAGE_none,GraphSAGE,1:10,none,1,2,0.27030537250669,0.001264042984543439,0.2383811887240309,0.1443049252708526
1:10_GraphSAGE_none,GraphSAGE,1:10,none,1,3,0.27435684809096417,0.0010591441958905494,0.2080826003133717,0.1190891026597161
1:10_GraphSAGE_none,GraphSAGE,1:10,none,1,4,0.25412337899774573,0.000918182407296178,0.169846601654908,0.09151451942420989
1:10_GraphSAGE_none,GraphSAGE,1:10,none,1,5,0.30906351271419114,0.000671446106333566,0.17197170961600258,0.07186432631923352
1:10_GraphSAGE_none,GraphSAGE,1:10,none,1,6,0.2585715028083257,0.0006161075024284848,0.14792588381723465,0.06675710014298872
1:10_GraphSAGE_none,GraphSAGE,1:10,none,1,7,0.3339292254914369,0.00042295405920251996,0.11824531055141327,0.047010186471654655
1:10_GraphSAGE_none,GraphSAGE,1:10,none,1,8,0.34094605305449366,0.00040980156325577476,0.10674129168471222,0.041111267410145924
1:10_GraphSAGE_none,GraphSAGE,1:10,none,1,9,0.33892869222195143,0.00022645056850758286,0.0942587436374203,0.025176132922076624
1:10_GraphSAGE_none,GraphSAGE,1:10,none,1,10,0.30686423114252537,0.00015299735217847398,0.07355573769348855,0.01454517140184819
1:10_GraphSAGE_none,GraphSAGE,1:10,none,1,11,0.32370034355887467,0.00016539752109397452,0.07181967210181311,0.017112919206794478
1:10_GraphSAGE_none,GraphSAGE,1:10,none,1,12,0.3343168763418987,0.00018619144593540272,0.07669961655502706,0.018832997042625484
1:10_GraphSAGE_none,GraphSAGE,1:10,none,1,13,0.3224419984941676,0.00023865665536430678,0.08189494897632546,0.024931836375103447
1:10_GraphSAGE_none,GraphSAGE,1:10,none,1,14,0.3292312559460595,7.182722457934324e-05,0.05660967158855363,0.007327427335490728
1:10_GraphSAGE_none,GraphSAGE,1:10,none,1,15,0.34191952777778056,4.6317131126998315e-05,0.04815528454427467,0.004691302630948818
1:10_GraphSAGE_none,GraphSAGE,1:10,none,1,16,0.2626142887885987,0.00011563528382017071,0.05211450735768249,0.011340604610809808
1:10_GraphSAGE_none,GraphSAGE,1:10,none,1,17,0.3383774928258106,8.394952795346077e-05,0.05860002772267773,0.009526452955740408
1:10_GraphSAGE_none,GraphSAGE,1:10,none,1,18,0.3427578444102153,3.28595475217067e-05,0.045987522790371875,0.004040352157256161
1:10_GraphSAGE_none,GraphSAGE,1:10,none,1,19,0.336170886915487,0.00010541249341842564,0.04670491623199707,0.010629025421861123
1:10_GraphSAGE_none,GraphSAGE,1:10,none,1,20,0.3215951305696115,4.776917036497819e-05,0.04700023606098124,0.004761345874431652
1:10_GraphSAGE_none,GraphSAGE,1:10,none,1,21,0.2680606984485246,0.00011337746310884115,0.050871127863534024,0.011368651458120384
1:10_GraphSAGE_none,GraphSAGE,1:10,none,1,22,0.33595588669863785,6.671916826175598e-05,0.04846685390103803,0.006700545372623974
1:10_GraphSAGE_none,GraphSAGE,1:10,none,1,23,0.33514232608241284,8.870217732350753e-05,0.05531949603464001,0.00888378313704923
1:10_GraphSAGE_none,GraphSAGE,1:10,none,1,24,0.3264733495468579,4.476931602542773e-05,0.043596067319734824,0.004498793013175077
1:10_GraphSAGE_none,GraphSAGE,1:10,none,1,25,0.3434403893559545,6.144733651697204e-05,0.050090313369851154,0.006146037575520651
1:10_GraphSAGE_none,GraphSAGE,1:10,none,1,26,0.31700002198790456,3.403314228052326e-05,0.04346997977644066,0.0034044562972583782
1:10_GraphSAGE_none,GraphSAGE,1:10,none,1,27,0.34410780232849786,2.0225588689656887e-05,0.03964501635606972,0.002034712969139373
1:10_GraphSAGE_none,GraphSAGE,1:10,none,1,28,0.3389086722185209,3.662545456919121e-05,0.04313959449555099,0.0036621391711035515
1:10_GraphSAGE_none,GraphSAGE,1:10,none,1,29,0.33567767066399823,3.8283587830981746e-05,0.04469183427816288,0.0038293185291583807
1:10_GraphSAGE_none,GraphSAGE,1:10,none,1,30,0.3343800307529352,7.336431278065855e-05,0.04985830472702684,0.007291137472448035
1:10_GraphSAGE_none,GraphSAGE,1:10,none,1,31,0.3366537505922213,1.7430581561392292e-05,0.03846651919021097,0.0017452881058094957
1:10_GraphSAGE_none,GraphSAGE,1:10,none,1,32,0.34313648004302083,1.4301210977574565e-05,0.037415315200860395,0.0014353386580784465
1:10_GraphSAGE_none,GraphSAGE,1:10,none,1,33,0.33153360667622905,5.919035797592099e-05,0.04792708203869962,0.005856066723286753
1:10_GraphSAGE_none,GraphSAGE,1:10,none,1,34,0.33847578961386604,9.558222769399945e-05,0.044631964829434725,0.009565499451180882
1:10_GraphSAGE_none,GraphSAGE,1:10,none,1,35,0.27042692195142876,6.738421500456231e-05,0.044525862182713524,0.00674329938054675
1:10_GraphSAGE_none,GraphSAGE,1:10,none,1,36,0.3337839378927208,4.603927548669727e-05,0.04512189556800807,0.004613286969997149
1:10_GraphSAGE_none,GraphSAGE,1:10,none,1,37,0.33638743349801076,5.774278160977901e-05,0.04595944280318796,0.005794383455235325
1:10_GraphSAGE_none,GraphSAGE,1:10,none,1,38,0.33515654781584886,5.376302478934278e-05,0.046531761711804356,0.005385296704278155
1:10_GraphSAGE_none,GraphSAGE,1:10,none,1,39,0.3424453668387912,8.060476525423525e-06,0.035495605915226526,0.00086627478161866
1:10_GraphSAGE_none,GraphSAGE,1:10,none,1,40,0.32937285814651546,4.9497980619422677e-05,0.04794010295129625,0.0049030049042883715
1:10_GraphSAGE_none,GraphSAGE,1:10,none,1,41,0.3391817911736041,4.226765791194498e-05,0.04292409904819417,0.003979109282041298
1:10_GraphSAGE_none,GraphSAGE,1:10,none,1,42,0.28132817542863336,6.51925189880346e-05,0.04756300113947863,0.006522941677079685
1:10_GraphSAGE_none,GraphSAGE,1:10,none,1,43,0.2696465386495299,0.00016636246641223178,0.05102346738524421,0.01663603828963372
1:10_GraphSAGE_none,GraphSAGE,1:10,none,1,44,0.3302382292433947,5.395409516472868e-05,0.04827836108311339,0.005396768891854667
1:10_GraphSAGE_none,GraphSAGE,1:10,none,1,45,0.3275701761686548,3.675047947013357e-05,0.041914669038549165,0.0036789459882602964
1:10_GraphSAGE_none,GraphSAGE,1:10,none,1,46,0.34498049956032334,1.1030346692100095e-05,0.035768381555649174,0.0010955355978204573
1:10_GraphSAGE_none,GraphSAGE,1:10,none,1,47,0.33548749584456233,3.705356615840972e-05,0.04432055242262279,0.003693287077903974
1:10_GraphSAGE_none,GraphSAGE,1:10,none,1,48,0.27052308527970015,6.995009283486922e-05,0.04304468698557257,0.0069957849950654
1:10_GraphSAGE_none,GraphSAGE,1:10,none,1,49,0.32663576234582137,1.6248896310916852e-05,0.03715536038913239,0.0016283589516217275
1:10_GraphSAGE_none,GraphSAGE,1:10,none,1,50,0.27840504788079556,6.962113803097226e-05,0.04878548732952113,0.006969468484684804
1:10_GraphSAGE_none,GraphSAGE,1:10,none,1,51,0.2861579898370735,6.91916155084588e-05,0.049522005867888845,0.006916764077544892
1:10_GraphSAGE_none,GraphSAGE,1:10,none,1,52,0.31911954733527526,2.9208689769912437e-05,0.04114684687772491,0.00292440195012474
1:10_GraphSAGE_none,GraphSAGE,1:10,none,1,53,0.32095961855476046,3.058082365832977e-05,0.04097367122144711,0.0030584033527001103
1:10_GraphSAGE_none,GraphSAGE,1:10,none,1,54,0.34328965168430725,4.8966824440708246e-05,0.041181797005959586,0.004896369892448748
1:10_GraphSAGE_none,GraphSAGE,1:10,none,1,55,0.320773169458688,6.0876914287518996e-05,0.04308825739303665,0.006091743831350975
1:10_GraphSAGE_none,GraphSAGE,1:10,none,1,56,0.2701448317778602,0.00011319046596865574,0.05641156249239915,0.011322336322520197
1:10_GraphSAGE_none,GraphSAGE,1:10,none,1,57,0.34541993752804845,1.3156366557591285e-05,0.036863942678684807,0.0013159042640324395
1:10_GraphSAGE_none,GraphSAGE,1:10,none,1,58,0.30354805451569405,3.072226389987583e-05,0.04011628979164173,0.0030756138974683354
1:10_GraphSAGE_none,GraphSAGE,1:10,none,1,59,0.3174992136376284,5.2956438250176986e-05,0.046308071992889,0.00528549033193025
1:10_GraphSAGE_none,GraphSAGE,1:10,none,1,60,0.3082318137235313,8.079548529542063e-05,0.05035101196348217,0.00813032137425954
1:10_GraphSAGE_none,GraphSAGE,1:10,none,1,61,0.3299072265623442,0.00010163473823900875,0.05158222337341749,0.01016619286857696
1:10_GraphSAGE_none,GraphSAGE,1:10,none,1,62,0.34082704869083386,2.3696203052631148e-05,0.03973228918936069,0.0023713893560690204
1:10_GraphSAGE_none,GraphSAGE,1:10,none,1,63,0.34117057944632395,5.085174400877253e-05,0.046081246962586114,0.005086687064612916
1:10_GraphSAGE_none,GraphSAGE,1:10,none,1,64,0.33753099773529244,7.112608687805687e-05,0.04161108905534149,0.0071087610151019075
1:10_GraphSAGE_none,GraphSAGE,1:10,none,1,65,0.3372323441154629,1.9820833652268873e-05,0.03856932019776502,0.001987178589874721
1:10_GraphSAGE_none,GraphSAGE,1:10,none,1,66,0.305700982322295,6.431071813647158e-05,0.04862043877586036,0.0064324443286224945
1:10_GraphSAGE_none,GraphSAGE,1:10,none,1,67,0.3168249752068266,5.302173372081781e-05,0.04611662371045929,0.005300597605786036
1:10_GraphSAGE_none,GraphSAGE,1:10,none,1,68,0.308953037473683,5.189872352944829e-05,0.04633609215039895,0.0051916822244477455
1:10_GraphSAGE_none,GraphSAGE,1:10,none,1,69,0.33281732689573684,2.5992587286423138e-05,0.0397236867175287,0.0026000901276811723
1:10_GraphSAGE_none,GraphSAGE,1:10,none,1,70,0.28380148147915746,0.0001240191933060366,0.0458094795680007,0.012405452232432368
1:10_GraphSAGE_none,GraphSAGE,1:10,none,1,71,0.34425475230424923,0.00012794085492827932,0.04727724419276456,0.01279514865163799
1:10_GraphSAGE_none,GraphSAGE,1:10,none,1,72,0.2643933802166327,9.593336780186784e-05,0.04930669687999524,0.00955433766298755
1:10_GraphSAGE_none,GraphSAGE,1:10,none,1,73,0.3114445510388657,0.00014610744200424096,0.049844167624963104,0.014589103363138145
1:10_GraphSAGE_none,GraphSAGE,1:10,none,1,74,0.3342140438080139,5.492827437233289e-05,0.047093249158611065,0.005494208130618184
1:10_GraphSAGE_none,GraphSAGE,1:10,none,1,75,0.3256062064900368,5.5772803880306066e-05,0.04467944073071629,0.0055754471548530304
1:10_GraphSAGE_none,GraphSAGE,1:10,none,1,76,0.2764701313873127,0.00019309560808023735,0.05044542120046985,0.01930510112184086
1:10_GraphSAGE_none,GraphSAGE,1:10,none,1,77,0.2979806529379755,6.141585531244593e-05,0.04797831004966193,0.006141833628768301
1:10_GraphSAGE_none,GraphSAGE,1:10,none,1,78,0.31528074840999465,6.007110289171167e-05,0.04727590091021601,0.00600783390091117
1:10_GraphSAGE_none,GraphSAGE,1:10,none,1,79,0.2697090047852441,8.980009930410117e-05,0.04374169432580944,0.008980120536607043
1:10_GraphSAGE_none,GraphSAGE,1:10,none,1,80,0.34408322131478486,2.1296728215200706e-05,0.03810621800820177,0.0021330748607352517
1:10_GraphSAGE_none,GraphSAGE,1:10,none,1,81,0.2646811311853423,0.00013646804627083116,0.04561273758648585,0.013643880413401453
1:10_GraphSAGE_none,GraphSAGE,1:10,none,1,82,0.2604894230350226,0.0001745097441669766,0.06118411772573332,0.017451517724929998
1:10_GraphSAGE_none,GraphSAGE,1:10,none,1,83,0.259710712078803,0.00011199407734924318,0.047676284066659455,0.011199470613014694
1:10_GraphSAGE_none,GraphSAGE,1:10,none,1,84,0.3279555669541776,4.898068625259672e-05,0.04509051913048103,0.004899366024359215
1:10_GraphSAGE_none,GraphSAGE,1:10,none,1,85,0.29454432970828637,5.844079259752435e-05,0.04562284030665417,0.005850286922416706
1:10_GraphSAGE_none,GraphSAGE,1:10,none,1,86,0.3194529939674146,3.620882041760821e-05,0.04181063965921024,0.0036185224069566393
1:10_GraphSAGE_none,GraphSAGE,1:10,none,1,87,0.30035169562542136,6.0994740288191126e-05,0.04496704836746286,0.006100880213994237
1:10_GraphSAGE_none,GraphSAGE,1:10,none,1,88,0.31358982596065177,3.0281316302854992e-05,0.0407943122548676,0.0030291159805011666
1:10_GraphSAGE_none,GraphSAGE,1:10,none,1,89,0.29064665484925056,0.00011218086857754532,0.046659885376899385,0.011218664398192009
1:10_GraphSAGE_none,GraphSAGE,1:10,none,1,90,0.2647003358577683,0.00011081083937472472,0.05225798168208268,0.01108600631892479
1:10_GraphSAGE_none,GraphSAGE,1:10,none,1,91,0.2726614314385995,0.00014809766505610917,0.04979460602221988,0.014809977655182162
1:10_GraphSAGE_none,GraphSAGE,1:10,none,1,92,0.3206066561931118,9.021538675432348e-05,0.04750301793100386,0.009021575718723964
1:10_GraphSAGE_none,GraphSAGE,1:10,none,1,93,0.27260472184264356,0.00012445994124793625,0.04432785065224091,0.012445961010035377
1:10_GraphSAGE_none,GraphSAGE,1:10,none,1,94,0.2794290058173544,0.00014104316458696522,0.047677047690712744,0.01410523099367911
1:10_GraphSAGE_none,GraphSAGE,1:10,none,1,95,0.2591116511424377,0.00013690614072832405,0.05072488765549363,0.013691161436173747
1:10_GraphSAGE_none,GraphSAGE,1:10,none,1,96,0.2697431217085875,9.793376251532624e-05,0.04799194204469477,0.009791903651643421
1:10_GraphSAGE_none,GraphSAGE,1:10,none,1,97,0.26021820179404015,0.00013051079984105482,0.04846551878693905,0.01305150763192024
1:10_GraphSAGE_none,GraphSAGE,1:10,none,1,98,0.32766011688144203,0.00014312621812603716,0.04867004223275405,0.014313066658809222
1:10_GraphSAGE_none,GraphSAGE,1:10,none,1,99,0.27276198399237617,7.695823505995363e-05,0.04790319013826748,0.007695978124855129
1:10_GraphSAGE_none,GraphSAGE,1:10,none,2,0,0.211859409749502,0.006483331980416551,0.4725061693021621,0.6629352188110351
1:10_GraphSAGE_none,GraphSAGE,1:10,none,2,1,0.20280113588844642,0.007762747670058161,0.33235869221330405,0.7894430209696293
1:10_GraphSAGE_none,GraphSAGE,1:10,none,2,2,0.20747659713465283,0.008030467522330583,0.2710451947435035,0.829117221236229
1:10_GraphSAGE_none,GraphSAGE,1:10,none,2,3,0.17613042363983142,0.008383575273910537,0.2118459636092416,0.8585208135843277
1:10_GraphSAGE_none,GraphSAGE,1:10,none,2,4,0.2127321801814719,0.00890281262807548,0.17024772144709688,0.9212386298179627
1:10_GraphSAGE_none,GraphSAGE,1:10,none,2,5,0.18131919602076552,0.00881946402369067,0.16779449003837044,0.9133768337965011
1:10_GraphSAGE_none,GraphSAGE,1:10,none,2,6,0.16615547089516214,0.008927453504875303,0.1399941439586223,0.9372253334522247
1:10_GraphSAGE_none,GraphSAGE,1:10,none,2,7,0.19281617951258112,0.008965852651745081,0.13794703246415566,0.9362002348899842
1:10_GraphSAGE_none,GraphSAGE,1:10,none,2,8,0.1728117925874426,0.009219425236806274,0.09861387437996427,0.9712782859802246
1:10_GraphSAGE_none,GraphSAGE,1:10,none,2,9,0.17133038344471743,0.009205991444177926,0.10830908709061304,0.9667758524417878
1:10_GraphSAGE_none,GraphSAGE,1:10,none,2,10,0.18833503980799604,0.009298249641433358,0.08136792028644095,0.97848459482193
1:10_GraphSAGE_none,GraphSAGE,1:10,none,2,11,0.19745501064374138,0.009296547342091798,0.06809975286335657,0.9795449805259705
1:10_GraphSAGE_none,GraphSAGE,1:10,none,2,12,0.17886539200930884,0.009408663948997855,0.05999739503809223,0.9909238839149475
1:10_GraphSAGE_none,GraphSAGE,1:10,none,2,13,0.1817410361269026,0.009399817427620291,0.059994006588542564,0.9896718215942383
1:10_GraphSAGE_none,GraphSAGE,1:10,none,2,14,0.1914831843474417,0.009399658711627125,0.05474592604064355,0.9894883692264557
1:10_GraphSAGE_none,GraphSAGE,1:10,none,2,15,0.17831434438615135,0.0094649472925812,0.04523519818061004,0.9964146733283996
1:10_GraphSAGE_none,GraphSAGE,1:10,none,2,16,0.18187444402514985,0.009420952806249262,0.0517327008428515,0.9920380342006684
1:10_GraphSAGE_none,GraphSAGE,1:10,none,2,17,0.18956433630227137,0.00942703003063798,0.04737218714640448,0.9926760184764862
1:10_GraphSAGE_none,GraphSAGE,1:10,none,2,18,0.1747773465761452,0.009427079381421209,0.05173168711685548,0.9927046418190002
1:10_GraphSAGE_none,GraphSAGE,1:10,none,2,19,0.17581893949448157,0.009446067223325371,0.047914129871362544,0.9945582270622253
1:10_GraphSAGE_none,GraphSAGE,1:10,none,2,20,0.17461447952925255,0.00945294188335538,0.04088199115679572,0.9952877569198608
1:10_GraphSAGE_none,GraphSAGE,1:10,none,2,21,0.17774082279442838,0.00948603636585176,0.037301992125296696,0.9986835265159607
1:10_GraphSAGE_none,GraphSAGE,1:10,none,2,22,0.17754592026262572,0.009484934629872441,0.03776456706547151,0.9984681963920593
1:10_GraphSAGE_none,GraphSAGE,1:10,none,2,23,0.17775227802484322,0.009483078895136714,0.03877602527239333,0.9982571935653687
1:10_GraphSAGE_none,GraphSAGE,1:10,none,2,24,0.17622779107331327,0.009473691023886203,0.03939395529539297,0.9973503518104553
1:10_GraphSAGE_none,GraphSAGE,1:10,none,2,25,0.1786697897189765,0.009480147194117307,0.038354086311021544,0.9979571008682251
1:10_GraphSAGE_none,GraphSAGE,1:10,none,2,26,0.17795638649403145,0.00949127265252173,0.03536470406078706,0.9991191983222961
1:10_GraphSAGE_none,GraphSAGE,1:10,none,2,27,0.17792816816507867,0.009495999459177255,0.033539412760594585,0.9995713210105897
1:10_GraphSAGE_none,GraphSAGE,1:10,none,2,28,0.17780427417396594,0.009494140455499291,0.03445019245468984,0.9993626046180725
1:10_GraphSAGE_none,GraphSAGE,1:10,none,2,29,0.1778608830147891,0.00949342648498714,0.034463536872947315,0.9993126177787781
1:10_GraphSAGE_none,GraphSAGE,1:10,none,2,30,0.17806324424832154,0.009492146028205752,0.03486549789407263,0.9992095839977264
1:10_GraphSAGE_none,GraphSAGE,1:10,none,2,31,0.1779044661918192,0.009495139149948954,0.033825627587223156,0.9995016503334045
1:10_GraphSAGE_none,GraphSAGE,1:10,none,2,32,0.17796371164410402,0.009498562905937433,0.03223294715718339,0.9998518538475036
1:10_GraphSAGE_none,GraphSAGE,1:10,none,2,33,0.1775568202757745,0.00949253267608583,0.03422918329336653,0.999240698814392
1:10_GraphSAGE_none,GraphSAGE,1:10,none,2,34,0.1777362048873215,0.00949378958903253,0.034139968886458975,0.9993765664100647
1:10_GraphSAGE_none,GraphSAGE,1:10,none,2,35,0.17805588367073824,0.009497490590438246,0.033131264134729006,0.9996577835083008
1:10_GraphSAGE_none,GraphSAGE,1:10,none,2,36,0.1779479646930008,0.009497583881020545,0.032653813188383084,0.9997574400901794
1:10_GraphSAGE_none,GraphSAGE,1:10,none,2,37,0.17803592598675777,0.00949623634107411,0.03324667256646762,0.9996193242073059
1:10_GraphSAGE_none,GraphSAGE,1:10,none,2,38,0.17794726269929698,0.009498087223619223,0.03243758960948298,0.9998012983798981
1:10_GraphSAGE_none,GraphSAGE,1:10,none,2,39,0.1779842686900406,0.009499410893768072,0.031787748777726395,0.9999398589134216
1:10_GraphSAGE_none,GraphSAGE,1:10,none,2,40,0.17799312042682458,0.009498828677460552,0.03207193421521197,0.9998805892467498
1:10_GraphSAGE_none,GraphSAGE,1:10,none,2,41,0.17792662995546152,0.0094980937987566,0.032406041895458204,0.999808132648468
1:10_GraphSAGE_none,GraphSAGE,1:10,none,2,42,0.17797671275823404,0.009499612618237735,0.031687338830390675,0.9999598956108093
1:10_GraphSAGE_none,GraphSAGE,1:10,none,2,43,0.17794222241877605,0.009498242717236281,0.03236656609312604,0.9998198986053467
1:10_GraphSAGE_none,GraphSAGE,1:10,none,2,44,0.1779785070070534,0.009499574713408947,0.03170004153014133,0.9999571692943573
1:10_GraphSAGE_none,GraphSAGE,1:10,none,2,45,0.17798717247932244,0.009499032348394394,0.03197039951891611,0.999902777671814
1:10_GraphSAGE_none,GraphSAGE,1:10,none,2,46,0.17797019517659238,0.009499258259311319,0.03187190801226507,0.9999233567714692
1:10_GraphSAGE_none,GraphSAGE,1:10,none,2,47,0.17791087387739707,0.009498303346335888,0.03234816153855036,0.9998236107826233
1:10_GraphSAGE_none,GraphSAGE,1:10,none,2,48,0.17797323959558298,0.00949965205974877,0.03166805796646486,0.9999635648727417
1:10_GraphSAGE_none,GraphSAGE,1:10,none,2,49,0.17798083397238543,0.0094993560295552,0.03183141591348658,0.9999315547943115
1:10_GraphSAGE_none,GraphSAGE,1:10,none,2,50,0.17798028341173222,0.009497566744685174,0.032594738540658454,0.999755117893219
1:10_GraphSAGE_none,GraphSAGE,1:10,none,2,51,0.17802166583626558,0.009498412180691957,0.03225851777330945,0.999840646982193
1:10_GraphSAGE_none,GraphSAGE,1:10,none,2,52,0.1779745917269497,0.009499523136764765,0.031725122587242825,0.9999519979953766
1:10_GraphSAGE_none,GraphSAGE,1:10,none,2,53,0.17804022910683442,0.009496778892353177,0.03286281332694898,0.9996745336055756
1:10_GraphSAGE_none,GraphSAGE,1:10,none,2,54,0.17782240274040986,0.009497683532536029,0.03251057134331177,0.999760947227478
1:10_GraphSAGE_none,GraphSAGE,1:10,none,2,55,0.17795728775351335,0.009499111622571945,0.03193069805712412,0.9999109601974487
1:10_GraphSAGE_none,GraphSAGE,1:10,none,2,56,0.17797776597230722,0.009499772172421216,0.0316165121583731,0.9999736380577088
1:10_GraphSAGE_none,GraphSAGE,1:10,none,2,57,0.1779701966294556,0.009498968087136746,0.03203774714232395,0.9998900949954986
1:10_GraphSAGE_none,GraphSAGE,1:10,none,2,58,0.1779394842931538,0.009498255671933293,0.03232540451311479,0.9998237025737763
1:10_GraphSAGE_none,GraphSAGE,1:10,none,2,59,0.17803541737287332,0.009498933460563422,0.031983360344031556,0.9998931586742401
1:10_GraphSAGE_none,GraphSAGE,1:10,none,2,60,0.1779475115486889,0.009499042574316264,0.03196511428193162,0.9999024796485901
1:10_GraphSAGE_none,GraphSAGE,1:10,none,2,61,0.17789695727317623,0.009498275769874453,0.032280946172261335,0.9998267209529876
1:10_GraphSAGE_none,GraphSAGE,1:10,none,2,62,0.17799720990150264,0.009499028269201517,0.03195191960171769,0.9999021244049072
1:10_GraphSAGE_none,GraphSAGE,1:10,none,2,63,0.1779753481098919,0.009499728558585047,0.03162443535723696,0.9999719226360321
1:10_GraphSAGE_none,GraphSAGE,1:10,none,2,64,0.1779835307845383,0.009499744875356556,0.03170275206067572,0.9999561929702758
1:10_GraphSAGE_none,GraphSAGE,1:10,none,2,65,0.17797566207735827,0.009499833574518562,0.03156642487593899,0.9999832463264465
1:10_GraphSAGE_none,GraphSAGE,1:10,none,2,66,0.17798870491473961,0.009499249067157507,0.031849605136969786,0.9999244642257691
1:10_GraphSAGE_none,GraphSAGE,1:10,none,2,67,0.17797598841278842,0.00949985632672906,0.03155559118227075,0.999985328912735
1:10_GraphSAGE_none,GraphSAGE,1:10,none,2,68,0.17797748553245354,0.00949984292499721,0.03156753221848021,0.9999829590320587
1:10_GraphSAGE_none,GraphSAGE,1:10,none,2,69,0.17797803329913905,0.00949986895546317,0.031556175345042445,0.9999852180480957
1:10_GraphSAGE_none,GraphSAGE,1:10,none,2,70,0.17795001553981593,0.009499421454966068,0.03177065388620804,0.9999411356449127
1:10_GraphSAGE_none,GraphSAGE,1:10,none,2,71,0.17797784614055445,0.00949992592446506,0.03152462864615927,0.9999912858009339
1:10_GraphSAGE_none,GraphSAGE,1:10,none,2,72,0.17799063893645098,0.009499533670023083,0.03173096612417112,0.9999507629871368
1:10_GraphSAGE_none,GraphSAGE,1:10,none,2,73,0.17796701746671487,0.009499708032235503,0.03163152484544526,0.9999705171585083
1:10_GraphSAGE_none,GraphSAGE,1:10,none,2,74,0.17797939168899346,0.00949973869137466,0.03162252830662737,0.9999723351001739
1:10_GraphSAGE_none,GraphSAGE,1:10,none,2,75,0.17795259940116692,0.009499470768496394,0.031750404707574946,0.9999451053142547
1:10_GraphSAGE_none,GraphSAGE,1:10,none,2,76,0.17803933429210475,0.009497514450922609,0.032558995749288895,0.9997504341602326
1:10_GraphSAGE_none,GraphSAGE,1:10,none,2,77,0.1779724572846203,0.00949978718534112,0.0315932851596267,0.9999780166149139
1:10_GraphSAGE_none,GraphSAGE,1:10,none,2,78,0.17798273387043764,0.009499769220128655,0.03160789687507758,0.999975049495697
1:10_GraphSAGE_none,GraphSAGE,1:10,none,2,79,0.17797795313089182,0.0094998861849308,0.031543860038229926,0.9999875926971435
1:10_GraphSAGE_none,GraphSAGE,1:10,none,2,80,0.1779830552884846,0.009499659454450011,0.03165711192735444,0.9999653673171998
1:10_GraphSAGE_none,GraphSAGE,1:10,none,2,81,0.1779796864339619,0.009499941188842058,0.031510609419503906,0.9999939668178558
1:10_GraphSAGE_none,GraphSAGE,1:10,none,2,82,0.1779670675346165,0.009499754374846816,0.031607477649533845,0.9999752020835877
1:10_GraphSAGE_none,GraphSAGE,1:10,none,2,83,0.17798032003133585,0.009499868107959629,0.03157597015001784,0.999981380701065
1:10_GraphSAGE_none,GraphSAGE,1:10,none,2,84,0.17797829038142254,0.009499902101233602,0.03152929861419807,0.9999903690814972
1:10_GraphSAGE_none,GraphSAGE,1:10,none,2,85,0.17798078703372766,0.009499928308650851,0.03153020540573607,0.9999902069568634
1:10_GraphSAGE_none,GraphSAGE,1:10,none,2,86,0.17797688501565745,0.009499904587864877,0.03152930450946997,0.9999903631210327
1:10_GraphSAGE_none,GraphSAGE,1:10,none,2,87,0.1779816176244526,0.00949992323294282,0.03153685684637139,0.9999889183044434
1:10_GraphSAGE_none,GraphSAGE,1:10,none,2,88,0.17798473256318859,0.009499565493315458,0.0318569158701689,0.9999246418476104
1:10_GraphSAGE_none,GraphSAGE,1:10,none,2,89,0.17797712522237588,0.009499904848635197,0.03152958841384361,0.9999903297424316
1:10_GraphSAGE_none,GraphSAGE,1:10,none,2,90,0.1779804153987675,0.009499928811565042,0.031519161205226284,0.9999923348426819
1:10_GraphSAGE_none,GraphSAGE,1:10,none,2,91,0.177978464538744,0.00949992336332798,0.0315302036455364,0.999990199804306
1:10_GraphSAGE_none,GraphSAGE,1:10,none,2,92,0.17797900932519725,0.009499927740544081,0.031517470249393685,0.999992653131485
1:10_GraphSAGE_none,GraphSAGE,1:10,none,2,93,0.1779783897349148,0.009499878454953432,0.03154502752558301,0.9999873495101929
1:10_GraphSAGE_none,GraphSAGE,1:10,none,2,94,0.17798606919734766,0.00949981326237321,0.031576942907133795,0.9999810445308686
1:10_GraphSAGE_none,GraphSAGE,1:10,none,2,95,0.1779785733172207,0.009499954935163259,0.031504024559119444,0.9999952292442322
1:10_GraphSAGE_none,GraphSAGE,1:10,none,2,96,0.1779794554659634,0.009499917477369309,0.03152234067530344,0.9999916958808899
1:10_GraphSAGE_none,GraphSAGE,1:10,none,2,97,0.1779818520197182,0.0094998764898628,0.03155219680019627,0.9999859344959259
1:10_GraphSAGE_none,GraphSAGE,1:10,none,2,98,0.17798221843927195,0.00949983946979046,0.0315797456851692,0.9999805569648743
1:10_GraphSAGE_none,GraphSAGE,1:10,none,2,99,0.17798517065732766,0.0094997579138726,0.03165283875861178,0.9999662482738495
1:10_GraphSAGE_none,GraphSAGE,1:10,none,3,0,0.18283893805573825,0.00548789597422001,0.5111620823671364,0.505520169697702
1:10_GraphSAGE_none,GraphSAGE,1:10,none,3,1,0.21700502185528422,0.006772683465387672,0.5179552234322273,0.5897610700130462
1:10_GraphSAGE_none,GraphSAGE,1:10,none,3,2,0.1821325487392687,0.008543990061152727,0.36748490265983036,0.7643842507898807
1:10_GraphSAGE_none,GraphSAGE,1:10,none,3,3,0.17797783696003536,0.009844024358317256,0.2445119420075389,0.873485307097435
1:10_GraphSAGE_none,GraphSAGE,1:10,none,3,4,0.20117433527166212,0.009960146818775684,0.21032752999190052,0.881926828622818
1:10_GraphSAGE_none,GraphSAGE,1:10,none,3,5,0.17216188550495645,0.01047225585207343,0.16503374771646123,0.9332247257232666
1:10_GraphSAGE_none,GraphSAGE,1:10,none,3,6,0.2143018475969984,0.010683853682130574,0.11779277303687195,0.9563149249553681
1:10_GraphSAGE_none,GraphSAGE,1:10,none,3,7,0.16295801971142282,0.010769654354080558,0.09747314770671438,0.9664396303892135
1:10_GraphSAGE_none,GraphSAGE,1:10,none,3,8,0.18555490844917585,0.010946031296625733,0.07810775792191635,0.9832600831985474
1:10_GraphSAGE_none,GraphSAGE,1:10,none,3,9,0.1803428460428222,0.010901141967624426,0.08455430794938365,0.9761822032928467
1:10_GraphSAGE_none,GraphSAGE,1:10,none,3,10,0.17373896718059767,0.010994530860334634,0.06127346290240894,0.9893259716033935
1:10_GraphSAGE_none,GraphSAGE,1:10,none,3,11,0.18233477216248503,0.010976592050865293,0.06503511301207254,0.9879389357566833
1:10_GraphSAGE_none,GraphSAGE,1:10,none,3,12,0.18152721056749216,0.010999647025018931,0.05428983148152838,0.9898710691928864
1:10_GraphSAGE_none,GraphSAGE,1:10,none,3,13,0.17977919027243844,0.0110626021027565,0.045391265302550894,0.9962917816638946
1:10_GraphSAGE_none,GraphSAGE,1:10,none,3,14,0.18449081778560866,0.011044894000515343,0.04351789244416068,0.9949325239658355
1:10_GraphSAGE_none,GraphSAGE,1:10,none,3,15,0.18068839848076096,0.011064362246543169,0.044822153579098085,0.9963359951972961
1:10_GraphSAGE_none,GraphSAGE,1:10,none,3,16,0.1765333286490022,0.010994204245507717,0.05270538179169307,0.9894876170158386
1:10_GraphSAGE_none,GraphSAGE,1:10,none,3,17,0.17999808091704836,0.011052308781072497,0.04657855854335139,0.9950595355033874
1:10_GraphSAGE_none,GraphSAGE,1:10,none,3,18,0.17874241285060635,0.01099526341073215,0.05507619698497365,0.9900571393966675
1:10_GraphSAGE_none,GraphSAGE,1:10,none,3,19,0.17966551136260023,0.011091910833492875,0.03493928032892654,0.9992451059818268
1:10_GraphSAGE_none,GraphSAGE,1:10,none,3,20,0.1772155423838376,0.011045692507177591,0.046274716276329855,0.9945851290225982
1:10_GraphSAGE_none,GraphSAGE,1:10,none,3,21,0.18033917464350452,0.011089103808626533,0.03589298934641192,0.9989278149604798
1:10_GraphSAGE_none,GraphSAGE,1:10,none,3,22,0.18043030943756094,0.011087734242901206,0.03624424439820359,0.9987706005573272
1:10_GraphSAGE_none,GraphSAGE,1:10,none,3,23,0.18003552775864592,0.011091209407895803,0.035327593441706995,0.9991230726242065
1:10_GraphSAGE_none,GraphSAGE,1:10,none,3,24,0.1802001441273569,0.011093388963490724,0.03438500126789222,0.9993552207946778
1:10_GraphSAGE_none,GraphSAGE,1:10,none,3,25,0.18039357416366328,0.011069397050887346,0.04031945345888744,0.9968989872932434
1:10_GraphSAGE_none,GraphSAGE,1:10,none,3,26,0.18001734998111715,0.011090989485383033,0.03485961701686392,0.9991193294525147
1:10_GraphSAGE_none,GraphSAGE,1:10,none,3,27,0.17996636908535948,0.011091618547216058,0.035084266913709146,0.9991951847076416
1:10_GraphSAGE_none,GraphSAGE,1:10,none,3,28,0.17998704288189402,0.011095055043697358,0.03292089838500033,0.9996929216384888
1:10_GraphSAGE_none,GraphSAGE,1:10,none,3,29,0.17998941086267223,0.01109794421121478,0.03249233836273561,0.9997986400127411
1:10_GraphSAGE_none,GraphSAGE,1:10,none,3,30,0.17996603790705193,0.011098663127049803,0.03213925403508256,0.9998696410655975
1:10_GraphSAGE_none,GraphSAGE,1:10,none,3,31,0.1803750875968217,0.011091257762163877,0.034676608945828774,0.9991271126270295
1:10_GraphSAGE_none,GraphSAGE,1:10,none,3,32,0.18031716402654638,0.011090302942320704,0.035222317510870196,0.9990422224998474
1:10_GraphSAGE_none,GraphSAGE,1:10,none,3,33,0.18001169458066216,0.01109508122317493,0.03356948998722146,0.9995306932926178
1:10_GraphSAGE_none,GraphSAGE,1:10,none,3,34,0.17993833396618356,0.01109770268201828,0.03258315708453665,0.9997753703594208
1:10_GraphSAGE_none,GraphSAGE,1:10,none,3,35,0.1799977893013238,0.011098596267402172,0.03216647595132599,0.9998626625537872
1:10_GraphSAGE_none,GraphSAGE,1:10,none,3,36,0.18003067012910834,0.011098071979358793,0.032368375053283674,0.9998171830177307
1:10_GraphSAGE_none,GraphSAGE,1:10,none,3,37,0.17991554331068982,0.01109602715820074,0.03314761474694024,0.9996122634410858
1:10_GraphSAGE_none,GraphSAGE,1:10,none,3,38,0.1800037407505988,0.011098851570859552,0.032042146799740295,0.9998886597156524
1:10_GraphSAGE_none,GraphSAGE,1:10,none,3,39,0.18007056187872877,0.011098511796444655,0.03218261955271373,0.9998540282249451
1:10_GraphSAGE_none,GraphSAGE,1:10,none,3,40,0.1800142414498805,0.011099041728302837,0.031946164825585585,0.9999080419540405
1:10_GraphSAGE_none,GraphSAGE,1:10,none,3,41,0.17999129939858904,0.01109884139150381,0.032057367115867236,0.9998868143558503
1:10_GraphSAGE_none,GraphSAGE,1:10,none,3,42,0.18001410316710462,0.011099454248324037,0.031696357084092595,0.9999573659896851
1:10_GraphSAGE_none,GraphSAGE,1:10,none,3,43,0.17999525327270022,0.011099148504436017,0.031905322000038726,0.9999160599708558
1:10_GraphSAGE_none,GraphSAGE,1:10,none,3,44,0.1799915111440896,0.011098459651693702,0.03236863707157681,0.999824526309967
1:10_GraphSAGE_none,GraphSAGE,1:10,none,3,45,0.1800113083053111,0.01109795730561018,0.03243729390169392,0.9998046219348907
1:10_GraphSAGE_none,GraphSAGE,1:10,none,3,46,0.17999606285278788,0.011099152090027929,0.031883799647566775,0.9999207353591919
1:10_GraphSAGE_none,GraphSAGE,1:10,none,3,47,0.180054640807557,0.011098713260143995,0.032061955611807205,0.9998834192752838
1:10_GraphSAGE_none,GraphSAGE,1:10,none,3,48,0.17998932722990502,0.011099226493388414,0.031851312163871624,0.9999258863925934
1:10_GraphSAGE_none,GraphSAGE,1:10,none,3,49,0.18002246331458083,0.0110988309700042,0.03203422567772577,0.9998908960819244
1:10_GraphSAGE_none,GraphSAGE,1:10,none,3,50,0.18003230404143322,0.011098137898370624,0.03235041701200316,0.9998143458366394
1:10_GraphSAGE_none,GraphSAGE,1:10,none,3,51,0.18005512405221452,0.011098728841170668,0.03207645510288785,0.9998794519901275
1:10_GraphSAGE_none,GraphSAGE,1:10,none,3,52,0.18002139549736967,0.011099282009527088,0.03184399464133094,0.9999272727966309
1:10_GraphSAGE_none,GraphSAGE,1:10,none,3,53,0.17999276522581567,0.01109841650351882,0.03222807412932525,0.9998412692546844
1:10_GraphSAGE_none,GraphSAGE,1:10,none,3,54,0.17999939758365144,0.011099594701081515,0.0316340404186667,0.9999700903892517
1:10_GraphSAGE_none,GraphSAGE,1:10,none,3,55,0.17999693792347898,0.011099642412737011,0.031635129293081266,0.9999699544906616
1:10_GraphSAGE_none,GraphSAGE,1:10,none,3,56,0.1800122268873929,0.011099603669717907,0.03165517381357859,0.9999657785892486
1:10_GraphSAGE_none,GraphSAGE,1:10,none,3,57,0.18001023847644318,0.011099626161158085,0.031668037697327234,0.9999631202220917
1:10_GraphSAGE_none,GraphSAGE,1:10,none,3,58,0.17999955210869303,0.011099800663068891,0.03158103457617471,0.9999804472923279
1:10_GraphSAGE_none,GraphSAGE,1:10,none,3,59,0.1800200204927205,0.011099436888471245,0.031760529009279705,0.9999438118934632
1:10_GraphSAGE_none,GraphSAGE,1:10,none,3,60,0.1799918394911765,0.011099702771753072,0.03162309912930141,0.9999720966815948
1:10_GraphSAGE_none,GraphSAGE,1:10,none,3,61,0.18002347338979235,0.011099333548918367,0.03178691121715019,0.9999393558502198
1:10_GraphSAGE_none,GraphSAGE,1:10,none,3,62,0.1800185424465417,0.011099371165037154,0.03178806889767657,0.9999393343925476
1:10_GraphSAGE_none,GraphSAGE,1:10,none,3,63,0.18005096513812532,0.011099187843501567,0.03188014537061463,0.9999191462993622
1:10_GraphSAGE_none,GraphSAGE,1:10,none,3,64,0.18000534657423486,0.01109947295859456,0.03174775341491113,0.9999474322795868
1:10_GraphSAGE_none,GraphSAGE,1:10,none,3,65,0.1800014252591609,0.011099872225895525,0.03154405157047222,0.9999875545501709
1:10_GraphSAGE_none,GraphSAGE,1:10,none,3,66,0.18000319201533785,0.011099690683186053,0.03162799067760716,0.9999711978435516
1:10_GraphSAGE_none,GraphSAGE,1:10,none,3,67,0.1799983460832118,0.011099821729585528,0.03156214334967444,0.9999840593338013
1:10_GraphSAGE_none,GraphSAGE,1:10,none,3,68,0.1799841504174947,0.011099421121180057,0.03176825709606419,0.9999434626102448
1:10_GraphSAGE_none,GraphSAGE,1:10,none,3,69,0.17999949369614116,0.011099827699363232,0.03155949138070355,0.9999845385551452
1:10_GraphSAGE_none,GraphSAGE,1:10,none,3,70,0.18001376766746036,0.011099539510905743,0.031711854040277106,0.9999545812606812
1:10_GraphSAGE_none,GraphSAGE,1:10,none,3,71,0.17998654257540692,0.01109953292645514,0.031708826226767996,0.9999552083015442
1:10_GraphSAGE_none,GraphSAGE,1:10,none,3,72,0.1800038905072688,0.011099711442366243,0.0315977984197707,0.9999771356582642
1:10_GraphSAGE_none,GraphSAGE,1:10,none,3,73,0.17999607998912326,0.011099380711093544,0.03178875665145824,0.9999386751651764
1:10_GraphSAGE_none,GraphSAGE,1:10,none,3,74,0.18007451672141542,0.011098370607942342,0.03224028965423713,0.9998348605632782
1:10_GraphSAGE_none,GraphSAGE,1:10,none,3,75,0.1800019244480609,0.011099877050146461,0.03154051442596028,0.999988214969635
1:10_GraphSAGE_none,GraphSAGE,1:10,none,3,76,0.17999821033363334,0.01109959096647799,0.03168452057021568,0.9999598836898804
1:10_GraphSAGE_none,GraphSAGE,1:10,none,3,77,0.18000123459880343,0.011098228450864554,0.03228832295129905,0.9998229694366455
1:10_GraphSAGE_none,GraphSAGE,1:10,none,3,78,0.18001216989045132,0.01109971385449171,0.03162909977103481,0.9999705064296722
1:10_GraphSAGE_none,GraphSAGE,1:10,none,3,79,0.18001942459528436,0.011099738432094455,0.03160960690083812,0.9999742484092713
1:10_GraphSAGE_none,GraphSAGE,1:10,none,3,80,0.18000442516093243,0.011099869394674897,0.031546186012801625,0.9999870991706848
1:10_GraphSAGE_none,GraphSAGE,1:10,none,3,81,0.1800004554170846,0.01109993970952928,0.03150329013320516,0.9999953663349151
1:10_GraphSAGE_none,GraphSAGE,1:10,none,3,82,0.1800136786330222,0.011099784057587386,0.03158601244876991,0.9999791467189789
1:10_GraphSAGE_none,GraphSAGE,1:10,none,3,83,0.17999920796637525,0.011099870661273598,0.03153459283488701,0.9999893629550933
1:10_GraphSAGE_none,GraphSAGE,1:10,none,3,84,0.1800023362416505,0.011099870428442954,0.03154581997509012,0.9999872028827668
1:10_GraphSAGE_none,GraphSAGE,1:10,none,3,85,0.18000324677710522,0.011099868407472967,0.03153218467685292,0.9999897944927215
1:10_GraphSAGE_none,GraphSAGE,1:10,none,3,86,0.17998716663603773,0.011099725775420666,0.0316142401840807,0.9999737417697907
1:10_GraphSAGE_none,GraphSAGE,1:10,none,3,87,0.1800048393387078,0.011099920049309731,0.03152035165543566,0.9999920737743377
1:10_GraphSAGE_none,GraphSAGE,1:10,none,3,88,0.18000210832839003,0.011099938470870256,0.0315097233835877,0.9999941301345825
1:10_GraphSAGE_none,GraphSAGE,1:10,none,3,89,0.18000090133433333,0.011099952468648554,0.03150271016138504,0.9999954771995544
1:10_GraphSAGE_none,GraphSAGE,1:10,none,3,90,0.18000174064223756,0.01109973968937993,0.031610785815519196,0.9999742364883423
1:10_GraphSAGE_none,GraphSAGE,1:10,none,3,91,0.1800006477165698,0.011099918819963932,0.03151677668060074,0.9999927830696106
1:10_GraphSAGE_none,GraphSAGE,1:10,none,3,92,0.18000032793765058,0.011099823201075196,0.03156637321191738,0.999983229637146
1:10_GraphSAGE_none,GraphSAGE,1:10,none,3,93,0.1799940137196063,0.011099853524938226,0.031548504558977584,0.9999866652488708
1:10_GraphSAGE_none,GraphSAGE,1:10,none,3,94,0.18000335764174452,0.011099876314401626,0.03154173213953982,0.9999879419803619
1:10_GraphSAGE_none,GraphSAGE,1:10,none,3,95,0.1800119687247752,0.011099726120010018,0.031611375240263445,0.9999739587306976
1:10_GraphSAGE_none,GraphSAGE,1:10,none,3,96,0.1800235177207469,0.011099575767293573,0.031688129184421994,0.9999576807022095
1:10_GraphSAGE_none,GraphSAGE,1:10,none,3,97,0.18000106047873488,0.011099962806329132,0.03149902907165597,0.9999961793422699
1:10_GraphSAGE_none,GraphSAGE,1:10,none,3,98,0.18000806015019408,0.01109971009194851,0.03162110697443495,0.9999723362922669
1:10_GraphSAGE_none,GraphSAGE,1:10,none,3,99,0.18000386249308575,0.011099912263453006,0.031516923606050115,0.9999927377700806
1:10_GraphSAGE_none,GraphSAGE,1:10,none,4,0,0.25194734051676276,0.003171593550068792,0.49092601582235146,0.3526994755025953
1:10_GraphSAGE_none,GraphSAGE,1:10,none,4,1,0.2961228604306962,0.0016281699731416665,0.2857939469034818,0.20300701691478026
1:10_GraphSAGE_none,GraphSAGE,1:10,none,4,2,0.2927491091210004,0.0008739875434079636,0.20231074368490823,0.10500932116217881
1:10_GraphSAGE_none,GraphSAGE,1:10,none,4,3,0.26497468207359814,0.0009016662972320127,0.19076440053232516,0.10776581551147366
1:10_GraphSAGE_none,GraphSAGE,1:10,none,4,4,0.347429032876471,0.0007299107166758847,0.14887827990984676,0.08115733496003401
1:10_GraphSAGE_none,GraphSAGE,1:10,none,4,5,0.3047574320328658,0.0006552551425868722,0.1303287662933469,0.07949501655286915
1:10_GraphSAGE_none,GraphSAGE,1:10,none,4,6,0.2747143050281102,0.0007187574638233575,0.12757103507407502,0.08866661176694471
1:10_GraphSAGE_none,GraphSAGE,1:10,none,4,7,0.25466700585247054,0.0004607788479364393,0.1312228431391583,0.057596333981256576
1:10_GraphSAGE_none,GraphSAGE,1:10,none,4,8,0.30515793659994417,0.0004722116882367138,0.11105869865758178,0.050859035002095127
1:10_GraphSAGE_none,GraphSAGE,1:10,none,4,9,0.3050402781958928,0.0003998874553703456,0.1115214714880572,0.04343190881832898
1:10_GraphSAGE_none,GraphSAGE,1:10,none,4,10,0.41043655133814355,0.00026539006991722794,0.07562285571560981,0.02735475721633507
1:10_GraphSAGE_none,GraphSAGE,1:10,none,4,11,0.23722942911591416,0.00027661668562565156,0.07919397977183301,0.028439804237055197
1:10_GraphSAGE_none,GraphSAGE,1:10,none,4,12,0.24141637832894958,0.00042885546185533524,0.09568274433142944,0.04467277004371074
1:10_GraphSAGE_none,GraphSAGE,1:10,none,4,13,0.37306423157083374,0.00025734813019848634,0.08501312910882039,0.02765843830808679
1:10_GraphSAGE_none,GraphSAGE,1:10,none,4,14,0.25247042999174485,0.0003724563372551501,0.09516506452828172,0.04139480135850306
1:10_GraphSAGE_none,GraphSAGE,1:10,none,4,15,0.3485582670066742,0.0002559869821743549,0.07337942500115788,0.026330145343711125
1:10_GraphSAGE_none,GraphSAGE,1:10,none,4,16,0.3483806058750724,0.00029627763852552326,0.08252065016839076,0.029942225073343723
1:10_GraphSAGE_none,GraphSAGE,1:10,none,4,17,0.26083313409800213,0.00032606815034547115,0.08424904702554864,0.034216105917285765
1:10_GraphSAGE_none,GraphSAGE,1:10,none,4,18,0.2989203006574189,0.00038089260060345583,0.0903869630636224,0.03875003737385963
1:10_GraphSAGE_none,GraphSAGE,1:10,none,4,19,0.38443537901018315,0.00029338697232477297,0.07981793480801654,0.03067487334565934
1:10_GraphSAGE_none,GraphSAGE,1:10,none,4,20,0.27335646714877837,0.0003381662797352237,0.08530778508955279,0.034707654542442706
1:10_GraphSAGE_none,GraphSAGE,1:10,none,4,21,0.2233818901316499,0.00046753200052118487,0.08160895189126639,0.04686495566726756
1:10_GraphSAGE_none,GraphSAGE,1:10,none,4,22,0.33370574578738343,9.788372981798122e-05,0.05816147169506171,0.009930364412931878
1:10_GraphSAGE_none,GraphSAGE,1:10,none,4,23,0.27978041773058976,0.0002452471978789269,0.07156706006535628,0.024668219710983267
1:10_GraphSAGE_none,GraphSAGE,1:10,none,4,24,0.2967326082089221,0.0003615554961689715,0.08264967408360999,0.03622539132625492
1:10_GraphSAGE_none,GraphSAGE,1:10,none,4,25,0.30869420894284305,0.00024377288005000077,0.07261348930616676,0.02560292348443677
1:10_GraphSAGE_none,GraphSAGE,1:10,none,4,26,0.38562652108122164,0.0002677645053156336,0.0755540885060416,0.026949982647891092
1:10_GraphSAGE_none,GraphSAGE,1:10,none,4,27,0.2865962393568134,0.0002736209888868835,0.07931113192977618,0.027569658501031113
1:10_GraphSAGE_none,GraphSAGE,1:10,none,4,28,0.2795711841932734,0.0003385404243340515,0.07351243195473443,0.03393310291190935
1:10_GraphSAGE_none,GraphSAGE,1:10,none,4,29,0.2568315627086213,0.00044559473177824564,0.0733735062334782,0.044622934421683656
1:10_GraphSAGE_none,GraphSAGE,1:10,none,4,30,0.20462542533737177,0.0005370908453146483,0.07700317552087153,0.05377445310935571
1:10_GraphSAGE_none,GraphSAGE,1:10,none,4,31,0.2367563495212471,0.00047923643493939913,0.07449450934091165,0.047953039409399933
1:10_GraphSAGE_none,GraphSAGE,1:10,none,4,32,0.37448578584801906,0.0005355897282533094,0.07246558292745074,0.053587026638435044
1:10_GraphSAGE_none,GraphSAGE,1:10,none,4,33,0.26733293074977155,0.0006424335860381458,0.07680327600892926,0.06474586351152
1:10_GraphSAGE_none,GraphSAGE,1:10,none,4,34,0.30881040226530787,0.0005077314648889577,0.07092404612550748,0.05082266153100666
1:10_GraphSAGE_none,GraphSAGE,1:10,none,4,35,0.22210954876479264,0.00048625055251986854,0.08363520267074082,0.04866162966914175
1:10_GraphSAGE_none,GraphSAGE,1:10,none,4,36,0.27613074827801937,0.0005650448650781662,0.07328984757643542,0.05654060245336641
1:10_GraphSAGE_none,GraphSAGE,1:10,none,4,37,0.22992122880395072,0.0003705950146484316,0.06721686363288266,0.037148074327831584
1:10_GraphSAGE_none,GraphSAGE,1:10,none,4,38,0.20345971416544673,0.0005705037338837856,0.06546942249094641,0.05706965427398477
1:10_GraphSAGE_none,GraphSAGE,1:10,none,4,39,0.251741569227097,0.000440252418192971,0.0747617181082663,0.04405152126949903
1:10_GraphSAGE_none,GraphSAGE,1:10,none,4,40,0.2330285231126709,0.00047057406041560104,0.07488244203759066,0.04708066514279479
1:10_GraphSAGE_none,GraphSAGE,1:10,none,4,41,0.22911244237658138,0.0005423205671354794,0.07894029649582304,0.054463206004015906
1:10_GraphSAGE_none,GraphSAGE,1:10,none,4,42,0.2362913895757174,0.00048722581728433514,0.07665367136124879,0.048800289524099184
1:10_GraphSAGE_none,GraphSAGE,1:10,none,4,43,0.20326781187069173,0.0006918788085421948,0.05663533153720532,0.06922402457992502
1:10_GraphSAGE_none,GraphSAGE,1:10,none,4,44,0.20756210479748005,0.0006740993350599005,0.06916082280864028,0.06741289150863783
1:10_GraphSAGE_none,GraphSAGE,1:10,none,4,45,0.19717810854178425,0.0006446309953488095,0.0713606520190107,0.06460988141981039
1:10_GraphSAGE_none,GraphSAGE,1:10,none,4,46,0.3208373615504479,0.0006271997989151243,0.06961471224704296,0.06272667296503329
1:10_GraphSAGE_none,GraphSAGE,1:10,none,4,47,0.21394021186840292,0.0005913309936818736,0.07795538218853149,0.05935638349380648
1:10_GraphSAGE_none,GraphSAGE,1:10,none,4,48,0.3069842975945448,0.0006638955831571062,0.056223257171986576,0.06640193968417257
1:10_GraphSAGE_none,GraphSAGE,1:10,none,4,49,0.21422126125406976,0.0008226993325542961,0.0545764176543189,0.08229075395752307
1:10_GraphSAGE_none,GraphSAGE,1:10,none,4,50,0.21532046813380476,0.0007502430195676691,0.06372154795862804,0.07504930596549927
1:10_GraphSAGE_none,GraphSAGE,1:10,none,4,51,0.20670604091000314,0.0007456554141335189,0.06147378697714528,0.07457696966680036
1:10_GraphSAGE_none,GraphSAGE,1:10,none,4,52,0.23587037291240448,0.0007886458260961274,0.0557563886360006,0.07886664980518077
1:10_GraphSAGE_none,GraphSAGE,1:10,none,4,53,0.22846017580342048,0.0008137212740393107,0.05900299485443163,0.08142307959834966
1:10_GraphSAGE_none,GraphSAGE,1:10,none,4,54,0.2153097418309426,0.0007729658273900007,0.06164169913538098,0.07731080942705205
1:10_GraphSAGE_none,GraphSAGE,1:10,none,4,55,0.21490807223927733,0.000844577643515449,0.046483985578656864,0.08446186938667356
1:10_GraphSAGE_none,GraphSAGE,1:10,none,4,56,0.21686065692317244,0.0008850952465434464,0.04886336842275907,0.08851528128150436
1:10_GraphSAGE_none,GraphSAGE,1:10,none,4,57,0.21564679358017202,0.000855242593054621,0.0462042856771924,0.08555848189333543
1:10_GraphSAGE_none,GraphSAGE,1:10,none,4,58,0.2134237559498524,0.0008210737435925204,0.057296021974078445,0.08211577654027195
1:10_GraphSAGE_none,GraphSAGE,1:10,none,4,59,0.21643596943330523,0.0008826203392029921,0.04140087171323532,0.0882686187221543
1:10_GraphSAGE_none,GraphSAGE,1:10,none,4,60,0.21709867346894499,0.0008836172825944861,0.0384420296631229,0.08837777999571526
1:10_GraphSAGE_none,GraphSAGE,1:10,none,4,61,0.21746842291068788,0.0008520867101264556,0.046946711338253004,0.08522104022108465
1:10_GraphSAGE_none,GraphSAGE,1:10,none,4,62,0.2182020508856749,0.0008756011706053124,0.045136385525998024,0.08756840934060531
1:10_GraphSAGE_none,GraphSAGE,1:10,none,4,63,0.21672504175317045,0.0008992707671616187,0.0368844862726262,0.08994090298815348
1:10_GraphSAGE_none,GraphSAGE,1:10,none,4,64,0.2163983695567822,0.0008849503165706679,0.039305148156742235,0.08850870589706167
1:10_GraphSAGE_none,GraphSAGE,1:10,none,4,65,0.21756197538089508,0.0009030908486602603,0.044513748983290455,0.09031297617228579
1:10_GraphSAGE_none,GraphSAGE,1:10,none,4,66,0.2166304505230164,0.0008933628135649299,0.03675041957250203,0.08933810546440307
1:10_GraphSAGE_none,GraphSAGE,1:10,none,4,67,0.21525657940518614,0.0009023223553595641,0.04789968020263579,0.09023319849233807
1:10_GraphSAGE_none,GraphSAGE,1:10,none,4,68,0.2166776720048165,0.0008548929816232181,0.04847075292101288,0.08549209111154749
1:10_GraphSAGE_none,GraphSAGE,1:10,none,4,69,0.21704722981762642,0.0009040300999727158,0.0419610071861921,0.09040470772608503
1:10_GraphSAGE_none,GraphSAGE,1:10,none,4,70,0.21618964280795808,0.0008962045236618621,0.03730598211433819,0.08962330884657554
1:10_GraphSAGE_none,GraphSAGE,1:10,none,4,71,0.21674425933372732,0.0008949302184661416,0.03587269801306171,0.08949450883682047
1:10_GraphSAGE_none,GraphSAGE,1:10,none,4,72,0.21668245989691967,0.0009038730982919087,0.03540242144116212,0.0903883191795387
1:10_GraphSAGE_none,GraphSAGE,1:10,none,4,73,0.21591732110690828,0.0008762047439505654,0.04248700294784054,0.08762146874035523
1:10_GraphSAGE_none,GraphSAGE,1:10,none,4,74,0.21657344642889256,0.0008894092829019768,0.03912481495716508,0.08894099611526363
1:10_GraphSAGE_none,GraphSAGE,1:10,none,4,75,0.21619642589103932,0.0008727043907136439,0.04099741924291191,0.08727057387228176
1:10_GraphSAGE_none,GraphSAGE,1:10,none,4,76,0.2152704362184977,0.0008709944112185844,0.041214283289088834,0.08709979864516335
1:10_GraphSAGE_none,GraphSAGE,1:10,none,4,77,0.21698962244999165,0.0008924815403094075,0.035459776822939944,0.08924869576098668
1:10_GraphSAGE_none,GraphSAGE,1:10,none,4,78,0.21658318813752886,0.0008930023547313022,0.03604088267709047,0.08930118005948672
1:10_GraphSAGE_none,GraphSAGE,1:10,none,4,79,0.21675497528028245,0.0008931799529140452,0.03539912261969638,0.08931819943754124
1:10_GraphSAGE_none,GraphSAGE,1:10,none,4,80,0.2166545411558127,0.0008911643205472423,0.03569475103024998,0.08911776763591395
1:10_GraphSAGE_none,GraphSAGE,1:10,none,4,81,0.21696067128193136,0.0008779389479998426,0.04069829444781749,0.0877955388417962
1:10_GraphSAGE_none,GraphSAGE,1:10,none,4,82,0.2167886326075768,0.0009023370432216802,0.03576622305328305,0.09023402014569382
1:10_GraphSAGE_none,GraphSAGE,1:10,none,4,83,0.21668880972873922,0.0008987294421297657,0.032613322000018964,0.08987383411973397
1:10_GraphSAGE_none,GraphSAGE,1:10,none,4,84,0.21617181289803739,0.0008859886676418819,0.03747617706045274,0.08859946331775136
1:10_GraphSAGE_none,GraphSAGE,1:10,none,4,85,0.2166806301833367,0.0008961848180101454,0.03343617823006892,0.08961849694609579
1:10_GraphSAGE_none,GraphSAGE,1:10,none,4,86,0.21685953099143263,0.0008957104345932071,0.03442596141775946,0.08957127060950965
1:10_GraphSAGE_none,GraphSAGE,1:10,none,4,87,0.21671602617811914,0.0008998034985797401,0.03387381251125412,0.08998040560034865
1:10_GraphSAGE_none,GraphSAGE,1:10,none,4,88,0.21675421383094545,0.0009034865339831217,0.03423210818554846,0.09034866061699656
1:10_GraphSAGE_none,GraphSAGE,1:10,none,4,89,0.2167409254969334,0.0008978924333112394,0.03339682968554571,0.08978932092301165
1:10_GraphSAGE_none,GraphSAGE,1:10,none,4,90,0.21700575027477498,0.0008929671218520042,0.03481206362627932,0.08929673728250624
1:10_GraphSAGE_none,GraphSAGE,1:10,none,4,91,0.21670141894232983,0.0008990577327076384,0.03219763442098704,0.08990579656960312
1:10_GraphSAGE_none,GraphSAGE,1:10,none,4,92,0.21673718523096797,0.0009002070931867259,0.03298898625677318,0.09002073288366304
1:10_GraphSAGE_none,GraphSAGE,1:10,none,4,93,0.21647671189021822,0.00088905463247782,0.03612127022702454,0.08890548798863973
1:10_GraphSAGE_none,GraphSAGE,1:10,none,4,94,0.21665038492393252,0.0008944252219214324,0.033940234735847535,0.08944264608912324
1:10_GraphSAGE_none,GraphSAGE,1:10,none,4,95,0.21671135965597388,0.0009001622120493509,0.031843188093987174,0.0900162739947084
1:10_GraphSAGE_none,GraphSAGE,1:10,none,4,96,0.2167010390372252,0.0008997111703828403,0.031997501597101394,0.08997112714297296
1:10_GraphSAGE_none,GraphSAGE,1:10,none,4,97,0.2166883067400431,0.0008977603990020476,0.03286304797337873,0.08977607773232449
1:10_GraphSAGE_none,GraphSAGE,1:10,none,4,98,0.21668374720823522,0.0009008244378274081,0.03281604450801204,0.0900824648412169
1:10_GraphSAGE_none,GraphSAGE,1:10,none,4,99,0.21673075575244183,0.0008993279644719728,0.03208863354523505,0.08993293154952532
