run_id,arch,scenario,balancing,seed,nodes_2plus,mask_mean,mask_min,mask_max,frac_sat_hi,frac_sat_lo,within_gap_median,within_gap_p90,frac_gap_lt_1e3,frac_gap_lt_1e5,between_rep_spread_median
1:10_GAT_class_weighting,GAT,1:10,class_weighting,42,16,0.47125104,0.0,1.0,0.4666666666666667,0.5272727272727272,1.023328e-13,1.0,0.7625,0.725,1.0
1:10_GAT_class_weighting_s43,GAT,1:10,class_weighting,43,16,0.6,2.2034893e-24,1.0,0.6,0.4,0.0,1.3258164e-08,1.0,1.0,1.0
1:10_GAT_class_weighting_s44,GAT,1:10,class_weighting,44,16,0.40000013,5.7468136e-38,1.0,0.4,0.6,4.1975205e-22,1.2039386e-07,1.0,0.9625,1.0
1:10_GAT_focal_loss,GAT,1:10,focal_loss,42,16,0.20000009,0.0,1.0,0.2,0.8,4.243498e-24,3.6889342e-10,1.0,1.0,1.0
1:10_GAT_focal_loss_s43,GAT,1:10,focal_loss,43,16,0.20000014,0.0,1.0,0.2,0.8,8.510249e-16,1.2509226e-08,1.0,0.9875,1.0
1:10_GAT_focal_loss_s44,GAT,1:10,focal_loss,44,16,0.2,0.0,1.0,0.2,0.8,1.2287464e-32,2.8421384e-14,1.0,1.0,1.0
1:10_GAT_none,GAT,1:10,none,42,16,0.48197502,0.0,1.0,0.4727272727272727,0.503030303030303,8.36612e-16,0.9034333,0.85,0.7625,1.0
1:10_GAT_none_s43,GAT,1:10,none,43,16,0.6,2.1556512e-38,1.0,0.6,0.4,0.0,1.1815262e-11,1.0,1.0,1.0
1:10_GAT_none_s44,GAT,1:10,none,44,16,0.6000021,5.578338e-23,1.0,0.6,0.4,1.314318e-14,6.5806023e-07,1.0,0.95,1.0
1:10_GCN_class_weighting,GCN,1:10,class_weighting,42,16,0.42754555,0.0,1.0,0.3575757575757576,0.509090909090909,5.0241753e-05,0.9807883,0.5875,0.425,0.99999785
1:10_GCN_class_weighting_s43,GCN,1:10,class_weighting,43,16,0.36604625,0.0,1.0,0.32727272727272727,0.593939393939394,1.9394759e-06,0.21250223,0.8,0.6375,1.0
1:10_GCN_class_weighting_s44,GCN,1:10,class_weighting,44,16,0.4000001,4.556416e-38,1.0,0.4,0.6,5.684018e-20,5.0725264e-09,1.0,1.0,1.0
1:10_GCN_focal_loss,GCN,1:10,focal_loss,42,16,0.20000786,1.4549629e-16,1.0,0.2,0.8,2.523695e-07,6.1889846e-06,1.0,0.9375,0.99999976
1:10_GCN_focal_loss_s43,GCN,1:10,focal_loss,43,16,0.21199651,3.547051e-16,1.0,0.20606060606060606,0.7878787878787878,8.500605e-07,5.2928917e-06,0.9875,0.925,0.9999937
1:10_GCN_focal_loss_s44,GCN,1:10,focal_loss,44,16,0.40001988,0.0,1.0,0.4,0.6,2.8092364e-21,8.985147e-07,1.0,0.975,1.0
1:10_GCN_none,GCN,1:10,none,42,16,0.20003934,4.6801745e-14,1.0,0.2,0.8,1.1888517e-06,1.7985916e-05,1.0,0.7875,0.9999979
1:10_GCN_none_s43,GCN,1:10,none,43,16,0.40004194,1.280121e-25,1.0,0.4,0.6,1.7881393e-07,2.5851954e-05,0.9625,0.8125,1.0
1:10_GCN_none_s44,GCN,1:10,none,44,16,0.40021592,0.0,1.0,0.4,0.6,4.3153182e-07,5.3582247e-05,0.975,0.7875,0.9999995
1:10_GraphSAGE_class_weighting,GraphSAGE,1:10,class_weighting,42,16,0.28116447,0.0,1.0,0.2606060606060606,0.696969696969697,4.1890198e-07,0.99999976,0.65,0.55,1.0
1:10_GraphSAGE_class_weighting_s43,GraphSAGE,1:10,class_weighting,43,16,0.3006535,5.766822e-37,1.0,0.2727272727272727,0.6848484848484848,4.9342116e-06,0.99999535,0.6625,0.55,1.0
1:10_GraphSAGE_class_weighting_s44,GraphSAGE,1:10,class_weighting,44,16,0.29115227,0.0,1.0,0.28484848484848485,0.703030303030303,2.507039e-08,1.0,0.675,0.6125,1.0
1:10_GraphSAGE_focal_loss,GraphSAGE,1:10,focal_loss,42,16,0.20000018,5.72567e-25,1.0,0.2,0.8,7.9118585e-08,1.0160846e-06,1.0,1.0,1.0
1:10_GraphSAGE_focal_loss_s43,GraphSAGE,1:10,focal_loss,43,16,0.48232356,8.9530566e-20,1.0,0.46060606060606063,0.509090909090909,7.1525574e-07,0.5493253,0.85,0.7,0.99999976
1:10_GraphSAGE_focal_loss_s44,GraphSAGE,1:10,focal_loss,44,16,0.20000273,2.8072075e-19,1.0,0.2,0.8,3.6540573e-08,8.780934e-06,1.0,0.9125,1.0
1:10_GraphSAGE_none,GraphSAGE,1:10,none,42,16,0.4000031,4.652217e-34,1.0,0.4,0.6,2.6392315e-09,2.1525984e-05,1.0,0.8625,1.0
1:10_GraphSAGE_none_s43,GraphSAGE,1:10,none,43,16,0.40004644,3.1439807e-28,1.0,0.4,0.6,1.0005554e-09,9.435413e-05,0.9375,0.8125,1.0
1:10_GraphSAGE_none_s44,GraphSAGE,1:10,none,44,16,0.20004718,6.3483836e-33,1.0,0.2,0.8,3.8014042e-10,0.00010459265,0.975,0.8125,1.0
1:10_TAGCN_class_weighting,TAGCN,1:10,class_weighting,42,16,0.5188004,4.2090714e-27,1.0,0.51,0.47,3.5762787e-07,0.99556786,0.8625,0.6875,1.0
1:10_TAGCN_class_weighting_s43,TAGCN,1:10,class_weighting,43,16,0.53361326,7.980657e-26,1.0,0.53,0.46,5.4146493e-11,0.8043582,0.8625,0.825,1.0
1:10_TAGCN_class_weighting_s44,TAGCN,1:10,class_weighting,44,16,0.5999998,7.4336256e-19,1.0,0.6,0.4,2.0120524e-06,1.3740745e-05,1.0,0.85,0.9999996
1:10_TAGCN_focal_loss,TAGCN,1:10,focal_loss,42,16,0.40000054,5.601626e-11,1.0,0.4,0.6,2.068406e-06,7.311114e-06,1.0,0.9375,0.99999624
1:10_TAGCN_focal_loss_s43,TAGCN,1:10,focal_loss,43,16,0.59999895,1.2268061e-08,1.0,0.6,0.4,2.8189927e-06,1.2671692e-05,1.0,0.8875,0.9999951
1:10_TAGCN_focal_loss_s44,TAGCN,1:10,focal_loss,44,16,0.40000206,5.587269e-09,1.0,0.4,0.6,1.847744e-06,1.8820381e-05,1.0,0.8625,0.99999684
1:10_TAGCN_none,TAGCN,1:10,none,42,16,0.5681071,1.3049752e-26,1.0,0.565,0.425,3.2571734e-10,0.0002041422,0.9125,0.8375,1.0
1:10_TAGCN_none_s43,TAGCN,1:10,none,43,16,0.6,1.1556197e-25,1.0,0.6,0.4,1.757507e-19,1.0838829e-06,1.0,0.975,1.0
1:10_TAGCN_none_s44,TAGCN,1:10,none,44,16,0.5999999,5.055296e-25,1.0,0.6,0.4,2.3696802e-17,1.3113004e-07,1.0,0.9875,1.0
1:10_os_GAT_class_weighting,GAT,1:10_os,class_weighting,42,16,0.44825634,0.0,1.0,0.43636363636363634,0.5393939393939394,1.374153e-15,1.0,0.7875,0.75,1.0
1:10_os_GAT_class_weighting_s43,GAT,1:10_os,class_weighting,43,16,0.6,7.0047667e-29,1.0,0.6,0.4,0.0,2.63704e-12,1.0,1.0,1.0
1:10_os_GAT_class_weighting_s44,GAT,1:10_os,class_weighting,44,16,0.40025645,0.0,1.0,0.4,0.593939393939394,7.5899116e-23,3.720365e-05,0.9875,0.8875,1.0
1:10_os_GAT_focal_loss,GAT,1:10_os,focal_loss,42,16,0.29934064,0.0,1.0,0.296969696969697,0.696969696969697,1.1328636e-15,0.061136946,0.9,0.8625,1.0
1:10_os_GAT_focal_loss_s43,GAT,1:10_os,focal_loss,43,16,0.44854394,0.0,1.0,0.4484848484848485,0.5515151515151515,1.4481265e-19,3.240617e-05,0.9125,0.9,1.0
1:10_os_GAT_focal_loss_s44,GAT,1:10_os,focal_loss,44,16,0.6000029,8.890038e-25,1.0,0.6,0.4,4.609117e-20,9.655951e-07,1.0,0.975,1.0
1:10_os_GAT_none,GAT,1:10_os,none,42,16,0.45779735,0.0,1.0,0.4484848484848485,0.5212121212121212,6.0384504e-14,0.9432881,0.8375,0.7375,1.0
1:10_os_GAT_none_s43,GAT,1:10_os,none,43,16,0.6,3.7143504e-35,1.0,0.6,0.4,0.0,4.978902e-11,1.0,1.0,1.0
1:10_os_GAT_none_s44,GAT,1:10_os,none,44,16,0.60000646,1.21392496e-23,1.0,0.6,0.4,3.889909e-11,1.1296635e-05,1.0,0.875,1.0
1:10_os_GCN_class_weighting,GCN,1:10_os,class_weighting,42,16,0.39269674,1.4373138e-26,1.0,0.3393939393939394,0.5333333333333333,2.6082147e-05,0.99530464,0.575,0.4125,0.9999971
1:10_os_GCN_class_weighting_s43,GCN,1:10_os,class_weighting,43,16,0.42006272,0.0,1.0,0.38181818181818183,0.5272727272727272,3.8085698e-06,0.56157994,0.7125,0.575,0.9999999
1:10_os_GCN_class_weighting_s44,GCN,1:10_os,class_weighting,44,16,0.4000001,2.464424e-38,1.0,0.4,0.6,1.4721815e-19,3.451171e-09,1.0,1.0,1.0
1:10_os_GCN_focal_loss,GCN,1:10_os,focal_loss,42,16,0.20001322,3.9288904e-18,1.0,0.2,0.8,1.4231694e-07,5.4693264e-06,1.0,0.9375,0.9999999
1:10_os_GCN_focal_loss_s43,GCN,1:10_os,focal_loss,43,16,0.4000122,5.278286e-29,1.0,0.4,0.6,6.5080954e-09,1.0879843e-05,0.9875,0.8875,1.0
1:10_os_GCN_focal_loss_s44,GCN,1:10_os,focal_loss,44,16,0.40001097,0.0,1.0,0.4,0.6,3.6989445e-21,1.1388945e-06,1.0,0.975,1.0
1:10_os_GCN_none,GCN,1:10_os,none,42,16,0.20008455,8.688387e-15,1.0,0.2,0.8,1.2009458e-06,1.5229464e-05,0.9875,0.8125,0.99999666
1:10_os_GCN_none_s43,GCN,1:10_os,none,43,16,0.40003976,5.133999e-27,1.0,0.4,0.6,1.09698476e-07,2.1963746e-05,0.95,0.875,1.0
1:10_os_GCN_none_s44,GCN,1:10_os,none,44,16,0.40011612,0.0,1.0,0.4,0.6,3.0098985e-07,4.8874546e-05,0.975,0.825,0.9999999
1:10_os_GraphSAGE_class_weighting,GraphSAGE,1:10_os,class_weighting,42,16,0.31097388,0.0,1.0,0.28484848484848485,0.6727272727272727,2.651277e-07,0.99998873,0.7,0.5875,1.0
1:10_os_GraphSAGE_class_weighting_s43,GraphSAGE,1:10_os,class_weighting,43,16,0.28295955,5.8791583e-34,1.0,0.2545454545454545,0.6848484848484848,5.745097e-07,0.999989,0.6625,0.6,1.0
1:10_os_GraphSAGE_class_weighting_s44,GraphSAGE,1:10_os,class_weighting,44,16,0.39767095,0.0,1.0,0.37575757575757573,0.5878787878787879,1.2949758e-07,0.9999976,0.7125,0.6375,1.0
1:10_os_GraphSAGE_focal_loss,GraphSAGE,1:10_os,focal_loss,42,16,0.2000008,7.256746e-19,1.0,0.2,0.8,3.179613e-07,5.505246e-06,1.0,0.925,1.0
1:10_os_GraphSAGE_focal_loss_s43,GraphSAGE,1:10_os,focal_loss,43,16,0.40000185,6.5533455e-20,1.0,0.4,0.6,5.0651558e-08,2.4807443e-05,1.0,0.8375,1.0
1:10_os_GraphSAGE_focal_loss_s44,GraphSAGE,1:10_os,focal_loss,44,16,0.20000069,4.6637154e-18,1.0,0.2,0.8,2.8574613e-08,4.93339e-06,1.0,0.9375,1.0
1:10_os_GraphSAGE_none,GraphSAGE,1:10_os,none,42,16,0.20002228,1.9252935e-31,1.0,0.2,0.8,2.1523436e-09,0.0001368112,0.9875,0.825,1.0
1:10_os_GraphSAGE_none_s43,GraphSAGE,1:10_os,none,43,16,0.4000261,3.7171274e-28,1.0,0.4,0.6,9.909304e-09,6.7921996e-05,0.975,0.825,1.0
1:10_os_GraphSAGE_none_s44,GraphSAGE,1:10_os,none,44,16,0.20002118,1.8942715e-33,1.0,0.2,0.8,6.7159216e-11,4.42925e-05,0.9875,0.825,1.0
1:10_os_TAGCN_class_weighting,TAGCN,1:10_os,class_weighting,42,16,0.5334898,5.1747503e-30,1.0,0.525,0.455,8.788714e-09,0.44823107,0.8,0.625,1.0
1:10_os_TAGCN_class_weighting_s43,TAGCN,1:10_os,class_weighting,43,16,0.51616716,5.2671484e-27,1.0,0.505,0.475,2.0625301e-10,0.9750514,0.85,0.75,1.0
1:10_os_TAGCN_class_weighting_s44,TAGCN,1:10_os,class_weighting,44,16,0.40000167,8.075672e-22,1.0,0.4,0.6,1.7881393e-06,1.8364874e-05,1.0,0.8375,0.99999964
1:10_os_TAGCN_focal_loss,TAGCN,1:10_os,focal_loss,42,16,0.40000072,7.430499e-10,1.0,0.4,0.6,8.4004387e-07,6.763584e-06,1.0,0.925,0.99999726
1:10_os_TAGCN_focal_loss_s43,TAGCN,1:10_os,focal_loss,43,16,0.59999895,1.5368588e-08,1.0,0.6,0.4,2.2649765e-06,1.21712665e-05,1.0,0.875,0.99999654
1:10_os_TAGCN_focal_loss_s44,TAGCN,1:10_os,focal_loss,44,16,0.40000257,6.952338e-10,1.0,0.4,0.6,1.9838794e-06,1.8858906e-05,1.0,0.85,0.999998
1:10_os_TAGCN_none,TAGCN,1:10_os,none,42,16,0.39999998,1.2017021e-22,1.0,0.4,0.6,1.7312761e-12,1.2733204e-08,1.0,1.0,1.0
1:10_os_TAGCN_none_s43,TAGCN,1:10_os,none,43,16,0.39999944,4.1772517e-22,1.0,0.4,0.6,5.5057204e-12,3.2274697e-06,1.0,0.9125,1.0
1:10_os_TAGCN_none_s44,TAGCN,1:10_os,none,44,16,0.39999986,2.5148418e-24,1.0,0.4,0.6,5.342933e-12,2.3971504e-07,1.0,0.9875,1.0
1:1_GAT_class_weighting,GAT,1:1,class_weighting,42,16,0.45720974,0.0,1.0,0.42424242424242425,0.5212121212121212,3.330367e-16,0.9399126,0.775,0.7,1.0
1:1_GAT_class_weighting_s43,GAT,1:1,class_weighting,43,16,0.6,7.570965e-34,1.0,0.6,0.4,0.0,1.7689935e-09,1.0,1.0,1.0
1:1_GAT_class_weighting_s44,GAT,1:1,class_weighting,44,16,0.40001982,0.0,1.0,0.4,0.6,5.6962417e-22,9.214225e-06,0.975,0.9,1.0
1:1_GAT_focal_loss,GAT,1:1,focal_loss,42,16,0.4,0.0,1.0,0.4,0.6,0.0,9.602229e-14,1.0,1.0,1.0
1:1_GAT_focal_loss_s43,GAT,1:1,focal_loss,43,16,0.412558,0.0,1.0,0.4,0.5757575757575758,2.5916885e-13,4.4663284e-05,0.9375,0.8625,1.0
1:1_GAT_focal_loss_s44,GAT,1:1,focal_loss,44,16,0.57761353,6.338974e-39,1.0,0.5575757575757576,0.4,1.2271734e-07,0.88165593,0.8375,0.6875,1.0
1:1_GAT_none,GAT,1:1,none,42,16,0.45720974,0.0,1.0,0.42424242424242425,0.5212121212121212,3.330379e-16,0.93991226,0.775,0.7,1.0
1:1_GAT_none_s43,GAT,1:1,none,43,16,0.6,7.570849e-34,1.0,0.6,0.4,0.0,1.7689887e-09,1.0,1.0,1.0
1:1_GAT_none_s44,GAT,1:1,none,44,16,0.40001982,0.0,1.0,0.4,0.6,5.696198e-22,9.21424e-06,0.975,0.9,1.0
1:1_GCN_class_weighting,GCN,1:1,class_weighting,42,16,0.39009556,8.486374e-38,1.0,0.3151515151515151,0.5272727272727272,0.0001389918,0.4017575,0.55,0.4,0.99999774
1:1_GCN_class_weighting_s43,GCN,1:1,class_weighting,43,16,0.36892793,2.5801172e-36,1.0,0.3333333333333333,0.6060606060606061,4.752531e-07,0.16556749,0.7875,0.6875,1.0
1:1_GCN_class_weighting_s44,GCN,1:1,class_weighting,44,16,0.39263365,0.0,1.0,0.34545454545454546,0.5393939393939394,1.9096206e-05,0.83579963,0.65,0.475,0.9999998
1:1_GCN_focal_loss,GCN,1:1,focal_loss,42,16,0.40000036,0.0,1.0,0.4,0.6,1.24196934e-14,1.4662737e-06,1.0,0.975,1.0
1:1_GCN_focal_loss_s43,GCN,1:1,focal_loss,43,16,0.48325694,0.0,1.0,0.4727272727272727,0.5151515151515151,3.3362842e-12,6.8497175e-05,0.9125,0.8375,1.0
1:1_GCN_focal_loss_s44,GCN,1:1,focal_loss,44,16,0.5877332,0.0,1.0,0.5818181818181818,0.4121212121212121,0.0,2.4772114e-06,0.975,0.9375,1.0
1:1_GCN_none,GCN,1:1,none,42,16,0.4079242,1.591372e-36,1.0,0.3393939393939394,0.5333333333333333,5.330227e-05,0.7432522,0.625,0.4375,0.9999996
1:1_GCN_none_s43,GCN,1:1,none,43,16,0.37784344,0.0,1.0,0.3212121212121212,0.6060606060606061,1.1920929e-07,0.16734572,0.8,0.7,1.0
1:1_GCN_none_s44,GCN,1:1,none,44,16,0.3926337,0.0,1.0,0.34545454545454546,0.5393939393939394,1.9096206e-05,0.83579993,0.65,0.475,0.9999998
1:1_GraphSAGE_class_weighting,GraphSAGE,1:1,class_weighting,42,16,0.23416595,0.0,1.0,0.19393939393939394,0.7454545454545455,1.4765376e-07,0.9999995,0.6625,0.575,1.0
1:1_GraphSAGE_class_weighting_s43,GraphSAGE,1:1,class_weighting,43,16,0.35476765,1.3569245e-24,1.0,0.32727272727272727,0.6303030303030303,2.8524587e-06,0.99999946,0.675,0.5625,1.0
1:1_GraphSAGE_class_weighting_s44,GraphSAGE,1:1,class_weighting,44,16,0.30013818,3.061952e-38,1.0,0.2545454545454545,0.6666666666666666,9.892688e-07,1.0,0.625,0.5625,1.0
1:1_GraphSAGE_focal_loss,GraphSAGE,1:1,focal_loss,42,16,0.4000001,7.627846e-14,1.0,0.4,0.6,1.6418813e-09,6.366444e-07,1.0,0.975,1.0
1:1_GraphSAGE_focal_loss_s43,GraphSAGE,1:1,focal_loss,43,16,0.59999955,3.145365e-10,1.0,0.6,0.4,1.1920929e-07,2.1622257e-06,1.0,0.9875,0.99999994
1:1_GraphSAGE_focal_loss_s44,GraphSAGE,1:1,focal_loss,44,16,0.47878575,4.413464e-25,1.0,0.47878787878787876,0.5212121212121212,1.1920929e-07,5.0797807e-06,0.95,0.925,1.0
1:1_GraphSAGE_none,GraphSAGE,1:1,none,42,16,0.23417853,0.0,1.0,0.19393939393939394,0.7454545454545455,1.4765921e-07,0.9999995,0.6625,0.575,1.0
1:1_GraphSAGE_none_s43,GraphSAGE,1:1,none,43,16,0.35467255,1.0843094e-24,1.0,0.32727272727272727,0.6303030303030303,2.5192537e-06,0.99999946,0.675,0.5625,1.0
1:1_GraphSAGE_none_s44,GraphSAGE,1:1,none,44,16,0.30013812,3.061952e-38,1.0,0.2545454545454545,0.6666666666666666,9.892681e-07,1.0,0.625,0.5625,1.0
1:1_TAGCN_class_weighting,TAGCN,1:1,class_weighting,42,16,0.47418523,6.629646e-31,1.0,0.47,0.52,9.898312e-08,0.9996862,0.8125,0.7125,1.0
1:1_TAGCN_class_weighting_s43,TAGCN,1:1,class_weighting,43,16,0.3695021,0.0,1.0,0.35,0.62,9.752308e-07,0.99999875,0.75,0.6375,1.0
1:1_TAGCN_class_weighting_s44,TAGCN,1:1,class_weighting,44,16,0.59999985,5.6434377e-19,1.0,0.6,0.4,1.8444273e-06,1.441849e-05,1.0,0.85,0.9999996
1:1_TAGCN_focal_loss,TAGCN,1:1,focal_loss,42,16,0.40000212,5.3101952e-14,0.9999994,0.4,0.6,5.5784096e-07,2.6345251e-06,1.0,0.9875,0.999998
1:1_TAGCN_focal_loss_s43,TAGCN,1:1,focal_loss,43,16,0.39999992,9.167665e-08,0.99999976,0.4,0.6,7.0038385e-07,1.8687483e-06,1.0,1.0,0.99999654
1:1_TAGCN_focal_loss_s44,TAGCN,1:1,focal_loss,44,16,0.255359,6.8111105e-32,1.0,0.24,0.705,2.2856226e-07,0.22404942,0.8625,0.8375,0.99999976
1:1_TAGCN_none,TAGCN,1:1,none,42,16,0.46217424,6.1658805e-37,1.0,0.45,0.535,3.2103912e-07,0.9999999,0.8125,0.6625,1.0
1:1_TAGCN_none_s43,TAGCN,1:1,none,43,16,0.36233243,0.0,1.0,0.35,0.62,5.772788e-07,0.99999964,0.7625,0.6375,1.0
1:1_TAGCN_none_s44,TAGCN,1:1,none,44,16,0.59999985,5.6434154e-19,1.0,0.6,0.4,1.8444262e-06,1.4418489e-05,1.0,0.85,0.9999996
native_GAT_class_weighting,GAT,native,class_weighting,42,16,0.4750159,0.0,1.0,0.4727272727272727,0.5212121212121212,1.1905555e-15,1.0,0.7625,0.725,1.0
native_GAT_class_weighting_s43,GAT,native,class_weighting,43,16,0.6,3.6414835e-33,1.0,0.6,0.4,0.0,4.430878e-14,1.0,1.0,1.0
native_GAT_class_weighting_s44,GAT,native,class_weighting,44,16,0.4000001,2.0161826e-38,1.0,0.4,0.6,9.85102e-21,2.4522117e-07,1.0,0.9625,1.0
native_GAT_focal_loss,GAT,native,focal_loss,42,16,0.22131984,0.0,1.0,0.21212121212121213,0.7575757575757576,7.8105656e-17,0.00023872507,0.9125,0.8625,1.0
native_GAT_focal_loss_s43,GAT,native,focal_loss,43,16,0.6000001,0.0,1.0,0.6,0.4,0.0,1.1928099e-11,1.0,1.0,1.0
native_GAT_focal_loss_s44,GAT,native,focal_loss,44,16,0.4000379,3.8948533e-25,1.0,0.4,0.6,2.9802322e-07,8.05993e-05,1.0,0.725,1.0
native_GAT_none,GAT,native,none,42,16,0.4,0.0,1.0,0.4,0.6,0.0,1.9594985e-13,1.0,1.0,1.0
native_GAT_none_s43,GAT,native,none,43,16,0.60080576,0.0,1.0,0.6,0.38181818181818183,2.8926867e-23,0.00024489447,0.9375,0.7625,1.0
native_GAT_none_s44,GAT,native,none,44,16,0.40189388,0.0,1.0,0.4,0.5878787878787879,0.0,3.4439614e-11,0.9875,0.9625,1.0
native_GCN_class_weighting,GCN,native,class_weighting,42,16,0.4000026,0.0,1.0,0.4,0.6,6.781545e-16,4.3034534e-06,1.0,0.9375,1.0
native_GCN_class_weighting_s43,GCN,native,class_weighting,43,16,0.46667713,0.0,1.0,0.45454545454545453,0.5151515151515151,2.3494871e-17,0.0010038937,0.9,0.8375,1.0
native_GCN_class_weighting_s44,GCN,native,class_weighting,44,16,0.59998786,8.788842e-26,1.0,0.6,0.4,2.2766823e-14,1.17418895e-05,1.0,0.8875,1.0
native_GCN_focal_loss,GCN,native,focal_loss,42,16,0.2000008,1.5866065e-15,1.0,0.2,0.8,9.2127365e-08,1.7957741e-06,1.0,1.0,0.99999964
native_GCN_focal_loss_s43,GCN,native,focal_loss,43,16,0.4000109,1.2159615e-20,1.0,0.4,0.6,9.711614e-09,1.4262511e-05,1.0,0.85,1.0
native_GCN_focal_loss_s44,GCN,native,focal_loss,44,16,0.41234666,0.0,1.0,0.4121212121212121,0.5818181818181818,3.621973e-32,7.0595765e-06,0.975,0.9,1.0
native_GCN_none,GCN,native,none,42,16,0.2,0.0,1.0,0.2,0.8,4.0822218e-30,4.3825093e-11,1.0,1.0,1.0
native_GCN_none_s43,GCN,native,none,43,16,0.4012066,0.0,1.0,0.4,0.5696969696969697,7.4443204e-17,0.00030401655,0.95,0.7875,1.0
native_GCN_none_s44,GCN,native,none,44,16,0.40139922,5.413958e-37,1.0,0.37575757575757573,0.5636363636363636,3.2252432e-09,0.0009012492,0.925,0.775,1.0
native_GraphSAGE_class_weighting,GraphSAGE,native,class_weighting,42,16,0.2933411,0.0,1.0,0.2727272727272727,0.6848484848484848,5.636533e-07,0.99999964,0.675,0.6125,1.0
native_GraphSAGE_class_weighting_s43,GraphSAGE,native,class_weighting,43,16,0.2615588,1.938893e-37,1.0,0.24848484848484848,0.7272727272727273,5.4171314e-06,1.0,0.6625,0.5375,1.0
native_GraphSAGE_class_weighting_s44,GraphSAGE,native,class_weighting,44,16,0.30714336,0.0,1.0,0.2909090909090909,0.6727272727272727,4.7634353e-07,0.9999989,0.7,0.6125,1.0
native_GraphSAGE_focal_loss,GraphSAGE,native,focal_loss,42,16,0.6000009,2.4561364e-16,1.0,0.6,0.4,1.9069826e-07,6.7591654e-06,1.0,0.925,1.0
native_GraphSAGE_focal_loss_s43,GraphSAGE,native,focal_loss,43,16,0.20000207,4.700345e-19,1.0,0.2,0.8,6.681157e-09,9.657437e-07,1.0,0.95,1.0
native_GraphSAGE_focal_loss_s44,GraphSAGE,native,focal_loss,44,16,0.40000364,4.310097e-15,1.0,0.4,0.6,1.7847232e-07,9.28578e-05,0.9875,0.7625,1.0
native_GraphSAGE_none,GraphSAGE,native,none,42,16,0.40023234,2.9167518e-34,1.0,0.3939393939393939,0.5878787878787879,7.1669386e-09,0.0016786563,0.85,0.675,1.0
native_GraphSAGE_none_s43,GraphSAGE,native,none,43,16,0.4000773,2.936576e-29,1.0,0.4,0.6,2.4062768e-14,0.00014598938,0.9625,0.8125,1.0
native_GraphSAGE_none_s44,GraphSAGE,native,none,44,16,0.40007067,2.771869e-26,1.0,0.4,0.6,1.1920929e-07,0.00014319785,0.975,0.7875,1.0
native_TAGCN_class_weighting,TAGCN,native,class_weighting,42,16,0.5277078,6.512334e-25,1.0,0.525,0.46,1.0665693e-07,0.22487962,0.8625,0.6875,1.0
native_TAGCN_class_weighting_s43,TAGCN,native,class_weighting,43,16,0.5441198,2.51122e-30,1.0,0.54,0.455,3.0927485e-13,0.01820767,0.9,0.8375,1.0
native_TAGCN_class_weighting_s44,TAGCN,native,class_weighting,44,16,0.59999967,6.052377e-19,1.0,0.6,0.4,2.0861626e-06,1.5623831e-05,1.0,0.85,0.99999964
native_TAGCN_focal_loss,TAGCN,native,focal_loss,42,16,0.60000044,6.579469e-13,1.0,0.6,0.4,8.450401e-08,3.5424882e-06,1.0,0.95,0.99999994
native_TAGCN_focal_loss_s43,TAGCN,native,focal_loss,43,16,0.60000056,4.1646366e-13,1.0,0.6,0.4,1.0970791e-06,1.3983249e-05,1.0,0.8375,0.99999964
native_TAGCN_focal_loss_s44,TAGCN,native,focal_loss,44,16,0.4000006,1.2613956e-13,1.0,0.4,0.6,3.382924e-08,3.9947477e-06,1.0,0.925,1.0
native_TAGCN_none,TAGCN,native,none,42,16,0.6,2.113282e-36,1.0,0.6,0.4,3.214743e-24,1.1920929e-07,1.0,1.0,1.0
native_TAGCN_none_s43,TAGCN,native,none,43,16,0.59999967,3.668695e-21,1.0,0.6,0.4,2.760847e-09,2.6345251e-06,1.0,0.9625,1.0
native_TAGCN_none_s44,TAGCN,native,none,44,16,0.6,2.4132651e-24,1.0,0.6,0.4,6.61856e-11,8.3899914e-07,1.0,1.0,1.0
