scenario,arch,split,curve,loss_a,loss_b,frac_a_above,n_crossings,dominance
native,GCN,val,roc,none,class_weighting,0.008316008316008316,0.0,class_weighting
native,GCN,val,roc,none,focal_loss,0.0,0.0,focal_loss
native,GCN,val,roc,class_weighting,focal_loss,0.4490644490644491,5.0,cruce
native,GCN,val,roc,TOP,,,,none=0.00;class_weighting=0.47;focal_loss=0.53
native,GCN,val,pr,none,class_weighting,0.18711018711018712,1.0,cruce
native,GCN,val,pr,none,focal_loss,0.0,0.0,focal_loss
native,GCN,val,pr,class_weighting,focal_loss,0.3596673596673597,2.0,cruce
native,GCN,val,pr,TOP,,,,none=0.00;class_weighting=0.36;focal_loss=0.64
native,GCN,test,roc,none,class_weighting,0.06860706860706861,1.0,cruce
native,GCN,test,roc,none,focal_loss,0.07484407484407485,1.0,cruce
native,GCN,test,roc,class_weighting,focal_loss,0.7900207900207901,3.0,cruce
native,GCN,test,roc,TOP,,,,none=0.00;class_weighting=0.80;focal_loss=0.20
native,GCN,test,pr,none,class_weighting,0.31185031185031187,1.0,cruce
native,GCN,test,pr,none,focal_loss,0.006237006237006237,0.0,focal_loss
native,GCN,test,pr,class_weighting,focal_loss,0.41164241164241167,1.0,cruce
native,GCN,test,pr,TOP,,,,none=0.00;class_weighting=0.41;focal_loss=0.59
native,GraphSAGE,val,roc,none,class_weighting,0.20582120582120583,1.0,cruce
native,GraphSAGE,val,roc,none,focal_loss,0.1787941787941788,0.0,focal_loss
native,GraphSAGE,val,roc,class_weighting,focal_loss,0.6985446985446986,1.0,cruce
native,GraphSAGE,val,roc,TOP,,,,none=0.19;class_weighting=0.70;focal_loss=0.10
native,GraphSAGE,val,pr,none,class_weighting,0.0,0.0,class_weighting
native,GraphSAGE,val,pr,none,focal_loss,0.0,0.0,focal_loss
native,GraphSAGE,val,pr,class_weighting,focal_loss,0.997920997920998,0.0,class_weighting
native,GraphSAGE,val,pr,TOP,,,,none=0.00;class_weighting=1.00;focal_loss=0.00
native,GraphSAGE,test,roc,none,class_weighting,0.0,0.0,class_weighting
native,GraphSAGE,test,roc,none,focal_loss,0.0,0.0,focal_loss
native,GraphSAGE,test,roc,class_weighting,focal_loss,0.9667359667359667,0.0,class_weighting
native,GraphSAGE,test,roc,TOP,,,,none=0.01;class_weighting=0.99;focal_loss=0.00
native,GraphSAGE,test,pr,none,class_weighting,0.0,0.0,class_weighting
native,GraphSAGE,test,pr,none,focal_loss,0.0,0.0,focal_loss
native,GraphSAGE,test,pr,class_weighting,focal_loss,1.0,0.0,class_weighting
native,GraphSAGE,test,pr,TOP,,,,none=0.00;class_weighting=1.00;focal_loss=0.00
native,GAT,val,roc,none,class_weighting,0.0,0.0,class_weighting
native,GAT,val,roc,none,focal_loss,0.0,0.0,focal_loss
native,GAT,val,roc,class_weighting,focal_loss,0.6715176715176715,1.0,cruce
native,GAT,val,roc,TOP,,,,none=0.00;class_weighting=0.69;focal_loss=0.31
native,GAT,val,pr,none,class_weighting,0.004158004158004158,0.0,class_weighting
native,GAT,val,pr,none,focal_loss,0.0,0.0,focal_loss
native,GAT,val,pr,class_weighting,focal_loss,0.5987525987525988,1.0,cruce
native,GAT,val,pr,TOP,,,,none=0.00;class_weighting=0.60;focal_loss=0.40
native,GAT,test,roc,none,class_weighting,0.23492723492723494,1.0,cruce
native,GAT,test,roc,none,focal_loss,0.6985446985446986,1.0,cruce
native,GAT,test,roc,class_weighting,focal_loss,0.893970893970894,1.0,cruce
native,GAT,test,roc,TOP,,,,none=0.23;class_weighting=0.76;focal_loss=0.01
native,GAT,test,pr,none,class_weighting,0.08523908523908524,1.0,cruce
native,GAT,test,pr,none,focal_loss,0.7920997920997921,1.0,cruce
native,GAT,test,pr,class_weighting,focal_loss,0.9708939708939709,1.0,cruce
native,GAT,test,pr,TOP,,,,none=0.09;class_weighting=0.91;focal_loss=0.00
native,TAGCN,val,roc,none,class_weighting,0.2079002079002079,1.0,cruce
native,TAGCN,val,roc,none,focal_loss,0.17671517671517672,0.0,focal_loss
native,TAGCN,val,roc,class_weighting,focal_loss,0.4760914760914761,1.0,cruce
native,TAGCN,val,roc,TOP,,,,none=0.18;class_weighting=0.48;focal_loss=0.34
native,TAGCN,val,pr,none,class_weighting,0.0,0.0,class_weighting
native,TAGCN,val,pr,none,focal_loss,0.0,0.0,focal_loss
native,TAGCN,val,pr,class_weighting,focal_loss,0.7525987525987526,1.0,cruce
native,TAGCN,val,pr,TOP,,,,none=0.00;class_weighting=0.75;focal_loss=0.25
native,TAGCN,test,roc,none,class_weighting,0.0,0.0,class_weighting
native,TAGCN,test,roc,none,focal_loss,0.0,0.0,focal_loss
native,TAGCN,test,roc,class_weighting,focal_loss,0.8898128898128899,1.0,cruce
native,TAGCN,test,roc,TOP,,,,none=0.00;class_weighting=0.90;focal_loss=0.10
native,TAGCN,test,pr,none,class_weighting,0.0,0.0,class_weighting
native,TAGCN,test,pr,none,focal_loss,0.0,0.0,focal_loss
native,TAGCN,test,pr,class_weighting,focal_loss,0.5634095634095634,1.0,cruce
native,TAGCN,test,pr,TOP,,,,none=0.00;class_weighting=0.56;focal_loss=0.44
1:10,GCN,val,roc,none,class_weighting,0.28274428274428276,1.0,cruce
1:10,GCN,val,roc,none,focal_loss,0.7214137214137214,1.0,cruce
1:10,GCN,val,roc,class_weighting,focal_loss,0.83991683991684,1.0,cruce
1:10,GCN,val,roc,TOP,,,,none=0.30;class_weighting=0.67;focal_loss=0.03
1:10,GCN,val,pr,none,class_weighting,0.010395010395010396,0.0,class_weighting
1:10,GCN,val,pr,none,focal_loss,0.02494802494802495,0.0,focal_loss
1:10,GCN,val,pr,class_weighting,focal_loss,0.9355509355509356,1.0,cruce
1:10,GCN,val,pr,TOP,,,,none=0.01;class_weighting=0.93;focal_loss=0.06
1:10,GCN,test,roc,none,class_weighting,0.9958419958419958,0.0,none
1:10,GCN,test,roc,none,focal_loss,0.5841995841995842,2.0,cruce
1:10,GCN,test,roc,class_weighting,focal_loss,0.056133056133056136,2.0,cruce
1:10,GCN,test,roc,TOP,,,,none=0.61;class_weighting=0.00;focal_loss=0.39
1:10,GCN,test,pr,none,class_weighting,1.0,0.0,none
1:10,GCN,test,pr,none,focal_loss,0.7796257796257796,0.0,none
1:10,GCN,test,pr,class_weighting,focal_loss,0.0,0.0,focal_loss
1:10,GCN,test,pr,TOP,,,,none=0.78;class_weighting=0.00;focal_loss=0.22
1:10,GraphSAGE,val,roc,none,class_weighting,0.008316008316008316,0.0,class_weighting
1:10,GraphSAGE,val,roc,none,focal_loss,0.11850311850311851,0.0,focal_loss
1:10,GraphSAGE,val,roc,class_weighting,focal_loss,0.9916839916839917,0.0,class_weighting
1:10,GraphSAGE,val,roc,TOP,,,,none=0.02;class_weighting=0.98;focal_loss=0.00
1:10,GraphSAGE,val,pr,none,class_weighting,0.0,0.0,class_weighting
1:10,GraphSAGE,val,pr,none,focal_loss,0.0,0.0,focal_loss
1:10,GraphSAGE,val,pr,class_weighting,focal_loss,0.9792099792099792,1.0,cruce
1:10,GraphSAGE,val,pr,TOP,,,,none=0.00;class_weighting=0.98;focal_loss=0.02
1:10,GraphSAGE,test,roc,none,class_weighting,0.004158004158004158,0.0,class_weighting
1:10,GraphSAGE,test,roc,none,focal_loss,0.0,0.0,focal_loss
1:10,GraphSAGE,test,roc,class_weighting,focal_loss,0.9667359667359667,1.0,cruce
1:10,GraphSAGE,test,roc,TOP,,,,none=0.00;class_weighting=0.97;focal_loss=0.03
1:10,GraphSAGE,test,pr,none,class_weighting,0.0,0.0,class_weighting
1:10,GraphSAGE,test,pr,none,focal_loss,0.0,0.0,focal_loss
1:10,GraphSAGE,test,pr,class_weighting,focal_loss,0.9147609147609148,1.0,cruce
1:10,GraphSAGE,test,pr,TOP,,,,none=0.00;class_weighting=0.91;focal_loss=0.09
1:10,GAT,val,roc,none,class_weighting,0.6798336798336798,0.0,none
1:10,GAT,val,roc,none,focal_loss,0.9521829521829522,0.0,none
1:10,GAT,val,roc,class_weighting,focal_loss,0.7276507276507277,0.0,class_weighting
1:10,GAT,val,roc,TOP,,,,none=0.72;class_weighting=0.28;focal_loss=0.01
1:10,GAT,val,pr,none,class_weighting,0.972972972972973,0.0,none
1:10,GAT,val,pr,none,focal_loss,0.9958419958419958,0.0,none
1:10,GAT,val,pr,class_weighting,focal_loss,0.760914760914761,1.0,cruce
1:10,GAT,val,pr,TOP,,,,none=0.97;class_weighting=0.03;focal_loss=0.00
1:10,GAT,test,roc,none,class_weighting,0.07484407484407485,1.0,cruce
1:10,GAT,test,roc,none,focal_loss,0.9542619542619543,1.0,cruce
1:10,GAT,test,roc,class_weighting,focal_loss,0.9459459459459459,0.0,class_weighting
1:10,GAT,test,roc,TOP,,,,none=0.08;class_weighting=0.92;focal_loss=0.01
1:10,GAT,test,pr,none,class_weighting,0.010395010395010396,0.0,class_weighting
1:10,GAT,test,pr,none,focal_loss,0.9646569646569647,1.0,cruce
1:10,GAT,test,pr,class_weighting,focal_loss,0.9958419958419958,0.0,class_weighting
1:10,GAT,test,pr,TOP,,,,none=0.01;class_weighting=0.99;focal_loss=0.00
1:10,TAGCN,val,roc,none,class_weighting,0.9438669438669439,2.0,cruce
1:10,TAGCN,val,roc,none,focal_loss,0.6528066528066528,1.0,cruce
1:10,TAGCN,val,roc,class_weighting,focal_loss,0.5031185031185031,2.0,cruce
1:10,TAGCN,val,roc,TOP,,,,none=0.67;class_weighting=0.00;focal_loss=0.33
1:10,TAGCN,val,pr,none,class_weighting,0.5363825363825364,1.0,cruce
1:10,TAGCN,val,pr,none,focal_loss,0.17671517671517672,1.0,cruce
1:10,TAGCN,val,pr,class_weighting,focal_loss,0.21205821205821207,1.0,cruce
1:10,TAGCN,val,pr,TOP,,,,none=0.02;class_weighting=0.19;focal_loss=0.79
1:10,TAGCN,test,roc,none,class_weighting,0.2972972972972973,1.0,cruce
1:10,TAGCN,test,roc,none,focal_loss,0.9480249480249481,1.0,cruce
1:10,TAGCN,test,roc,class_weighting,focal_loss,1.0,0.0,class_weighting
1:10,TAGCN,test,roc,TOP,,,,none=0.30;class_weighting=0.70;focal_loss=0.00
1:10,TAGCN,test,pr,none,class_weighting,0.43451143451143454,1.0,cruce
1:10,TAGCN,test,pr,none,focal_loss,0.9958419958419958,0.0,none
1:10,TAGCN,test,pr,class_weighting,focal_loss,1.0,0.0,class_weighting
1:10,TAGCN,test,pr,TOP,,,,none=0.43;class_weighting=0.57;focal_loss=0.00
1:10_os,GCN,val,roc,none,class_weighting,0.25363825363825365,1.0,cruce
1:10_os,GCN,val,roc,none,focal_loss,1.0,0.0,none
1:10_os,GCN,val,roc,class_weighting,focal_loss,0.9542619542619543,0.0,class_weighting
1:10_os,GCN,val,roc,TOP,,,,none=0.26;class_weighting=0.74;focal_loss=0.00
1:10_os,GCN,val,pr,none,class_weighting,0.016632016632016633,0.0,class_weighting
1:10_os,GCN,val,pr,none,focal_loss,0.9230769230769231,3.0,cruce
1:10_os,GCN,val,pr,class_weighting,focal_loss,0.9708939708939709,1.0,cruce
1:10_os,GCN,val,pr,TOP,,,,none=0.01;class_weighting=0.96;focal_loss=0.03
1:10_os,GCN,test,roc,none,class_weighting,0.6257796257796258,2.0,cruce
1:10_os,GCN,test,roc,none,focal_loss,0.45322245322245325,2.0,cruce
1:10_os,GCN,test,roc,class_weighting,focal_loss,0.3596673596673597,2.0,cruce
1:10_os,GCN,test,roc,TOP,,,,none=0.35;class_weighting=0.24;focal_loss=0.41
1:10_os,GCN,test,pr,none,class_weighting,0.7588357588357588,2.0,cruce
1:10_os,GCN,test,pr,none,focal_loss,0.7047817047817048,1.0,cruce
1:10_os,GCN,test,pr,class_weighting,focal_loss,0.5841995841995842,2.0,cruce
1:10_os,GCN,test,pr,TOP,,,,none=0.60;class_weighting=0.23;focal_loss=0.16
1:10_os,GraphSAGE,val,roc,none,class_weighting,0.031185031185031187,0.0,class_weighting
1:10_os,GraphSAGE,val,roc,none,focal_loss,0.14137214137214138,0.0,focal_loss
1:10_os,GraphSAGE,val,roc,class_weighting,focal_loss,0.9916839916839917,1.0,cruce
1:10_os,GraphSAGE,val,roc,TOP,,,,none=0.07;class_weighting=0.92;focal_loss=0.01
1:10_os,GraphSAGE,val,pr,none,class_weighting,0.0,0.0,class_weighting
1:10_os,GraphSAGE,val,pr,none,focal_loss,0.002079002079002079,0.0,focal_loss
1:10_os,GraphSAGE,val,pr,class_weighting,focal_loss,0.48232848232848236,2.0,cruce
1:10_os,GraphSAGE,val,pr,TOP,,,,none=0.00;class_weighting=0.48;focal_loss=0.52
1:10_os,GraphSAGE,test,roc,none,class_weighting,0.0,0.0,class_weighting
1:10_os,GraphSAGE,test,roc,none,focal_loss,0.0,0.0,focal_loss
1:10_os,GraphSAGE,test,roc,class_weighting,focal_loss,0.9625779625779626,1.0,cruce
1:10_os,GraphSAGE,test,roc,TOP,,,,none=0.00;class_weighting=0.98;focal_loss=0.02
1:10_os,GraphSAGE,test,pr,none,class_weighting,0.0,0.0,class_weighting
1:10_os,GraphSAGE,test,pr,none,focal_loss,0.0,0.0,focal_loss
1:10_os,GraphSAGE,test,pr,class_weighting,focal_loss,0.9397089397089398,1.0,cruce
1:10_os,GraphSAGE,test,pr,TOP,,,,none=0.00;class_weighting=0.94;focal_loss=0.06
1:10_os,GAT,val,roc,none,class_weighting,0.2681912681912682,2.0,cruce
1:10_os,GAT,val,roc,none,focal_loss,0.9542619542619543,0.0,none
1:10_os,GAT,val,roc,class_weighting,focal_loss,0.7775467775467776,0.0,class_weighting
1:10_os,GAT,val,roc,TOP,,,,none=0.27;class_weighting=0.73;focal_loss=0.00
1:10_os,GAT,val,pr,none,class_weighting,0.5488565488565489,1.0,cruce
1:10_os,GAT,val,pr,none,focal_loss,0.9833679833679834,1.0,cruce
1:10_os,GAT,val,pr,class_weighting,focal_loss,0.9313929313929314,1.0,cruce
1:10_os,GAT,val,pr,TOP,,,,none=0.53;class_weighting=0.45;focal_loss=0.02
1:10_os,GAT,test,roc,none,class_weighting,0.004158004158004158,0.0,class_weighting
1:10_os,GAT,test,roc,none,focal_loss,0.11226611226611227,3.0,cruce
1:10_os,GAT,test,roc,class_weighting,focal_loss,0.9812889812889813,0.0,class_weighting
1:10_os,GAT,test,roc,TOP,,,,none=0.02;class_weighting=0.98;focal_loss=0.00
1:10_os,GAT,test,pr,none,class_weighting,0.0,0.0,class_weighting
1:10_os,GAT,test,pr,none,focal_loss,0.13721413721413722,3.0,cruce
1:10_os,GAT,test,pr,class_weighting,focal_loss,1.0,0.0,class_weighting
1:10_os,GAT,test,pr,TOP,,,,none=0.00;class_weighting=1.00;focal_loss=0.00
1:10_os,TAGCN,val,roc,none,class_weighting,1.0,0.0,none
1:10_os,TAGCN,val,roc,none,focal_loss,0.7879417879417879,1.0,cruce
1:10_os,TAGCN,val,roc,class_weighting,focal_loss,0.3201663201663202,2.0,cruce
1:10_os,TAGCN,val,roc,TOP,,,,none=0.82;class_weighting=0.00;focal_loss=0.18
1:10_os,TAGCN,val,pr,none,class_weighting,0.8316008316008316,2.0,cruce
1:10_os,TAGCN,val,pr,none,focal_loss,0.5405405405405406,3.0,cruce
1:10_os,TAGCN,val,pr,class_weighting,focal_loss,0.16632016632016633,1.0,cruce
1:10_os,TAGCN,val,pr,TOP,,,,none=0.54;class_weighting=0.00;focal_loss=0.46
1:10_os,TAGCN,test,roc,none,class_weighting,0.46361746361746364,1.0,cruce
1:10_os,TAGCN,test,roc,none,focal_loss,1.0,0.0,none
1:10_os,TAGCN,test,roc,class_weighting,focal_loss,1.0,0.0,class_weighting
1:10_os,TAGCN,test,roc,TOP,,,,none=0.50;class_weighting=0.50;focal_loss=0.00
1:10_os,TAGCN,test,pr,none,class_weighting,0.7193347193347194,1.0,cruce
1:10_os,TAGCN,test,pr,none,focal_loss,1.0,0.0,none
1:10_os,TAGCN,test,pr,class_weighting,focal_loss,1.0,0.0,class_weighting
1:10_os,TAGCN,test,pr,TOP,,,,none=0.72;class_weighting=0.28;focal_loss=0.00
1:1,GCN,val,roc,none,class_weighting,0.29521829521829523,0.0,none
1:1,GCN,val,roc,none,focal_loss,1.0,0.0,none
1:1,GCN,val,roc,class_weighting,focal_loss,1.0,0.0,class_weighting
1:1,GCN,val,roc,TOP,,,,none=0.61;class_weighting=0.39;focal_loss=0.00
1:1,GCN,val,pr,none,class_weighting,0.5093555093555093,0.0,none
1:1,GCN,val,pr,none,focal_loss,1.0,0.0,none
1:1,GCN,val,pr,class_weighting,focal_loss,1.0,0.0,class_weighting
1:1,GCN,val,pr,TOP,,,,none=0.52;class_weighting=0.48;focal_loss=0.00
1:1,GCN,test,roc,none,class_weighting,0.3659043659043659,8.0,cruce
1:1,GCN,test,roc,none,focal_loss,0.2079002079002079,4.0,cruce
1:1,GCN,test,roc,class_weighting,focal_loss,0.17255717255717257,8.0,cruce
1:1,GCN,test,roc,TOP,,,,none=0.20;class_weighting=0.03;focal_loss=0.77
1:1,GCN,test,pr,none,class_weighting,0.6237006237006237,0.0,none
1:1,GCN,test,pr,none,focal_loss,0.031185031185031187,0.0,focal_loss
1:1,GCN,test,pr,class_weighting,focal_loss,0.0,0.0,focal_loss
1:1,GCN,test,pr,TOP,,,,none=0.03;class_weighting=0.00;focal_loss=0.97
1:1,GraphSAGE,val,roc,none,class_weighting,0.17463617463617465,0.0,none
1:1,GraphSAGE,val,roc,none,focal_loss,0.7422037422037422,0.0,none
1:1,GraphSAGE,val,roc,class_weighting,focal_loss,0.738045738045738,0.0,class_weighting
1:1,GraphSAGE,val,roc,TOP,,,,none=0.65;class_weighting=0.10;focal_loss=0.25
1:1,GraphSAGE,val,pr,none,class_weighting,0.43243243243243246,0.0,none
1:1,GraphSAGE,val,pr,none,focal_loss,0.9916839916839917,0.0,none
1:1,GraphSAGE,val,pr,class_weighting,focal_loss,0.9916839916839917,0.0,class_weighting
1:1,GraphSAGE,val,pr,TOP,,,,none=0.52;class_weighting=0.47;focal_loss=0.01
1:1,GraphSAGE,test,roc,none,class_weighting,0.0893970893970894,0.0,class_weighting
1:1,GraphSAGE,test,roc,none,focal_loss,0.9022869022869023,1.0,cruce
1:1,GraphSAGE,test,roc,class_weighting,focal_loss,0.9022869022869023,1.0,cruce
1:1,GraphSAGE,test,roc,TOP,,,,none=0.80;class_weighting=0.13;focal_loss=0.07
1:1,GraphSAGE,test,pr,none,class_weighting,0.46361746361746364,0.0,none
1:1,GraphSAGE,test,pr,none,focal_loss,0.9958419958419958,0.0,none
1:1,GraphSAGE,test,pr,class_weighting,focal_loss,0.9958419958419958,0.0,class_weighting
1:1,GraphSAGE,test,pr,TOP,,,,none=0.48;class_weighting=0.52;focal_loss=0.00
1:1,GAT,val,roc,none,class_weighting,0.0,0.0,none
1:1,GAT,val,roc,none,focal_loss,0.6528066528066528,0.0,none
1:1,GAT,val,roc,class_weighting,focal_loss,0.6528066528066528,0.0,class_weighting
1:1,GAT,val,roc,TOP,,,,none=0.67;class_weighting=0.00;focal_loss=0.33
1:1,GAT,val,pr,none,class_weighting,0.002079002079002079,0.0,none
1:1,GAT,val,pr,none,focal_loss,0.997920997920998,0.0,none
1:1,GAT,val,pr,class_weighting,focal_loss,0.997920997920998,0.0,class_weighting
1:1,GAT,val,pr,TOP,,,,none=1.00;class_weighting=0.00;focal_loss=0.00
1:1,GAT,test,roc,none,class_weighting,0.0,0.0,none
1:1,GAT,test,roc,none,focal_loss,0.7525987525987526,1.0,cruce
1:1,GAT,test,roc,class_weighting,focal_loss,0.7525987525987526,1.0,cruce
1:1,GAT,test,roc,TOP,,,,none=0.79;class_weighting=0.00;focal_loss=0.21
1:1,GAT,test,pr,none,class_weighting,0.012474012474012475,0.0,none
1:1,GAT,test,pr,none,focal_loss,0.9334719334719335,0.0,none
1:1,GAT,test,pr,class_weighting,focal_loss,0.9334719334719335,0.0,class_weighting
1:1,GAT,test,pr,TOP,,,,none=0.93;class_weighting=0.01;focal_loss=0.07
1:1,TAGCN,val,roc,none,class_weighting,0.5634095634095634,1.0,cruce
1:1,TAGCN,val,roc,none,focal_loss,0.7754677754677755,2.0,cruce
1:1,TAGCN,val,roc,class_weighting,focal_loss,0.7858627858627859,2.0,cruce
1:1,TAGCN,val,roc,TOP,,,,none=0.58;class_weighting=0.22;focal_loss=0.20
1:1,TAGCN,val,pr,none,class_weighting,0.31392931392931395,1.0,cruce
1:1,TAGCN,val,pr,none,focal_loss,0.35550935550935553,1.0,cruce
1:1,TAGCN,val,pr,class_weighting,focal_loss,0.35135135135135137,1.0,cruce
1:1,TAGCN,val,pr,TOP,,,,none=0.26;class_weighting=0.10;focal_loss=0.64
1:1,TAGCN,test,roc,none,class_weighting,0.033264033264033266,0.0,class_weighting
1:1,TAGCN,test,roc,none,focal_loss,0.8024948024948025,1.0,cruce
1:1,TAGCN,test,roc,class_weighting,focal_loss,0.817047817047817,1.0,cruce
1:1,TAGCN,test,roc,TOP,,,,none=0.07;class_weighting=0.77;focal_loss=0.16
1:1,TAGCN,test,pr,none,class_weighting,0.02494802494802495,0.0,class_weighting
1:1,TAGCN,test,pr,none,focal_loss,1.0,0.0,none
1:1,TAGCN,test,pr,class_weighting,focal_loss,1.0,0.0,class_weighting
1:1,TAGCN,test,pr,TOP,,,,none=0.02;class_weighting=0.98;focal_loss=0.00
