scenario,balancing,seed,explainer,arch_a,arch_b,rho
1:10,none,42,GNNExplainer,GCN,GraphSAGE,0.8788095222115718
1:10,none,42,GNNExplainer,GCN,GAT,0.8772592648641676
1:10,none,42,GNNExplainer,GCN,TAGCN,0.8058783812396937
1:10,none,42,GNNExplainer,GraphSAGE,GAT,0.9108562412814091
1:10,none,42,GNNExplainer,GraphSAGE,TAGCN,0.8664073041123376
1:10,none,42,GNNExplainer,GAT,TAGCN,0.8623162538922228
1:10,none,42,ShapleyFeatures,GCN,GraphSAGE,0.912848668022422
1:10,none,42,ShapleyFeatures,GCN,GAT,0.9080184702396846
1:10,none,42,ShapleyFeatures,GCN,TAGCN,0.8981444206936635
1:10,none,42,ShapleyFeatures,GraphSAGE,GAT,0.9412216081551935
1:10,none,42,ShapleyFeatures,GraphSAGE,TAGCN,0.913807286204379
1:10,none,42,ShapleyFeatures,GAT,TAGCN,0.9075266072085861
1:10,none,42,IntegratedGradients,GCN,GraphSAGE,0.9638097914815216
1:10,none,42,IntegratedGradients,GCN,GAT,0.9572492406015672
1:10,none,42,IntegratedGradients,GCN,TAGCN,0.9632906192357709
1:10,none,42,IntegratedGradients,GraphSAGE,GAT,0.9665487335997722
1:10,none,42,IntegratedGradients,GraphSAGE,TAGCN,0.974197044976886
1:10,none,42,IntegratedGradients,GAT,TAGCN,0.9713339993193102
1:10,none,42,ExpectedGradients,GCN,GraphSAGE,0.6806078785885422
1:10,none,42,ExpectedGradients,GCN,GAT,0.6954932608189268
1:10,none,42,ExpectedGradients,GCN,TAGCN,0.675022745288214
1:10,none,42,ExpectedGradients,GraphSAGE,GAT,0.7300196390492426
1:10,none,42,ExpectedGradients,GraphSAGE,TAGCN,0.8132500280605672
1:10,none,42,ExpectedGradients,GAT,TAGCN,0.7646003530226236
1:10,none,43,GNNExplainer,GCN,GraphSAGE,0.892180290718316
1:10,none,43,GNNExplainer,GCN,GAT,0.8947491422054054
1:10,none,43,GNNExplainer,GCN,TAGCN,0.8150863122804711
1:10,none,43,GNNExplainer,GraphSAGE,GAT,0.906060496844549
1:10,none,43,GNNExplainer,GraphSAGE,TAGCN,0.8498710092626773
1:10,none,43,GNNExplainer,GAT,TAGCN,0.856624208563981
1:10,none,43,ShapleyFeatures,GCN,GraphSAGE,0.9130679297432374
1:10,none,43,ShapleyFeatures,GCN,GAT,0.9124265460165734
1:10,none,43,ShapleyFeatures,GCN,TAGCN,0.9068279315495918
1:10,none,43,ShapleyFeatures,GraphSAGE,GAT,0.9448577596256174
1:10,none,43,ShapleyFeatures,GraphSAGE,TAGCN,0.9189122360076444
1:10,none,43,ShapleyFeatures,GAT,TAGCN,0.9048331483683024
1:10,none,43,IntegratedGradients,GCN,GraphSAGE,0.9662823141159261
1:10,none,43,IntegratedGradients,GCN,GAT,0.9692886170017159
1:10,none,43,IntegratedGradients,GCN,TAGCN,0.9656500102601152
1:10,none,43,IntegratedGradients,GraphSAGE,GAT,0.9744684758896415
1:10,none,43,IntegratedGradients,GraphSAGE,TAGCN,0.974743445770921
1:10,none,43,IntegratedGradients,GAT,TAGCN,0.9765785219771913
1:10,none,43,ExpectedGradients,GCN,GraphSAGE,0.7454174093399593
1:10,none,43,ExpectedGradients,GCN,GAT,0.7403472470118521
1:10,none,43,ExpectedGradients,GCN,TAGCN,0.7322817505168969
1:10,none,43,ExpectedGradients,GraphSAGE,GAT,0.7573893839667659
1:10,none,43,ExpectedGradients,GraphSAGE,TAGCN,0.8123837600394302
1:10,none,43,ExpectedGradients,GAT,TAGCN,0.7512837382363792
1:10,none,44,GNNExplainer,GCN,GraphSAGE,0.899131378593198
1:10,none,44,GNNExplainer,GCN,GAT,0.8875807312017934
1:10,none,44,GNNExplainer,GCN,TAGCN,0.8391458473336268
1:10,none,44,GNNExplainer,GraphSAGE,GAT,0.9140984236127304
1:10,none,44,GNNExplainer,GraphSAGE,TAGCN,0.8695977014369631
1:10,none,44,GNNExplainer,GAT,TAGCN,0.8544478671249105
1:10,none,44,ShapleyFeatures,GCN,GraphSAGE,0.9175267981018137
1:10,none,44,ShapleyFeatures,GCN,GAT,0.905388251272794
1:10,none,44,ShapleyFeatures,GCN,TAGCN,0.9068073000676633
1:10,none,44,ShapleyFeatures,GraphSAGE,GAT,0.9411087522202386
1:10,none,44,ShapleyFeatures,GraphSAGE,TAGCN,0.9139087648811397
1:10,none,44,ShapleyFeatures,GAT,TAGCN,0.9022145769436127
1:10,none,44,IntegratedGradients,GCN,GraphSAGE,0.9640818501684706
1:10,none,44,IntegratedGradients,GCN,GAT,0.9583526226945054
1:10,none,44,IntegratedGradients,GCN,TAGCN,0.9629601925381321
1:10,none,44,IntegratedGradients,GraphSAGE,GAT,0.9644040678261827
1:10,none,44,IntegratedGradients,GraphSAGE,TAGCN,0.9700056578269908
1:10,none,44,IntegratedGradients,GAT,TAGCN,0.9651277540754591
1:10,none,44,ExpectedGradients,GCN,GraphSAGE,0.7431632754927685
1:10,none,44,ExpectedGradients,GCN,GAT,0.7117834402502883
1:10,none,44,ExpectedGradients,GCN,TAGCN,0.7383344011499492
1:10,none,44,ExpectedGradients,GraphSAGE,GAT,0.7182932479592237
1:10,none,44,ExpectedGradients,GraphSAGE,TAGCN,0.792552478741258
1:10,none,44,ExpectedGradients,GAT,TAGCN,0.6919906626470851
1:10,class_weighting,42,GNNExplainer,GCN,GraphSAGE,0.9212812237550337
1:10,class_weighting,42,GNNExplainer,GCN,GAT,0.9073043244546976
1:10,class_weighting,42,GNNExplainer,GCN,TAGCN,0.8390470676764267
1:10,class_weighting,42,GNNExplainer,GraphSAGE,GAT,0.935731342106178
1:10,class_weighting,42,GNNExplainer,GraphSAGE,TAGCN,0.8848902176652109
1:10,class_weighting,42,GNNExplainer,GAT,TAGCN,0.8866435122996833
1:10,class_weighting,42,ShapleyFeatures,GCN,GraphSAGE,0.9159501403197537
1:10,class_weighting,42,ShapleyFeatures,GCN,GAT,0.9194783764302459
1:10,class_weighting,42,ShapleyFeatures,GCN,TAGCN,0.9054902771694868
1:10,class_weighting,42,ShapleyFeatures,GraphSAGE,GAT,0.9454294170290445
1:10,class_weighting,42,ShapleyFeatures,GraphSAGE,TAGCN,0.9115534394289965
1:10,class_weighting,42,ShapleyFeatures,GAT,TAGCN,0.9027853374777582
1:10,class_weighting,42,IntegratedGradients,GCN,GraphSAGE,0.9655011148528903
1:10,class_weighting,42,IntegratedGradients,GCN,GAT,0.9680569770503318
1:10,class_weighting,42,IntegratedGradients,GCN,TAGCN,0.9635114132928109
1:10,class_weighting,42,IntegratedGradients,GraphSAGE,GAT,0.9714275101598062
1:10,class_weighting,42,IntegratedGradients,GraphSAGE,TAGCN,0.972619934891015
1:10,class_weighting,42,IntegratedGradients,GAT,TAGCN,0.9649429372135365
1:10,class_weighting,42,ExpectedGradients,GCN,GraphSAGE,0.7265942898151018
1:10,class_weighting,42,ExpectedGradients,GCN,GAT,0.754578243218118
1:10,class_weighting,42,ExpectedGradients,GCN,TAGCN,0.7047033003559399
1:10,class_weighting,42,ExpectedGradients,GraphSAGE,GAT,0.7520016239070785
1:10,class_weighting,42,ExpectedGradients,GraphSAGE,TAGCN,0.7741291656666943
1:10,class_weighting,42,ExpectedGradients,GAT,TAGCN,0.7353724619531357
1:10,class_weighting,43,GNNExplainer,GCN,GraphSAGE,0.9223103287675732
1:10,class_weighting,43,GNNExplainer,GCN,GAT,0.9066509368053614
1:10,class_weighting,43,GNNExplainer,GCN,TAGCN,0.8528442847682312
1:10,class_weighting,43,GNNExplainer,GraphSAGE,GAT,0.934080963962253
1:10,class_weighting,43,GNNExplainer,GraphSAGE,TAGCN,0.8876136376252652
1:10,class_weighting,43,GNNExplainer,GAT,TAGCN,0.8788744647219912
1:10,class_weighting,43,ShapleyFeatures,GCN,GraphSAGE,0.9174020063594055
1:10,class_weighting,43,ShapleyFeatures,GCN,GAT,0.9143655830418503
1:10,class_weighting,43,ShapleyFeatures,GCN,TAGCN,0.9044883627809189
1:10,class_weighting,43,ShapleyFeatures,GraphSAGE,GAT,0.9410240395162389
1:10,class_weighting,43,ShapleyFeatures,GraphSAGE,TAGCN,0.9099774355731783
1:10,class_weighting,43,ShapleyFeatures,GAT,TAGCN,0.9027027499543427
1:10,class_weighting,43,IntegratedGradients,GCN,GraphSAGE,0.966098141557503
1:10,class_weighting,43,IntegratedGradients,GCN,GAT,0.9668619264165781
1:10,class_weighting,43,IntegratedGradients,GCN,TAGCN,0.964613851301007
1:10,class_weighting,43,IntegratedGradients,GraphSAGE,GAT,0.9681793088915043
1:10,class_weighting,43,IntegratedGradients,GraphSAGE,TAGCN,0.9725507949478907
1:10,class_weighting,43,IntegratedGradients,GAT,TAGCN,0.9704197793283131
1:10,class_weighting,43,ExpectedGradients,GCN,GraphSAGE,0.738529690303155
1:10,class_weighting,43,ExpectedGradients,GCN,GAT,0.7325034820832156
1:10,class_weighting,43,ExpectedGradients,GCN,TAGCN,0.7014034436748736
1:10,class_weighting,43,ExpectedGradients,GraphSAGE,GAT,0.7278333351695643
1:10,class_weighting,43,ExpectedGradients,GraphSAGE,TAGCN,0.7859194373234556
1:10,class_weighting,43,ExpectedGradients,GAT,TAGCN,0.7239081366958494
1:10,class_weighting,44,GNNExplainer,GCN,GraphSAGE,0.9042602282313719
1:10,class_weighting,44,GNNExplainer,GCN,GAT,0.8885520731746446
1:10,class_weighting,44,GNNExplainer,GCN,TAGCN,0.8208621472281759
1:10,class_weighting,44,GNNExplainer,GraphSAGE,GAT,0.9208751809597809
1:10,class_weighting,44,GNNExplainer,GraphSAGE,TAGCN,0.834295235198115
1:10,class_weighting,44,GNNExplainer,GAT,TAGCN,0.8297928131860864
1:10,class_weighting,44,ShapleyFeatures,GCN,GraphSAGE,0.9088968403507041
1:10,class_weighting,44,ShapleyFeatures,GCN,GAT,0.9025226414651144
1:10,class_weighting,44,ShapleyFeatures,GCN,TAGCN,0.9008886057754482
1:10,class_weighting,44,ShapleyFeatures,GraphSAGE,GAT,0.9396931941490893
1:10,class_weighting,44,ShapleyFeatures,GraphSAGE,TAGCN,0.8874289649607882
1:10,class_weighting,44,ShapleyFeatures,GAT,TAGCN,0.8830083818181593
1:10,class_weighting,44,IntegratedGradients,GCN,GraphSAGE,0.9589488834285783
1:10,class_weighting,44,IntegratedGradients,GCN,GAT,0.9492773640325065
1:10,class_weighting,44,IntegratedGradients,GCN,TAGCN,0.956517501344575
1:10,class_weighting,44,IntegratedGradients,GraphSAGE,GAT,0.9615045735580533
1:10,class_weighting,44,IntegratedGradients,GraphSAGE,TAGCN,0.9557663209387571
1:10,class_weighting,44,IntegratedGradients,GAT,TAGCN,0.950956583506046
1:10,class_weighting,44,ExpectedGradients,GCN,GraphSAGE,0.6849786803626556
1:10,class_weighting,44,ExpectedGradients,GCN,GAT,0.6697282908341886
1:10,class_weighting,44,ExpectedGradients,GCN,TAGCN,0.7393414518558572
1:10,class_weighting,44,ExpectedGradients,GraphSAGE,GAT,0.7232990445722968
1:10,class_weighting,44,ExpectedGradients,GraphSAGE,TAGCN,0.6717682447839448
1:10,class_weighting,44,ExpectedGradients,GAT,TAGCN,0.6946498813176721
1:10,focal_loss,42,GNNExplainer,GCN,GraphSAGE,0.877279036687097
1:10,focal_loss,42,GNNExplainer,GCN,GAT,0.89497168362584
1:10,focal_loss,42,GNNExplainer,GCN,TAGCN,0.8077684613793051
1:10,focal_loss,42,GNNExplainer,GraphSAGE,GAT,0.9092458920331455
1:10,focal_loss,42,GNNExplainer,GraphSAGE,TAGCN,0.8238270872100826
1:10,focal_loss,42,GNNExplainer,GAT,TAGCN,0.8200097842400705
1:10,focal_loss,42,ShapleyFeatures,GCN,GraphSAGE,0.9170108746174824
1:10,focal_loss,42,ShapleyFeatures,GCN,GAT,0.9127668776798705
1:10,focal_loss,42,ShapleyFeatures,GCN,TAGCN,0.9018322679756148
1:10,focal_loss,42,ShapleyFeatures,GraphSAGE,GAT,0.9323146031630359
1:10,focal_loss,42,ShapleyFeatures,GraphSAGE,TAGCN,0.8943870181755923
1:10,focal_loss,42,ShapleyFeatures,GAT,TAGCN,0.8901457529045933
1:10,focal_loss,42,IntegratedGradients,GCN,GraphSAGE,0.9624360241138864
1:10,focal_loss,42,IntegratedGradients,GCN,GAT,0.9566503609370373
1:10,focal_loss,42,IntegratedGradients,GCN,TAGCN,0.9625651708974248
1:10,focal_loss,42,IntegratedGradients,GraphSAGE,GAT,0.960953809380033
1:10,focal_loss,42,IntegratedGradients,GraphSAGE,TAGCN,0.9679948649081533
1:10,focal_loss,42,IntegratedGradients,GAT,TAGCN,0.96044159761331
1:10,focal_loss,42,ExpectedGradients,GCN,GraphSAGE,0.7095624391949872
1:10,focal_loss,42,ExpectedGradients,GCN,GAT,0.7131358430016519
1:10,focal_loss,42,ExpectedGradients,GCN,TAGCN,0.688586528709206
1:10,focal_loss,42,ExpectedGradients,GraphSAGE,GAT,0.6953388464593395
1:10,focal_loss,42,ExpectedGradients,GraphSAGE,TAGCN,0.7007475968896983
1:10,focal_loss,42,ExpectedGradients,GAT,TAGCN,0.7198468753843972
1:10,focal_loss,43,GNNExplainer,GCN,GraphSAGE,0.9100589926131042
1:10,focal_loss,43,GNNExplainer,GCN,GAT,0.8999063681940921
1:10,focal_loss,43,GNNExplainer,GCN,TAGCN,0.8173609107822469
1:10,focal_loss,43,GNNExplainer,GraphSAGE,GAT,0.9065439738107968
1:10,focal_loss,43,GNNExplainer,GraphSAGE,TAGCN,0.8426541161424077
1:10,focal_loss,43,GNNExplainer,GAT,TAGCN,0.8179182141396371
1:10,focal_loss,43,ShapleyFeatures,GCN,GraphSAGE,0.9143852354197022
1:10,focal_loss,43,ShapleyFeatures,GCN,GAT,0.9115625838932796
1:10,focal_loss,43,ShapleyFeatures,GCN,TAGCN,0.9125441872821288
1:10,focal_loss,43,ShapleyFeatures,GraphSAGE,GAT,0.9358203080041103
1:10,focal_loss,43,ShapleyFeatures,GraphSAGE,TAGCN,0.9049355415061884
1:10,focal_loss,43,ShapleyFeatures,GAT,TAGCN,0.897372606867139
1:10,focal_loss,43,IntegratedGradients,GCN,GraphSAGE,0.9634092729144863
1:10,focal_loss,43,IntegratedGradients,GCN,GAT,0.9630675458576717
1:10,focal_loss,43,IntegratedGradients,GCN,TAGCN,0.9614953753077117
1:10,focal_loss,43,IntegratedGradients,GraphSAGE,GAT,0.9636636959721129
1:10,focal_loss,43,IntegratedGradients,GraphSAGE,TAGCN,0.9662106031711233
1:10,focal_loss,43,IntegratedGradients,GAT,TAGCN,0.9636687373337979
1:10,focal_loss,43,ExpectedGradients,GCN,GraphSAGE,0.737135902066595
1:10,focal_loss,43,ExpectedGradients,GCN,GAT,0.7457064141526405
1:10,focal_loss,43,ExpectedGradients,GCN,TAGCN,0.7305824259450697
1:10,focal_loss,43,ExpectedGradients,GraphSAGE,GAT,0.7021606650457938
1:10,focal_loss,43,ExpectedGradients,GraphSAGE,TAGCN,0.7534034175490827
1:10,focal_loss,43,ExpectedGradients,GAT,TAGCN,0.7311934549080018
1:10,focal_loss,44,GNNExplainer,GCN,GraphSAGE,0.8862756390544299
1:10,focal_loss,44,GNNExplainer,GCN,GAT,0.8851327235423245
1:10,focal_loss,44,GNNExplainer,GCN,TAGCN,0.8192403145370661
1:10,focal_loss,44,GNNExplainer,GraphSAGE,GAT,0.9049993690186943
1:10,focal_loss,44,GNNExplainer,GraphSAGE,TAGCN,0.8334898462050134
1:10,focal_loss,44,GNNExplainer,GAT,TAGCN,0.8315068948930666
1:10,focal_loss,44,ShapleyFeatures,GCN,GraphSAGE,0.9017104922400839
1:10,focal_loss,44,ShapleyFeatures,GCN,GAT,0.9095103497467418
1:10,focal_loss,44,ShapleyFeatures,GCN,TAGCN,0.8975951232186573
1:10,focal_loss,44,ShapleyFeatures,GraphSAGE,GAT,0.932341691896351
1:10,focal_loss,44,ShapleyFeatures,GraphSAGE,TAGCN,0.9079131772650947
1:10,focal_loss,44,ShapleyFeatures,GAT,TAGCN,0.8912031581773084
1:10,focal_loss,44,IntegratedGradients,GCN,GraphSAGE,0.9542916368311971
1:10,focal_loss,44,IntegratedGradients,GCN,GAT,0.9577850763337117
1:10,focal_loss,44,IntegratedGradients,GCN,TAGCN,0.9532948352272155
1:10,focal_loss,44,IntegratedGradients,GraphSAGE,GAT,0.9612272260171608
1:10,focal_loss,44,IntegratedGradients,GraphSAGE,TAGCN,0.9707182669299314
1:10,focal_loss,44,IntegratedGradients,GAT,TAGCN,0.9592514771693016
1:10,focal_loss,44,ExpectedGradients,GCN,GraphSAGE,0.6870795181029768
1:10,focal_loss,44,ExpectedGradients,GCN,GAT,0.7070854487113162
1:10,focal_loss,44,ExpectedGradients,GCN,TAGCN,0.7318878558178896
1:10,focal_loss,44,ExpectedGradients,GraphSAGE,GAT,0.7231119211187556
1:10,focal_loss,44,ExpectedGradients,GraphSAGE,TAGCN,0.8055147643102455
1:10,focal_loss,44,ExpectedGradients,GAT,TAGCN,0.7359185771858677
1:10_os,none,42,GNNExplainer,GCN,GraphSAGE,0.8826855326450409
1:10_os,none,42,GNNExplainer,GCN,GAT,0.8758247552736133
1:10_os,none,42,GNNExplainer,GCN,TAGCN,0.804328665835696
1:10_os,none,42,GNNExplainer,GraphSAGE,GAT,0.9095751466265704
1:10_os,none,42,GNNExplainer,GraphSAGE,TAGCN,0.8620753452321891
1:10_os,none,42,GNNExplainer,GAT,TAGCN,0.8688718411568732
1:10_os,none,42,ShapleyFeatures,GCN,GraphSAGE,0.9145886993633938
1:10_os,none,42,ShapleyFeatures,GCN,GAT,0.9087463701666634
1:10_os,none,42,ShapleyFeatures,GCN,TAGCN,0.9050068334807613
1:10_os,none,42,ShapleyFeatures,GraphSAGE,GAT,0.9360437054884124
1:10_os,none,42,ShapleyFeatures,GraphSAGE,TAGCN,0.911052122358027
1:10_os,none,42,ShapleyFeatures,GAT,TAGCN,0.9032708931230464
1:10_os,none,42,IntegratedGradients,GCN,GraphSAGE,0.9601759174730837
1:10_os,none,42,IntegratedGradients,GCN,GAT,0.9564506130469118
1:10_os,none,42,IntegratedGradients,GCN,TAGCN,0.9623419030030443
1:10_os,none,42,IntegratedGradients,GraphSAGE,GAT,0.9617454001866121
1:10_os,none,42,IntegratedGradients,GraphSAGE,TAGCN,0.9688606050854757
1:10_os,none,42,IntegratedGradients,GAT,TAGCN,0.9652166289811941
1:10_os,none,42,ExpectedGradients,GCN,GraphSAGE,0.6976804523951786
1:10_os,none,42,ExpectedGradients,GCN,GAT,0.69188081539321
1:10_os,none,42,ExpectedGradients,GCN,TAGCN,0.6576529874914699
1:10_os,none,42,ExpectedGradients,GraphSAGE,GAT,0.7160726198035522
1:10_os,none,42,ExpectedGradients,GraphSAGE,TAGCN,0.7146188678357599
1:10_os,none,42,ExpectedGradients,GAT,TAGCN,0.7296926366667553
1:10_os,none,43,GNNExplainer,GCN,GraphSAGE,0.895002876335443
1:10_os,none,43,GNNExplainer,GCN,GAT,0.8903440968193331
1:10_os,none,43,GNNExplainer,GCN,TAGCN,0.8104670065907603
1:10_os,none,43,GNNExplainer,GraphSAGE,GAT,0.9108821601873083
1:10_os,none,43,GNNExplainer,GraphSAGE,TAGCN,0.8641134520494199
1:10_os,none,43,GNNExplainer,GAT,TAGCN,0.8718303753462044
1:10_os,none,43,ShapleyFeatures,GCN,GraphSAGE,0.9139367705095762
1:10_os,none,43,ShapleyFeatures,GCN,GAT,0.9131946548633931
1:10_os,none,43,ShapleyFeatures,GCN,TAGCN,0.8955804908292216
1:10_os,none,43,ShapleyFeatures,GraphSAGE,GAT,0.9462386127590633
1:10_os,none,43,ShapleyFeatures,GraphSAGE,TAGCN,0.9028664153527513
1:10_os,none,43,ShapleyFeatures,GAT,TAGCN,0.894183470666003
1:10_os,none,43,IntegratedGradients,GCN,GraphSAGE,0.9662589478454405
1:10_os,none,43,IntegratedGradients,GCN,GAT,0.9686914396377359
1:10_os,none,43,IntegratedGradients,GCN,TAGCN,0.9617510836694836
1:10_os,none,43,IntegratedGradients,GraphSAGE,GAT,0.9743827885157175
1:10_os,none,43,IntegratedGradients,GraphSAGE,TAGCN,0.9687921468153319
1:10_os,none,43,IntegratedGradients,GAT,TAGCN,0.9686888203736049
1:10_os,none,43,ExpectedGradients,GCN,GraphSAGE,0.737407082116858
1:10_os,none,43,ExpectedGradients,GCN,GAT,0.7445333773010109
1:10_os,none,43,ExpectedGradients,GCN,TAGCN,0.6952915299746895
1:10_os,none,43,ExpectedGradients,GraphSAGE,GAT,0.7506940445392005
1:10_os,none,43,ExpectedGradients,GraphSAGE,TAGCN,0.7217440673951572
1:10_os,none,43,ExpectedGradients,GAT,TAGCN,0.6978071945295388
1:10_os,none,44,GNNExplainer,GCN,GraphSAGE,0.8989485222305559
1:10_os,none,44,GNNExplainer,GCN,GAT,0.8939852087898132
1:10_os,none,44,GNNExplainer,GCN,TAGCN,0.8320906067333869
1:10_os,none,44,GNNExplainer,GraphSAGE,GAT,0.9243525857850134
1:10_os,none,44,GNNExplainer,GraphSAGE,TAGCN,0.8716602183083461
1:10_os,none,44,GNNExplainer,GAT,TAGCN,0.8708334692071594
1:10_os,none,44,ShapleyFeatures,GCN,GraphSAGE,0.9224592848659308
1:10_os,none,44,ShapleyFeatures,GCN,GAT,0.9169806008259974
1:10_os,none,44,ShapleyFeatures,GCN,TAGCN,0.902352860348372
1:10_os,none,44,ShapleyFeatures,GraphSAGE,GAT,0.9476800849199604
1:10_os,none,44,ShapleyFeatures,GraphSAGE,TAGCN,0.9009172501870374
1:10_os,none,44,ShapleyFeatures,GAT,TAGCN,0.900935158963553
1:10_os,none,44,IntegratedGradients,GCN,GraphSAGE,0.9662524915368887
1:10_os,none,44,IntegratedGradients,GCN,GAT,0.9647588739603127
1:10_os,none,44,IntegratedGradients,GCN,TAGCN,0.9645141618802211
1:10_os,none,44,IntegratedGradients,GraphSAGE,GAT,0.9696644823786745
1:10_os,none,44,IntegratedGradients,GraphSAGE,TAGCN,0.9677617660217542
1:10_os,none,44,IntegratedGradients,GAT,TAGCN,0.969439965227513
1:10_os,none,44,ExpectedGradients,GCN,GraphSAGE,0.7417736362906299
1:10_os,none,44,ExpectedGradients,GCN,GAT,0.7450853236730394
1:10_os,none,44,ExpectedGradients,GCN,TAGCN,0.6966230564195193
1:10_os,none,44,ExpectedGradients,GraphSAGE,GAT,0.7633797676511201
1:10_os,none,44,ExpectedGradients,GraphSAGE,TAGCN,0.7492783775530384
1:10_os,none,44,ExpectedGradients,GAT,TAGCN,0.7143436176971399
1:10_os,class_weighting,42,GNNExplainer,GCN,GraphSAGE,0.9213334443845673
1:10_os,class_weighting,42,GNNExplainer,GCN,GAT,0.9026482785120753
1:10_os,class_weighting,42,GNNExplainer,GCN,TAGCN,0.8403240550190438
1:10_os,class_weighting,42,GNNExplainer,GraphSAGE,GAT,0.9301387923646588
1:10_os,class_weighting,42,GNNExplainer,GraphSAGE,TAGCN,0.8848233794618943
1:10_os,class_weighting,42,GNNExplainer,GAT,TAGCN,0.8892751771460358
1:10_os,class_weighting,42,ShapleyFeatures,GCN,GraphSAGE,0.9206461977839503
1:10_os,class_weighting,42,ShapleyFeatures,GCN,GAT,0.9202642319200444
1:10_os,class_weighting,42,ShapleyFeatures,GCN,TAGCN,0.9080462217272726
1:10_os,class_weighting,42,ShapleyFeatures,GraphSAGE,GAT,0.9453197056154673
1:10_os,class_weighting,42,ShapleyFeatures,GraphSAGE,TAGCN,0.9094567815211865
1:10_os,class_weighting,42,ShapleyFeatures,GAT,TAGCN,0.901395847165672
1:10_os,class_weighting,42,IntegratedGradients,GCN,GraphSAGE,0.9702593179218277
1:10_os,class_weighting,42,IntegratedGradients,GCN,GAT,0.9660443199791111
1:10_os,class_weighting,42,IntegratedGradients,GCN,TAGCN,0.9671620817301
1:10_os,class_weighting,42,IntegratedGradients,GraphSAGE,GAT,0.9709697156518095
1:10_os,class_weighting,42,IntegratedGradients,GraphSAGE,TAGCN,0.9764188569856692
1:10_os,class_weighting,42,IntegratedGradients,GAT,TAGCN,0.9665528091181058
1:10_os,class_weighting,42,ExpectedGradients,GCN,GraphSAGE,0.7354570540726468
1:10_os,class_weighting,42,ExpectedGradients,GCN,GAT,0.7407119935635784
1:10_os,class_weighting,42,ExpectedGradients,GCN,TAGCN,0.6983892751102345
1:10_os,class_weighting,42,ExpectedGradients,GraphSAGE,GAT,0.7162284174704288
1:10_os,class_weighting,42,ExpectedGradients,GraphSAGE,TAGCN,0.7792209948311374
1:10_os,class_weighting,42,ExpectedGradients,GAT,TAGCN,0.727670515627543
1:10_os,class_weighting,43,GNNExplainer,GCN,GraphSAGE,0.9219394025936307
1:10_os,class_weighting,43,GNNExplainer,GCN,GAT,0.8990783324840304
1:10_os,class_weighting,43,GNNExplainer,GCN,TAGCN,0.845592790086505
1:10_os,class_weighting,43,GNNExplainer,GraphSAGE,GAT,0.9316623620252232
1:10_os,class_weighting,43,GNNExplainer,GraphSAGE,TAGCN,0.8843619359886999
1:10_os,class_weighting,43,GNNExplainer,GAT,TAGCN,0.8745238590917253
1:10_os,class_weighting,43,ShapleyFeatures,GCN,GraphSAGE,0.918273924110206
1:10_os,class_weighting,43,ShapleyFeatures,GCN,GAT,0.914591032354801
1:10_os,class_weighting,43,ShapleyFeatures,GCN,TAGCN,0.9037474233627439
1:10_os,class_weighting,43,ShapleyFeatures,GraphSAGE,GAT,0.9437343052040255
1:10_os,class_weighting,43,ShapleyFeatures,GraphSAGE,TAGCN,0.911218799457412
1:10_os,class_weighting,43,ShapleyFeatures,GAT,TAGCN,0.904561244383556
1:10_os,class_weighting,43,IntegratedGradients,GCN,GraphSAGE,0.9670619243743772
1:10_os,class_weighting,43,IntegratedGradients,GCN,GAT,0.9654361378963046
1:10_os,class_weighting,43,IntegratedGradients,GCN,TAGCN,0.9638223840594314
1:10_os,class_weighting,43,IntegratedGradients,GraphSAGE,GAT,0.9708356342731838
1:10_os,class_weighting,43,IntegratedGradients,GraphSAGE,TAGCN,0.9723892584647175
1:10_os,class_weighting,43,IntegratedGradients,GAT,TAGCN,0.970674300242737
1:10_os,class_weighting,43,ExpectedGradients,GCN,GraphSAGE,0.7295979705712837
1:10_os,class_weighting,43,ExpectedGradients,GCN,GAT,0.7190245131262288
1:10_os,class_weighting,43,ExpectedGradients,GCN,TAGCN,0.6847611459104944
1:10_os,class_weighting,43,ExpectedGradients,GraphSAGE,GAT,0.7152720509986147
1:10_os,class_weighting,43,ExpectedGradients,GraphSAGE,TAGCN,0.7701133659890581
1:10_os,class_weighting,43,ExpectedGradients,GAT,TAGCN,0.7101809334376576
1:10_os,class_weighting,44,GNNExplainer,GCN,GraphSAGE,0.902403964322237
1:10_os,class_weighting,44,GNNExplainer,GCN,GAT,0.8887289534890767
1:10_os,class_weighting,44,GNNExplainer,GCN,TAGCN,0.8227159706102349
1:10_os,class_weighting,44,GNNExplainer,GraphSAGE,GAT,0.9324735111646895
1:10_os,class_weighting,44,GNNExplainer,GraphSAGE,TAGCN,0.8368178850537954
1:10_os,class_weighting,44,GNNExplainer,GAT,TAGCN,0.8451912948776225
1:10_os,class_weighting,44,ShapleyFeatures,GCN,GraphSAGE,0.9089506401464192
1:10_os,class_weighting,44,ShapleyFeatures,GCN,GAT,0.8982445268391296
1:10_os,class_weighting,44,ShapleyFeatures,GCN,TAGCN,0.9036143291987313
1:10_os,class_weighting,44,ShapleyFeatures,GraphSAGE,GAT,0.9467347316579529
1:10_os,class_weighting,44,ShapleyFeatures,GraphSAGE,TAGCN,0.88403826628237
1:10_os,class_weighting,44,ShapleyFeatures,GAT,TAGCN,0.879808108641867
1:10_os,class_weighting,44,IntegratedGradients,GCN,GraphSAGE,0.9596304832701553
1:10_os,class_weighting,44,IntegratedGradients,GCN,GAT,0.949173230407514
1:10_os,class_weighting,44,IntegratedGradients,GCN,TAGCN,0.9562587073169084
1:10_os,class_weighting,44,IntegratedGradients,GraphSAGE,GAT,0.9687863981903235
1:10_os,class_weighting,44,IntegratedGradients,GraphSAGE,TAGCN,0.956230428435958
1:10_os,class_weighting,44,IntegratedGradients,GAT,TAGCN,0.9497816082359163
1:10_os,class_weighting,44,ExpectedGradients,GCN,GraphSAGE,0.6847655053422724
1:10_os,class_weighting,44,ExpectedGradients,GCN,GAT,0.6415057905243023
1:10_os,class_weighting,44,ExpectedGradients,GCN,TAGCN,0.7368074991297536
1:10_os,class_weighting,44,ExpectedGradients,GraphSAGE,GAT,0.7507948027072879
1:10_os,class_weighting,44,ExpectedGradients,GraphSAGE,TAGCN,0.6659662983858802
1:10_os,class_weighting,44,ExpectedGradients,GAT,TAGCN,0.6648871524509732
1:10_os,focal_loss,42,GNNExplainer,GCN,GraphSAGE,0.8818899577368484
1:10_os,focal_loss,42,GNNExplainer,GCN,GAT,0.8826658038458313
1:10_os,focal_loss,42,GNNExplainer,GCN,TAGCN,0.8012222627600358
1:10_os,focal_loss,42,GNNExplainer,GraphSAGE,GAT,0.9107701824757459
1:10_os,focal_loss,42,GNNExplainer,GraphSAGE,TAGCN,0.8241405806495199
1:10_os,focal_loss,42,GNNExplainer,GAT,TAGCN,0.8452119763017034
1:10_os,focal_loss,42,ShapleyFeatures,GCN,GraphSAGE,0.9185944250760113
1:10_os,focal_loss,42,ShapleyFeatures,GCN,GAT,0.9152819121803708
1:10_os,focal_loss,42,ShapleyFeatures,GCN,TAGCN,0.8770106964213434
1:10_os,focal_loss,42,ShapleyFeatures,GraphSAGE,GAT,0.9531346966881076
1:10_os,focal_loss,42,ShapleyFeatures,GraphSAGE,TAGCN,0.8775569564797586
1:10_os,focal_loss,42,ShapleyFeatures,GAT,TAGCN,0.8836506423291479
1:10_os,focal_loss,42,IntegratedGradients,GCN,GraphSAGE,0.9595512798150213
1:10_os,focal_loss,42,IntegratedGradients,GCN,GAT,0.9580812732026144
1:10_os,focal_loss,42,IntegratedGradients,GCN,TAGCN,0.9581511418920985
1:10_os,focal_loss,42,IntegratedGradients,GraphSAGE,GAT,0.973238891840219
1:10_os,focal_loss,42,IntegratedGradients,GraphSAGE,TAGCN,0.9672350531353147
1:10_os,focal_loss,42,IntegratedGradients,GAT,TAGCN,0.9682152447903687
1:10_os,focal_loss,42,ExpectedGradients,GCN,GraphSAGE,0.705617123189927
1:10_os,focal_loss,42,ExpectedGradients,GCN,GAT,0.7291599264229879
1:10_os,focal_loss,42,ExpectedGradients,GCN,TAGCN,0.6880876772119142
1:10_os,focal_loss,42,ExpectedGradients,GraphSAGE,GAT,0.7978389493758525
1:10_os,focal_loss,42,ExpectedGradients,GraphSAGE,TAGCN,0.7178802239520972
1:10_os,focal_loss,42,ExpectedGradients,GAT,TAGCN,0.7462400774074175
1:10_os,focal_loss,43,GNNExplainer,GCN,GraphSAGE,0.8959454639698828
1:10_os,focal_loss,43,GNNExplainer,GCN,GAT,0.893102122361261
1:10_os,focal_loss,43,GNNExplainer,GCN,TAGCN,0.8045496538730866
1:10_os,focal_loss,43,GNNExplainer,GraphSAGE,GAT,0.9028054734906712
1:10_os,focal_loss,43,GNNExplainer,GraphSAGE,TAGCN,0.824677110678133
1:10_os,focal_loss,43,GNNExplainer,GAT,TAGCN,0.8288694644295821
1:10_os,focal_loss,43,ShapleyFeatures,GCN,GraphSAGE,0.9032367797547742
1:10_os,focal_loss,43,ShapleyFeatures,GCN,GAT,0.9087322926932314
1:10_os,focal_loss,43,ShapleyFeatures,GCN,TAGCN,0.8989211399642815
1:10_os,focal_loss,43,ShapleyFeatures,GraphSAGE,GAT,0.9415112180924752
1:10_os,focal_loss,43,ShapleyFeatures,GraphSAGE,TAGCN,0.9010215045296507
1:10_os,focal_loss,43,ShapleyFeatures,GAT,TAGCN,0.9052959665252802
1:10_os,focal_loss,43,IntegratedGradients,GCN,GraphSAGE,0.9643277297258006
1:10_os,focal_loss,43,IntegratedGradients,GCN,GAT,0.9619013805067602
1:10_os,focal_loss,43,IntegratedGradients,GCN,TAGCN,0.9575194544997369
1:10_os,focal_loss,43,IntegratedGradients,GraphSAGE,GAT,0.9674290003817746
1:10_os,focal_loss,43,IntegratedGradients,GraphSAGE,TAGCN,0.9684617287513042
1:10_os,focal_loss,43,IntegratedGradients,GAT,TAGCN,0.9676950750212534
1:10_os,focal_loss,43,ExpectedGradients,GCN,GraphSAGE,0.7261218797640413
1:10_os,focal_loss,43,ExpectedGradients,GCN,GAT,0.7046999352919887
1:10_os,focal_loss,43,ExpectedGradients,GCN,TAGCN,0.7111011194495208
1:10_os,focal_loss,43,ExpectedGradients,GraphSAGE,GAT,0.7235485913094925
1:10_os,focal_loss,43,ExpectedGradients,GraphSAGE,TAGCN,0.7492204808311853
1:10_os,focal_loss,43,ExpectedGradients,GAT,TAGCN,0.7551354871535161
1:10_os,focal_loss,44,GNNExplainer,GCN,GraphSAGE,0.8832502847233634
1:10_os,focal_loss,44,GNNExplainer,GCN,GAT,0.9012251445934447
1:10_os,focal_loss,44,GNNExplainer,GCN,TAGCN,0.8115507747394565
1:10_os,focal_loss,44,GNNExplainer,GraphSAGE,GAT,0.8878684905625644
1:10_os,focal_loss,44,GNNExplainer,GraphSAGE,TAGCN,0.8183293060456357
1:10_os,focal_loss,44,GNNExplainer,GAT,TAGCN,0.8256012625520802
1:10_os,focal_loss,44,ShapleyFeatures,GCN,GraphSAGE,0.9031125576835746
1:10_os,focal_loss,44,ShapleyFeatures,GCN,GAT,0.9102816725676844
1:10_os,focal_loss,44,ShapleyFeatures,GCN,TAGCN,0.9040940088857985
1:10_os,focal_loss,44,ShapleyFeatures,GraphSAGE,GAT,0.9351999260198844
1:10_os,focal_loss,44,ShapleyFeatures,GraphSAGE,TAGCN,0.9059212234621487
1:10_os,focal_loss,44,ShapleyFeatures,GAT,TAGCN,0.9057739005531316
1:10_os,focal_loss,44,IntegratedGradients,GCN,GraphSAGE,0.9552206683754686
1:10_os,focal_loss,44,IntegratedGradients,GCN,GAT,0.9548484962680054
1:10_os,focal_loss,44,IntegratedGradients,GCN,TAGCN,0.9528750883384056
1:10_os,focal_loss,44,IntegratedGradients,GraphSAGE,GAT,0.9648549760469722
1:10_os,focal_loss,44,IntegratedGradients,GraphSAGE,TAGCN,0.971218837828221
1:10_os,focal_loss,44,IntegratedGradients,GAT,TAGCN,0.9667569340884723
1:10_os,focal_loss,44,ExpectedGradients,GCN,GraphSAGE,0.6751331482983164
1:10_os,focal_loss,44,ExpectedGradients,GCN,GAT,0.7093483963770006
1:10_os,focal_loss,44,ExpectedGradients,GCN,TAGCN,0.7537969028542778
1:10_os,focal_loss,44,ExpectedGradients,GraphSAGE,GAT,0.7511187157758171
1:10_os,focal_loss,44,ExpectedGradients,GraphSAGE,TAGCN,0.7579734750766737
1:10_os,focal_loss,44,ExpectedGradients,GAT,TAGCN,0.7549072395967019
1:20,none,42,GNNExplainer,GCN,GraphSAGE,0.8945024468164774
1:20,none,42,GNNExplainer,GCN,GAT,0.883517396655654
1:20,none,42,GNNExplainer,GCN,TAGCN,0.8008966325504773
1:20,none,42,GNNExplainer,GraphSAGE,GAT,0.9096527694935042
1:20,none,42,GNNExplainer,GraphSAGE,TAGCN,0.8643173902485022
1:20,none,42,GNNExplainer,GAT,TAGCN,0.8673976409756198
1:20,none,42,ShapleyFeatures,GCN,GraphSAGE,0.9105909602982573
1:20,none,42,ShapleyFeatures,GCN,GAT,0.9084992835134386
1:20,none,42,ShapleyFeatures,GCN,TAGCN,0.8965958591841892
1:20,none,42,ShapleyFeatures,GraphSAGE,GAT,0.9272408540926355
1:20,none,42,ShapleyFeatures,GraphSAGE,TAGCN,0.8894618144056327
1:20,none,42,ShapleyFeatures,GAT,TAGCN,0.903707906328755
1:20,none,42,IntegratedGradients,GCN,GraphSAGE,0.9627428909147678
1:20,none,42,IntegratedGradients,GCN,GAT,0.9609631472302986
1:20,none,42,IntegratedGradients,GCN,TAGCN,0.963360659801127
1:20,none,42,IntegratedGradients,GraphSAGE,GAT,0.9646990894240112
1:20,none,42,IntegratedGradients,GraphSAGE,TAGCN,0.9642780881198824
1:20,none,42,IntegratedGradients,GAT,TAGCN,0.9729376875983206
1:20,none,42,ExpectedGradients,GCN,GraphSAGE,0.749827585635715
1:20,none,42,ExpectedGradients,GCN,GAT,0.7096606819697306
1:20,none,42,ExpectedGradients,GCN,TAGCN,0.6715427380807515
1:20,none,42,ExpectedGradients,GraphSAGE,GAT,0.6998372270899125
1:20,none,42,ExpectedGradients,GraphSAGE,TAGCN,0.7104958234394245
1:20,none,42,ExpectedGradients,GAT,TAGCN,0.7805606578297037
1:20,none,43,GNNExplainer,GCN,GraphSAGE,0.8899798896012704
1:20,none,43,GNNExplainer,GCN,GAT,0.8831752644468821
1:20,none,43,GNNExplainer,GCN,TAGCN,0.8105765930557409
1:20,none,43,GNNExplainer,GraphSAGE,GAT,0.8945373187470774
1:20,none,43,GNNExplainer,GraphSAGE,TAGCN,0.855816351255306
1:20,none,43,GNNExplainer,GAT,TAGCN,0.8709945060350677
1:20,none,43,ShapleyFeatures,GCN,GraphSAGE,0.91715242502301
1:20,none,43,ShapleyFeatures,GCN,GAT,0.9133921823661183
1:20,none,43,ShapleyFeatures,GCN,TAGCN,0.894439745248418
1:20,none,43,ShapleyFeatures,GraphSAGE,GAT,0.9466913753378975
1:20,none,43,ShapleyFeatures,GraphSAGE,TAGCN,0.8903541003655425
1:20,none,43,ShapleyFeatures,GAT,TAGCN,0.8933214701589294
1:20,none,43,IntegratedGradients,GCN,GraphSAGE,0.9581322096132966
1:20,none,43,IntegratedGradients,GCN,GAT,0.967988781123185
1:20,none,43,IntegratedGradients,GCN,TAGCN,0.9617058447639887
1:20,none,43,IntegratedGradients,GraphSAGE,GAT,0.9673462202166835
1:20,none,43,IntegratedGradients,GraphSAGE,TAGCN,0.959085533158007
1:20,none,43,IntegratedGradients,GAT,TAGCN,0.9697526348889386
1:20,none,43,ExpectedGradients,GCN,GraphSAGE,0.732973612882657
1:20,none,43,ExpectedGradients,GCN,GAT,0.7527904264952291
1:20,none,43,ExpectedGradients,GCN,TAGCN,0.6783714963705205
1:20,none,43,ExpectedGradients,GraphSAGE,GAT,0.7667969634022876
1:20,none,43,ExpectedGradients,GraphSAGE,TAGCN,0.6483634036648843
1:20,none,43,ExpectedGradients,GAT,TAGCN,0.695242014502203
1:20,none,44,GNNExplainer,GCN,GraphSAGE,0.8964363933446076
1:20,none,44,GNNExplainer,GCN,GAT,0.9007904588432146
1:20,none,44,GNNExplainer,GCN,TAGCN,0.8339220260583403
1:20,none,44,GNNExplainer,GraphSAGE,GAT,0.9130851126634106
1:20,none,44,GNNExplainer,GraphSAGE,TAGCN,0.8659830400055996
1:20,none,44,GNNExplainer,GAT,TAGCN,0.8579989056552583
1:20,none,44,ShapleyFeatures,GCN,GraphSAGE,0.9200123943123757
1:20,none,44,ShapleyFeatures,GCN,GAT,0.915635265845428
1:20,none,44,ShapleyFeatures,GCN,TAGCN,0.9007343056313263
1:20,none,44,ShapleyFeatures,GraphSAGE,GAT,0.941628291143146
1:20,none,44,ShapleyFeatures,GraphSAGE,TAGCN,0.8993548379091643
1:20,none,44,ShapleyFeatures,GAT,TAGCN,0.9031191819396303
1:20,none,44,IntegratedGradients,GCN,GraphSAGE,0.9661079560728125
1:20,none,44,IntegratedGradients,GCN,GAT,0.9639645460310329
1:20,none,44,IntegratedGradients,GCN,TAGCN,0.9657052174389062
1:20,none,44,IntegratedGradients,GraphSAGE,GAT,0.9670139886515555
1:20,none,44,IntegratedGradients,GraphSAGE,TAGCN,0.9635534874281945
1:20,none,44,IntegratedGradients,GAT,TAGCN,0.966800745167363
1:20,none,44,ExpectedGradients,GCN,GraphSAGE,0.7391324860409344
1:20,none,44,ExpectedGradients,GCN,GAT,0.7381097650171273
1:20,none,44,ExpectedGradients,GCN,TAGCN,0.7156749289834082
1:20,none,44,ExpectedGradients,GraphSAGE,GAT,0.7187440229022463
1:20,none,44,ExpectedGradients,GraphSAGE,TAGCN,0.6939418022811299
1:20,none,44,ExpectedGradients,GAT,TAGCN,0.74586490495362
1:20,class_weighting,42,GNNExplainer,GCN,GraphSAGE,0.9222185673510703
1:20,class_weighting,42,GNNExplainer,GCN,GAT,0.9144247770152645
1:20,class_weighting,42,GNNExplainer,GCN,TAGCN,0.8425703726753088
1:20,class_weighting,42,GNNExplainer,GraphSAGE,GAT,0.935917572853705
1:20,class_weighting,42,GNNExplainer,GraphSAGE,TAGCN,0.8900483522880107
1:20,class_weighting,42,GNNExplainer,GAT,TAGCN,0.8878840080614955
1:20,class_weighting,42,ShapleyFeatures,GCN,GraphSAGE,0.9211855494098965
1:20,class_weighting,42,ShapleyFeatures,GCN,GAT,0.9233758384068961
1:20,class_weighting,42,ShapleyFeatures,GCN,TAGCN,0.9091060720418356
1:20,class_weighting,42,ShapleyFeatures,GraphSAGE,GAT,0.9505932517989445
1:20,class_weighting,42,ShapleyFeatures,GraphSAGE,TAGCN,0.9104381549752817
1:20,class_weighting,42,ShapleyFeatures,GAT,TAGCN,0.9010074196776138
1:20,class_weighting,42,IntegratedGradients,GCN,GraphSAGE,0.9664011201849405
1:20,class_weighting,42,IntegratedGradients,GCN,GAT,0.9673368976616875
1:20,class_weighting,42,IntegratedGradients,GCN,TAGCN,0.9625681737680295
1:20,class_weighting,42,IntegratedGradients,GraphSAGE,GAT,0.9720430126163351
1:20,class_weighting,42,IntegratedGradients,GraphSAGE,TAGCN,0.9704738836316872
1:20,class_weighting,42,IntegratedGradients,GAT,TAGCN,0.9652468285381794
1:20,class_weighting,42,ExpectedGradients,GCN,GraphSAGE,0.7301166532634619
1:20,class_weighting,42,ExpectedGradients,GCN,GAT,0.7543209140688067
1:20,class_weighting,42,ExpectedGradients,GCN,TAGCN,0.6959296431791492
1:20,class_weighting,42,ExpectedGradients,GraphSAGE,GAT,0.7552440537649682
1:20,class_weighting,42,ExpectedGradients,GraphSAGE,TAGCN,0.7880530675309032
1:20,class_weighting,42,ExpectedGradients,GAT,TAGCN,0.7246176325959854
1:20,class_weighting,43,GNNExplainer,GCN,GraphSAGE,0.9261508191084563
1:20,class_weighting,43,GNNExplainer,GCN,GAT,0.9043837874049055
1:20,class_weighting,43,GNNExplainer,GCN,TAGCN,0.8491022967680463
1:20,class_weighting,43,GNNExplainer,GraphSAGE,GAT,0.934570060418656
1:20,class_weighting,43,GNNExplainer,GraphSAGE,TAGCN,0.8856995705380427
1:20,class_weighting,43,GNNExplainer,GAT,TAGCN,0.8744458720701448
1:20,class_weighting,43,ShapleyFeatures,GCN,GraphSAGE,0.9224529313488508
1:20,class_weighting,43,ShapleyFeatures,GCN,GAT,0.9163184873178859
1:20,class_weighting,43,ShapleyFeatures,GCN,TAGCN,0.9049691652232676
1:20,class_weighting,43,ShapleyFeatures,GraphSAGE,GAT,0.9410723357561779
1:20,class_weighting,43,ShapleyFeatures,GraphSAGE,TAGCN,0.911201835197944
1:20,class_weighting,43,ShapleyFeatures,GAT,TAGCN,0.9000898224362339
1:20,class_weighting,43,IntegratedGradients,GCN,GraphSAGE,0.967995475689078
1:20,class_weighting,43,IntegratedGradients,GCN,GAT,0.9670582994441013
1:20,class_weighting,43,IntegratedGradients,GCN,TAGCN,0.9656814325413087
1:20,class_weighting,43,IntegratedGradients,GraphSAGE,GAT,0.9685360962532464
1:20,class_weighting,43,IntegratedGradients,GraphSAGE,TAGCN,0.9727633690807012
1:20,class_weighting,43,IntegratedGradients,GAT,TAGCN,0.9709015476621118
1:20,class_weighting,43,ExpectedGradients,GCN,GraphSAGE,0.746516985970804
1:20,class_weighting,43,ExpectedGradients,GCN,GAT,0.7388653738610114
1:20,class_weighting,43,ExpectedGradients,GCN,TAGCN,0.7072614643184586
1:20,class_weighting,43,ExpectedGradients,GraphSAGE,GAT,0.7272728079157189
1:20,class_weighting,43,ExpectedGradients,GraphSAGE,TAGCN,0.7781817696009055
1:20,class_weighting,43,ExpectedGradients,GAT,TAGCN,0.7260020654508665
1:20,class_weighting,44,GNNExplainer,GCN,GraphSAGE,0.9016391173862062
1:20,class_weighting,44,GNNExplainer,GCN,GAT,0.8897044850683794
1:20,class_weighting,44,GNNExplainer,GCN,TAGCN,0.8209915305505996
1:20,class_weighting,44,GNNExplainer,GraphSAGE,GAT,0.919712437015739
1:20,class_weighting,44,GNNExplainer,GraphSAGE,TAGCN,0.8306738973282901
1:20,class_weighting,44,GNNExplainer,GAT,TAGCN,0.8294519512089458
1:20,class_weighting,44,ShapleyFeatures,GCN,GraphSAGE,0.9066821296389451
1:20,class_weighting,44,ShapleyFeatures,GCN,GAT,0.9017573555322443
1:20,class_weighting,44,ShapleyFeatures,GCN,TAGCN,0.9018596033496359
1:20,class_weighting,44,ShapleyFeatures,GraphSAGE,GAT,0.9375251687671639
1:20,class_weighting,44,ShapleyFeatures,GraphSAGE,TAGCN,0.8845989739939959
1:20,class_weighting,44,ShapleyFeatures,GAT,TAGCN,0.8817959440971959
1:20,class_weighting,44,IntegratedGradients,GCN,GraphSAGE,0.9587352676355896
1:20,class_weighting,44,IntegratedGradients,GCN,GAT,0.9495750737086424
1:20,class_weighting,44,IntegratedGradients,GCN,TAGCN,0.9572942282139035
1:20,class_weighting,44,IntegratedGradients,GraphSAGE,GAT,0.9617392301036648
1:20,class_weighting,44,IntegratedGradients,GraphSAGE,TAGCN,0.9563170136233071
1:20,class_weighting,44,IntegratedGradients,GAT,TAGCN,0.950227900038959
1:20,class_weighting,44,ExpectedGradients,GCN,GraphSAGE,0.6750599257591217
1:20,class_weighting,44,ExpectedGradients,GCN,GAT,0.6732188634622178
1:20,class_weighting,44,ExpectedGradients,GCN,TAGCN,0.7394533154275824
1:20,class_weighting,44,ExpectedGradients,GraphSAGE,GAT,0.714268288224845
1:20,class_weighting,44,ExpectedGradients,GraphSAGE,TAGCN,0.6565325778200592
1:20,class_weighting,44,ExpectedGradients,GAT,TAGCN,0.6952962995522196
1:20,focal_loss,42,GNNExplainer,GCN,GraphSAGE,0.901149582863858
1:20,focal_loss,42,GNNExplainer,GCN,GAT,0.8895270007205027
1:20,focal_loss,42,GNNExplainer,GCN,TAGCN,0.8311822902489021
1:20,focal_loss,42,GNNExplainer,GraphSAGE,GAT,0.9093785058355067
1:20,focal_loss,42,GNNExplainer,GraphSAGE,TAGCN,0.853852230765369
1:20,focal_loss,42,GNNExplainer,GAT,TAGCN,0.842222665762586
1:20,focal_loss,42,ShapleyFeatures,GCN,GraphSAGE,0.9170657086680315
1:20,focal_loss,42,ShapleyFeatures,GCN,GAT,0.9166807845758056
1:20,focal_loss,42,ShapleyFeatures,GCN,TAGCN,0.9097999479568282
1:20,focal_loss,42,ShapleyFeatures,GraphSAGE,GAT,0.9427289014586838
1:20,focal_loss,42,ShapleyFeatures,GraphSAGE,TAGCN,0.9193363025890041
1:20,focal_loss,42,ShapleyFeatures,GAT,TAGCN,0.902772376553838
1:20,focal_loss,42,IntegratedGradients,GCN,GraphSAGE,0.9613141736165383
1:20,focal_loss,42,IntegratedGradients,GCN,GAT,0.9599488427915266
1:20,focal_loss,42,IntegratedGradients,GCN,TAGCN,0.9561718504559877
1:20,focal_loss,42,IntegratedGradients,GraphSAGE,GAT,0.9647032193778053
1:20,focal_loss,42,IntegratedGradients,GraphSAGE,TAGCN,0.9715933547562817
1:20,focal_loss,42,IntegratedGradients,GAT,TAGCN,0.9626827611732847
1:20,focal_loss,42,ExpectedGradients,GCN,GraphSAGE,0.7396600824330687
1:20,focal_loss,42,ExpectedGradients,GCN,GAT,0.7260998857580606
1:20,focal_loss,42,ExpectedGradients,GCN,TAGCN,0.7327058583521942
1:20,focal_loss,42,ExpectedGradients,GraphSAGE,GAT,0.7690786870918895
1:20,focal_loss,42,ExpectedGradients,GraphSAGE,TAGCN,0.8045086491596126
1:20,focal_loss,42,ExpectedGradients,GAT,TAGCN,0.751971041045724
1:20,focal_loss,43,GNNExplainer,GCN,GraphSAGE,0.8994472300276314
1:20,focal_loss,43,GNNExplainer,GCN,GAT,0.8960830911111536
1:20,focal_loss,43,GNNExplainer,GCN,TAGCN,0.8255876112568962
1:20,focal_loss,43,GNNExplainer,GraphSAGE,GAT,0.9160280612654375
1:20,focal_loss,43,GNNExplainer,GraphSAGE,TAGCN,0.8516925514678023
1:20,focal_loss,43,GNNExplainer,GAT,TAGCN,0.8490963010199615
1:20,focal_loss,43,ShapleyFeatures,GCN,GraphSAGE,0.91202681923493
1:20,focal_loss,43,ShapleyFeatures,GCN,GAT,0.9105708036741653
1:20,focal_loss,43,ShapleyFeatures,GCN,TAGCN,0.900480752035003
1:20,focal_loss,43,ShapleyFeatures,GraphSAGE,GAT,0.9371525739148892
1:20,focal_loss,43,ShapleyFeatures,GraphSAGE,TAGCN,0.9088693771368089
1:20,focal_loss,43,ShapleyFeatures,GAT,TAGCN,0.8937429727494568
1:20,focal_loss,43,IntegratedGradients,GCN,GraphSAGE,0.9639673584313039
1:20,focal_loss,43,IntegratedGradients,GCN,GAT,0.9632815262464143
1:20,focal_loss,43,IntegratedGradients,GCN,TAGCN,0.9568589543834629
1:20,focal_loss,43,IntegratedGradients,GraphSAGE,GAT,0.9676026699188646
1:20,focal_loss,43,IntegratedGradients,GraphSAGE,TAGCN,0.9708571658910942
1:20,focal_loss,43,IntegratedGradients,GAT,TAGCN,0.9619406955964375
1:20,focal_loss,43,ExpectedGradients,GCN,GraphSAGE,0.7583450052749221
1:20,focal_loss,43,ExpectedGradients,GCN,GAT,0.7427262593917703
1:20,focal_loss,43,ExpectedGradients,GCN,TAGCN,0.7618899128238307
1:20,focal_loss,43,ExpectedGradients,GraphSAGE,GAT,0.7484242970066134
1:20,focal_loss,43,ExpectedGradients,GraphSAGE,TAGCN,0.8068689167132681
1:20,focal_loss,43,ExpectedGradients,GAT,TAGCN,0.7444679312317085
1:20,focal_loss,44,GNNExplainer,GCN,GraphSAGE,0.9017863402598297
1:20,focal_loss,44,GNNExplainer,GCN,GAT,0.8942604515403217
1:20,focal_loss,44,GNNExplainer,GCN,TAGCN,0.8257461639440493
1:20,focal_loss,44,GNNExplainer,GraphSAGE,GAT,0.8944604170374197
1:20,focal_loss,44,GNNExplainer,GraphSAGE,TAGCN,0.8375660361258858
1:20,focal_loss,44,GNNExplainer,GAT,TAGCN,0.8278080927267432
1:20,focal_loss,44,ShapleyFeatures,GCN,GraphSAGE,0.9143359503588547
1:20,focal_loss,44,ShapleyFeatures,GCN,GAT,0.9064147741669646
1:20,focal_loss,44,ShapleyFeatures,GCN,TAGCN,0.9056032531093566
1:20,focal_loss,44,ShapleyFeatures,GraphSAGE,GAT,0.9341603733667163
1:20,focal_loss,44,ShapleyFeatures,GraphSAGE,TAGCN,0.8982295126955872
1:20,focal_loss,44,ShapleyFeatures,GAT,TAGCN,0.8928306370212472
1:20,focal_loss,44,IntegratedGradients,GCN,GraphSAGE,0.9567689334326258
1:20,focal_loss,44,IntegratedGradients,GCN,GAT,0.955054970251504
1:20,focal_loss,44,IntegratedGradients,GCN,TAGCN,0.9546533239821061
1:20,focal_loss,44,IntegratedGradients,GraphSAGE,GAT,0.9590628519307695
1:20,focal_loss,44,IntegratedGradients,GraphSAGE,TAGCN,0.9609330291989765
1:20,focal_loss,44,IntegratedGradients,GAT,TAGCN,0.9577855760211194
1:20,focal_loss,44,ExpectedGradients,GCN,GraphSAGE,0.7622086194486338
1:20,focal_loss,44,ExpectedGradients,GCN,GAT,0.7044060520644642
1:20,focal_loss,44,ExpectedGradients,GCN,TAGCN,0.7618018032284986
1:20,focal_loss,44,ExpectedGradients,GraphSAGE,GAT,0.740828730760248
1:20,focal_loss,44,ExpectedGradients,GraphSAGE,TAGCN,0.7659369573247099
1:20,focal_loss,44,ExpectedGradients,GAT,TAGCN,0.7449524341744083
native,none,42,GNNExplainer,GCN,GraphSAGE,0.9036245719400265
native,none,42,GNNExplainer,GCN,GAT,0.9025796060561363
native,none,42,GNNExplainer,GCN,TAGCN,0.8554868246030087
native,none,42,GNNExplainer,GraphSAGE,GAT,0.9060215408433676
native,none,42,GNNExplainer,GraphSAGE,TAGCN,0.8541095499659559
native,none,42,GNNExplainer,GAT,TAGCN,0.8507604963824945
native,none,42,ShapleyFeatures,GCN,GraphSAGE,0.9096009600608835
native,none,42,ShapleyFeatures,GCN,GAT,0.9030669010988843
native,none,42,ShapleyFeatures,GCN,TAGCN,0.8956752291659476
native,none,42,ShapleyFeatures,GraphSAGE,GAT,0.9494056269718129
native,none,42,ShapleyFeatures,GraphSAGE,TAGCN,0.8987730980023365
native,none,42,ShapleyFeatures,GAT,TAGCN,0.893663976688525
native,none,42,IntegratedGradients,GCN,GraphSAGE,0.9618993489674847
native,none,42,IntegratedGradients,GCN,GAT,0.9558581101742575
native,none,42,IntegratedGradients,GCN,TAGCN,0.9591454963961229
native,none,42,IntegratedGradients,GraphSAGE,GAT,0.9730151292568597
native,none,42,IntegratedGradients,GraphSAGE,TAGCN,0.9677241047748152
native,none,42,IntegratedGradients,GAT,TAGCN,0.9665710851855788
native,none,42,ExpectedGradients,GCN,GraphSAGE,0.6995754791067168
native,none,42,ExpectedGradients,GCN,GAT,0.6681670108621242
native,none,42,ExpectedGradients,GCN,TAGCN,0.6636709412756139
native,none,42,ExpectedGradients,GraphSAGE,GAT,0.7670175760212904
native,none,42,ExpectedGradients,GraphSAGE,TAGCN,0.7420820351732307
native,none,42,ExpectedGradients,GAT,TAGCN,0.7216501523146189
native,none,43,GNNExplainer,GCN,GraphSAGE,0.9025715666125129
native,none,43,GNNExplainer,GCN,GAT,0.9105892552302066
native,none,43,GNNExplainer,GCN,TAGCN,0.8381898212854452
native,none,43,GNNExplainer,GraphSAGE,GAT,0.9039689448633779
native,none,43,GNNExplainer,GraphSAGE,TAGCN,0.8639001883766132
native,none,43,GNNExplainer,GAT,TAGCN,0.8520102893405549
native,none,43,ShapleyFeatures,GCN,GraphSAGE,0.9115635271685625
native,none,43,ShapleyFeatures,GCN,GAT,0.9212707766665065
native,none,43,ShapleyFeatures,GCN,TAGCN,0.8984336740202408
native,none,43,ShapleyFeatures,GraphSAGE,GAT,0.9382026268844982
native,none,43,ShapleyFeatures,GraphSAGE,TAGCN,0.8970042171551128
native,none,43,ShapleyFeatures,GAT,TAGCN,0.8969778004636297
native,none,43,IntegratedGradients,GCN,GraphSAGE,0.9605627281968497
native,none,43,IntegratedGradients,GCN,GAT,0.9611579319979158
native,none,43,IntegratedGradients,GCN,TAGCN,0.9599591455013703
native,none,43,IntegratedGradients,GraphSAGE,GAT,0.9642014716936398
native,none,43,IntegratedGradients,GraphSAGE,TAGCN,0.9635973157391766
native,none,43,IntegratedGradients,GAT,TAGCN,0.9597617308640939
native,none,43,ExpectedGradients,GCN,GraphSAGE,0.7263188682425687
native,none,43,ExpectedGradients,GCN,GAT,0.7833878189230351
native,none,43,ExpectedGradients,GCN,TAGCN,0.7250906973325539
native,none,43,ExpectedGradients,GraphSAGE,GAT,0.7669716639982954
native,none,43,ExpectedGradients,GraphSAGE,TAGCN,0.7631833602249138
native,none,43,ExpectedGradients,GAT,TAGCN,0.7454096656101744
native,none,44,GNNExplainer,GCN,GraphSAGE,0.9020079619418387
native,none,44,GNNExplainer,GCN,GAT,0.9218631629260617
native,none,44,GNNExplainer,GCN,TAGCN,0.8301330052317611
native,none,44,GNNExplainer,GraphSAGE,GAT,0.891710072393584
native,none,44,GNNExplainer,GraphSAGE,TAGCN,0.8680458858951765
native,none,44,GNNExplainer,GAT,TAGCN,0.8335580837479843
native,none,44,ShapleyFeatures,GCN,GraphSAGE,0.9147533293218303
native,none,44,ShapleyFeatures,GCN,GAT,0.9107903580182187
native,none,44,ShapleyFeatures,GCN,TAGCN,0.903325627856713
native,none,44,ShapleyFeatures,GraphSAGE,GAT,0.9424703582358198
native,none,44,ShapleyFeatures,GraphSAGE,TAGCN,0.8983746854906189
native,none,44,ShapleyFeatures,GAT,TAGCN,0.8867519062551709
native,none,44,IntegratedGradients,GCN,GraphSAGE,0.9655055003994821
native,none,44,IntegratedGradients,GCN,GAT,0.9672707593092739
native,none,44,IntegratedGradients,GCN,TAGCN,0.9620002168106353
native,none,44,IntegratedGradients,GraphSAGE,GAT,0.967030074841842
native,none,44,IntegratedGradients,GraphSAGE,TAGCN,0.9648608576643686
native,none,44,IntegratedGradients,GAT,TAGCN,0.9617575597527811
native,none,44,ExpectedGradients,GCN,GraphSAGE,0.7336299574746475
native,none,44,ExpectedGradients,GCN,GAT,0.7598006035149004
native,none,44,ExpectedGradients,GCN,TAGCN,0.7288894865230487
native,none,44,ExpectedGradients,GraphSAGE,GAT,0.7086354100416826
native,none,44,ExpectedGradients,GraphSAGE,TAGCN,0.7585857486043699
native,none,44,ExpectedGradients,GAT,TAGCN,0.7041041814620681
native,class_weighting,42,GNNExplainer,GCN,GraphSAGE,0.8969648292380284
native,class_weighting,42,GNNExplainer,GCN,GAT,0.8839949961072031
native,class_weighting,42,GNNExplainer,GCN,TAGCN,0.8296956591577355
native,class_weighting,42,GNNExplainer,GraphSAGE,GAT,0.9362177235181506
native,class_weighting,42,GNNExplainer,GraphSAGE,TAGCN,0.8861133782986417
native,class_weighting,42,GNNExplainer,GAT,TAGCN,0.8871642588096017
native,class_weighting,42,ShapleyFeatures,GCN,GraphSAGE,0.9066394205049304
native,class_weighting,42,ShapleyFeatures,GCN,GAT,0.905826344272787
native,class_weighting,42,ShapleyFeatures,GCN,TAGCN,0.8997988734786199
native,class_weighting,42,ShapleyFeatures,GraphSAGE,GAT,0.946393983709002
native,class_weighting,42,ShapleyFeatures,GraphSAGE,TAGCN,0.9121880945266341
native,class_weighting,42,ShapleyFeatures,GAT,TAGCN,0.9055083437060126
native,class_weighting,42,IntegratedGradients,GCN,GraphSAGE,0.9533273338310481
native,class_weighting,42,IntegratedGradients,GCN,GAT,0.9533181812800431
native,class_weighting,42,IntegratedGradients,GCN,TAGCN,0.9544855706902012
native,class_weighting,42,IntegratedGradients,GraphSAGE,GAT,0.9699217377805506
native,class_weighting,42,IntegratedGradients,GraphSAGE,TAGCN,0.9710142779370036
native,class_weighting,42,IntegratedGradients,GAT,TAGCN,0.964826103815896
native,class_weighting,42,ExpectedGradients,GCN,GraphSAGE,0.6443238594998403
native,class_weighting,42,ExpectedGradients,GCN,GAT,0.6379940960727576
native,class_weighting,42,ExpectedGradients,GCN,TAGCN,0.6387095931503985
native,class_weighting,42,ExpectedGradients,GraphSAGE,GAT,0.7435328025380132
native,class_weighting,42,ExpectedGradients,GraphSAGE,TAGCN,0.7750353153400634
native,class_weighting,42,ExpectedGradients,GAT,TAGCN,0.716681734002137
native,class_weighting,43,GNNExplainer,GCN,GraphSAGE,0.8901570718103078
native,class_weighting,43,GNNExplainer,GCN,GAT,0.8883108781653248
native,class_weighting,43,GNNExplainer,GCN,TAGCN,0.8282290294885457
native,class_weighting,43,GNNExplainer,GraphSAGE,GAT,0.9345269049922016
native,class_weighting,43,GNNExplainer,GraphSAGE,TAGCN,0.8870583680306207
native,class_weighting,43,GNNExplainer,GAT,TAGCN,0.8764782062975561
native,class_weighting,43,ShapleyFeatures,GCN,GraphSAGE,0.9109486734153284
native,class_weighting,43,ShapleyFeatures,GCN,GAT,0.9122628391234711
native,class_weighting,43,ShapleyFeatures,GCN,TAGCN,0.8924813147021284
native,class_weighting,43,ShapleyFeatures,GraphSAGE,GAT,0.9419552002746214
native,class_weighting,43,ShapleyFeatures,GraphSAGE,TAGCN,0.9113986262604867
native,class_weighting,43,ShapleyFeatures,GAT,TAGCN,0.9035599403980574
native,class_weighting,43,IntegratedGradients,GCN,GraphSAGE,0.9613447976158355
native,class_weighting,43,IntegratedGradients,GCN,GAT,0.9604997622208648
native,class_weighting,43,IntegratedGradients,GCN,TAGCN,0.9584022500978885
native,class_weighting,43,IntegratedGradients,GraphSAGE,GAT,0.9706988250380901
native,class_weighting,43,IntegratedGradients,GraphSAGE,TAGCN,0.9734160023697106
native,class_weighting,43,IntegratedGradients,GAT,TAGCN,0.9716675824831784
native,class_weighting,43,ExpectedGradients,GCN,GraphSAGE,0.7070238506328521
native,class_weighting,43,ExpectedGradients,GCN,GAT,0.7182136212058728
native,class_weighting,43,ExpectedGradients,GCN,TAGCN,0.6786729504155394
native,class_weighting,43,ExpectedGradients,GraphSAGE,GAT,0.722979640367014
native,class_weighting,43,ExpectedGradients,GraphSAGE,TAGCN,0.7879930131074844
native,class_weighting,43,ExpectedGradients,GAT,TAGCN,0.7298346414132811
native,class_weighting,44,GNNExplainer,GCN,GraphSAGE,0.8920506053576325
native,class_weighting,44,GNNExplainer,GCN,GAT,0.8912697055219346
native,class_weighting,44,GNNExplainer,GCN,TAGCN,0.8245080218779967
native,class_weighting,44,GNNExplainer,GraphSAGE,GAT,0.9182796177331819
native,class_weighting,44,GNNExplainer,GraphSAGE,TAGCN,0.8332288048294523
native,class_weighting,44,GNNExplainer,GAT,TAGCN,0.8302531003615797
native,class_weighting,44,ShapleyFeatures,GCN,GraphSAGE,0.8972917251252107
native,class_weighting,44,ShapleyFeatures,GCN,GAT,0.9087341126112541
native,class_weighting,44,ShapleyFeatures,GCN,TAGCN,0.895237035604904
native,class_weighting,44,ShapleyFeatures,GraphSAGE,GAT,0.9384742903656956
native,class_weighting,44,ShapleyFeatures,GraphSAGE,TAGCN,0.8853709117828933
native,class_weighting,44,ShapleyFeatures,GAT,TAGCN,0.8822418933654214
native,class_weighting,44,IntegratedGradients,GCN,GraphSAGE,0.9553535701689843
native,class_weighting,44,IntegratedGradients,GCN,GAT,0.9555871387812774
native,class_weighting,44,IntegratedGradients,GCN,TAGCN,0.95549524345463
native,class_weighting,44,IntegratedGradients,GraphSAGE,GAT,0.9631456587116777
native,class_weighting,44,IntegratedGradients,GraphSAGE,TAGCN,0.9570782633041834
native,class_weighting,44,IntegratedGradients,GAT,TAGCN,0.9499822663814188
native,class_weighting,44,ExpectedGradients,GCN,GraphSAGE,0.6744399090422328
native,class_weighting,44,ExpectedGradients,GCN,GAT,0.7144271429686735
native,class_weighting,44,ExpectedGradients,GCN,TAGCN,0.740003956639629
native,class_weighting,44,ExpectedGradients,GraphSAGE,GAT,0.7227980726828215
native,class_weighting,44,ExpectedGradients,GraphSAGE,TAGCN,0.6637519923358802
native,class_weighting,44,ExpectedGradients,GAT,TAGCN,0.692850518402805
native,focal_loss,42,GNNExplainer,GCN,GraphSAGE,0.9053346669274808
native,focal_loss,42,GNNExplainer,GCN,GAT,0.8957346669374459
native,focal_loss,42,GNNExplainer,GCN,TAGCN,0.825446181511049
native,focal_loss,42,GNNExplainer,GraphSAGE,GAT,0.8992050949375467
native,focal_loss,42,GNNExplainer,GraphSAGE,TAGCN,0.8570225349746122
native,focal_loss,42,GNNExplainer,GAT,TAGCN,0.8547832199218675
native,focal_loss,42,ShapleyFeatures,GCN,GraphSAGE,0.91462469733917
native,focal_loss,42,ShapleyFeatures,GCN,GAT,0.9121776479134653
native,focal_loss,42,ShapleyFeatures,GCN,TAGCN,0.8988842579298641
native,focal_loss,42,ShapleyFeatures,GraphSAGE,GAT,0.9320823663283423
native,focal_loss,42,ShapleyFeatures,GraphSAGE,TAGCN,0.8952346146572165
native,focal_loss,42,ShapleyFeatures,GAT,TAGCN,0.8963011708061119
native,focal_loss,42,IntegratedGradients,GCN,GraphSAGE,0.9612344623042458
native,focal_loss,42,IntegratedGradients,GCN,GAT,0.960451575746139
native,focal_loss,42,IntegratedGradients,GCN,TAGCN,0.9600122927793212
native,focal_loss,42,IntegratedGradients,GraphSAGE,GAT,0.9596851691481552
native,focal_loss,42,IntegratedGradients,GraphSAGE,TAGCN,0.9651416214599927
native,focal_loss,42,IntegratedGradients,GAT,TAGCN,0.9685812934365753
native,focal_loss,42,ExpectedGradients,GCN,GraphSAGE,0.7371661820561417
native,focal_loss,42,ExpectedGradients,GCN,GAT,0.7253167377294203
native,focal_loss,42,ExpectedGradients,GCN,TAGCN,0.6949946290921064
native,focal_loss,42,ExpectedGradients,GraphSAGE,GAT,0.7236793709145934
native,focal_loss,42,ExpectedGradients,GraphSAGE,TAGCN,0.7479386605993387
native,focal_loss,42,ExpectedGradients,GAT,TAGCN,0.7376429119291232
native,focal_loss,43,GNNExplainer,GCN,GraphSAGE,0.9044706512608638
native,focal_loss,43,GNNExplainer,GCN,GAT,0.8934980539726742
native,focal_loss,43,GNNExplainer,GCN,TAGCN,0.8201985662968757
native,focal_loss,43,GNNExplainer,GraphSAGE,GAT,0.9084806170411852
native,focal_loss,43,GNNExplainer,GraphSAGE,TAGCN,0.8402679221899181
native,focal_loss,43,GNNExplainer,GAT,TAGCN,0.8343479461161273
native,focal_loss,43,ShapleyFeatures,GCN,GraphSAGE,0.9161358819799689
native,focal_loss,43,ShapleyFeatures,GCN,GAT,0.9133791103260199
native,focal_loss,43,ShapleyFeatures,GCN,TAGCN,0.8998776664868672
native,focal_loss,43,ShapleyFeatures,GraphSAGE,GAT,0.9456192813741819
native,focal_loss,43,ShapleyFeatures,GraphSAGE,TAGCN,0.8914205251817015
native,focal_loss,43,ShapleyFeatures,GAT,TAGCN,0.8906459728133078
native,focal_loss,43,IntegratedGradients,GCN,GraphSAGE,0.960066516659502
native,focal_loss,43,IntegratedGradients,GCN,GAT,0.9663799538273687
native,focal_loss,43,IntegratedGradients,GCN,TAGCN,0.961598612968134
native,focal_loss,43,IntegratedGradients,GraphSAGE,GAT,0.9660771507709627
native,focal_loss,43,IntegratedGradients,GraphSAGE,TAGCN,0.9562896223504123
native,focal_loss,43,IntegratedGradients,GAT,TAGCN,0.9641811834613162
native,focal_loss,43,ExpectedGradients,GCN,GraphSAGE,0.7556129389140235
native,focal_loss,43,ExpectedGradients,GCN,GAT,0.7611366130648606
native,focal_loss,43,ExpectedGradients,GCN,TAGCN,0.7220784599061651
native,focal_loss,43,ExpectedGradients,GraphSAGE,GAT,0.7595968465255502
native,focal_loss,43,ExpectedGradients,GraphSAGE,TAGCN,0.7167341215819012
native,focal_loss,43,ExpectedGradients,GAT,TAGCN,0.7216392695566137
native,focal_loss,44,GNNExplainer,GCN,GraphSAGE,0.9110590813828606
native,focal_loss,44,GNNExplainer,GCN,GAT,0.8957137909783607
native,focal_loss,44,GNNExplainer,GCN,TAGCN,0.849310451896773
native,focal_loss,44,GNNExplainer,GraphSAGE,GAT,0.8966375279248607
native,focal_loss,44,GNNExplainer,GraphSAGE,TAGCN,0.8623876898818658
native,focal_loss,44,GNNExplainer,GAT,TAGCN,0.8325593871065933
native,focal_loss,44,ShapleyFeatures,GCN,GraphSAGE,0.9152354042930971
native,focal_loss,44,ShapleyFeatures,GCN,GAT,0.9138367927721348
native,focal_loss,44,ShapleyFeatures,GCN,TAGCN,0.9053048566328833
native,focal_loss,44,ShapleyFeatures,GraphSAGE,GAT,0.9353115841309686
native,focal_loss,44,ShapleyFeatures,GraphSAGE,TAGCN,0.9048990945215358
native,focal_loss,44,ShapleyFeatures,GAT,TAGCN,0.8923241628838481
native,focal_loss,44,IntegratedGradients,GCN,GraphSAGE,0.9589932728550231
native,focal_loss,44,IntegratedGradients,GCN,GAT,0.958139776744203
native,focal_loss,44,IntegratedGradients,GCN,TAGCN,0.95761943966273
native,focal_loss,44,IntegratedGradients,GraphSAGE,GAT,0.9623634484758093
native,focal_loss,44,IntegratedGradients,GraphSAGE,TAGCN,0.9634744788813162
native,focal_loss,44,IntegratedGradients,GAT,TAGCN,0.9561401151032732
native,focal_loss,44,ExpectedGradients,GCN,GraphSAGE,0.7794059940541216
native,focal_loss,44,ExpectedGradients,GCN,GAT,0.702296328247359
native,focal_loss,44,ExpectedGradients,GCN,TAGCN,0.7358080285804861
native,focal_loss,44,ExpectedGradients,GraphSAGE,GAT,0.7373548755017446
native,focal_loss,44,ExpectedGradients,GraphSAGE,TAGCN,0.7554183311229149
native,focal_loss,44,ExpectedGradients,GAT,TAGCN,0.701322909239931
1:100_subil,none,42,GNNExplainer,GCN,GraphSAGE,0.912837028545528
1:100_subil,none,42,GNNExplainer,GCN,GAT,0.8920820250634424
1:100_subil,none,42,GNNExplainer,GCN,TAGCN,0.8349977361917184
1:100_subil,none,42,GNNExplainer,GraphSAGE,GAT,0.8972396656264424
1:100_subil,none,42,GNNExplainer,GraphSAGE,TAGCN,0.8724522424659026
1:100_subil,none,42,GNNExplainer,GAT,TAGCN,0.8459156785709101
1:100_subil,none,42,ShapleyFeatures,GCN,GraphSAGE,0.9317644926460524
1:100_subil,none,42,ShapleyFeatures,GCN,GAT,0.9183720392269135
1:100_subil,none,42,ShapleyFeatures,GCN,TAGCN,0.8998914274659133
1:100_subil,none,42,ShapleyFeatures,GraphSAGE,GAT,0.9199948369849613
1:100_subil,none,42,ShapleyFeatures,GraphSAGE,TAGCN,0.8980416549370474
1:100_subil,none,42,ShapleyFeatures,GAT,TAGCN,0.8949504279034798
1:100_subil,none,42,IntegratedGradients,GCN,GraphSAGE,0.9559210421903042
1:100_subil,none,42,IntegratedGradients,GCN,GAT,0.9599601357657872
1:100_subil,none,42,IntegratedGradients,GCN,TAGCN,0.9573549130500327
1:100_subil,none,42,IntegratedGradients,GraphSAGE,GAT,0.959004361614012
1:100_subil,none,42,IntegratedGradients,GraphSAGE,TAGCN,0.9564108914875301
1:100_subil,none,42,IntegratedGradients,GAT,TAGCN,0.9608053366817055
1:100_subil,none,42,ExpectedGradients,GCN,GraphSAGE,0.748577322692877
1:100_subil,none,42,ExpectedGradients,GCN,GAT,0.7507030835030627
1:100_subil,none,42,ExpectedGradients,GCN,TAGCN,0.7463973852645488
1:100_subil,none,42,ExpectedGradients,GraphSAGE,GAT,0.7300535874354686
1:100_subil,none,42,ExpectedGradients,GraphSAGE,TAGCN,0.7565601221918854
1:100_subil,none,42,ExpectedGradients,GAT,TAGCN,0.715783696488875
1:100_subil,none,43,GNNExplainer,GCN,GraphSAGE,0.9173694729534527
1:100_subil,none,43,GNNExplainer,GCN,GAT,0.8985105440308575
1:100_subil,none,43,GNNExplainer,GCN,TAGCN,0.8442810216910058
1:100_subil,none,43,GNNExplainer,GraphSAGE,GAT,0.9043180567846848
1:100_subil,none,43,GNNExplainer,GraphSAGE,TAGCN,0.8641909343396852
1:100_subil,none,43,GNNExplainer,GAT,TAGCN,0.849957017383945
1:100_subil,none,43,ShapleyFeatures,GCN,GraphSAGE,0.9314428231777285
1:100_subil,none,43,ShapleyFeatures,GCN,GAT,0.9216848727923449
1:100_subil,none,43,ShapleyFeatures,GCN,TAGCN,0.9017234900353629
1:100_subil,none,43,ShapleyFeatures,GraphSAGE,GAT,0.9180430510451663
1:100_subil,none,43,ShapleyFeatures,GraphSAGE,TAGCN,0.896539039706803
1:100_subil,none,43,ShapleyFeatures,GAT,TAGCN,0.8993517606885741
1:100_subil,none,43,IntegratedGradients,GCN,GraphSAGE,0.9549503252932908
1:100_subil,none,43,IntegratedGradients,GCN,GAT,0.9554514489158729
1:100_subil,none,43,IntegratedGradients,GCN,TAGCN,0.9576027203740387
1:100_subil,none,43,IntegratedGradients,GraphSAGE,GAT,0.9543991688803733
1:100_subil,none,43,IntegratedGradients,GraphSAGE,TAGCN,0.9539746433751984
1:100_subil,none,43,IntegratedGradients,GAT,TAGCN,0.9544408950085715
1:100_subil,none,43,ExpectedGradients,GCN,GraphSAGE,0.771747303639014
1:100_subil,none,43,ExpectedGradients,GCN,GAT,0.7392649881160296
1:100_subil,none,43,ExpectedGradients,GCN,TAGCN,0.7504225994880444
1:100_subil,none,43,ExpectedGradients,GraphSAGE,GAT,0.7434262460701676
1:100_subil,none,43,ExpectedGradients,GraphSAGE,TAGCN,0.7425349609086772
1:100_subil,none,43,ExpectedGradients,GAT,TAGCN,0.7325141310882035
1:100_subil,none,44,GNNExplainer,GCN,GraphSAGE,0.9174966002195658
1:100_subil,none,44,GNNExplainer,GCN,GAT,0.9060606574708446
1:100_subil,none,44,GNNExplainer,GCN,TAGCN,0.831279317844418
1:100_subil,none,44,GNNExplainer,GraphSAGE,GAT,0.9024798602328533
1:100_subil,none,44,GNNExplainer,GraphSAGE,TAGCN,0.8673253333905419
1:100_subil,none,44,GNNExplainer,GAT,TAGCN,0.8430084013193346
1:100_subil,none,44,ShapleyFeatures,GCN,GraphSAGE,0.9301535810148768
1:100_subil,none,44,ShapleyFeatures,GCN,GAT,0.884419377544316
1:100_subil,none,44,ShapleyFeatures,GCN,TAGCN,0.9025669046722201
1:100_subil,none,44,ShapleyFeatures,GraphSAGE,GAT,0.8797031329230566
1:100_subil,none,44,ShapleyFeatures,GraphSAGE,TAGCN,0.898586050007161
1:100_subil,none,44,ShapleyFeatures,GAT,TAGCN,0.8601505975757552
1:100_subil,none,44,IntegratedGradients,GCN,GraphSAGE,0.9586578325191322
1:100_subil,none,44,IntegratedGradients,GCN,GAT,0.9626850765808731
1:100_subil,none,44,IntegratedGradients,GCN,TAGCN,0.9600237437135716
1:100_subil,none,44,IntegratedGradients,GraphSAGE,GAT,0.9646101019575941
1:100_subil,none,44,IntegratedGradients,GraphSAGE,TAGCN,0.9623500712319903
1:100_subil,none,44,IntegratedGradients,GAT,TAGCN,0.9658700172236532
1:100_subil,none,44,ExpectedGradients,GCN,GraphSAGE,0.7453965386105675
1:100_subil,none,44,ExpectedGradients,GCN,GAT,0.6878694805353426
1:100_subil,none,44,ExpectedGradients,GCN,TAGCN,0.7224531551128887
1:100_subil,none,44,ExpectedGradients,GraphSAGE,GAT,0.6653869105850135
1:100_subil,none,44,ExpectedGradients,GraphSAGE,TAGCN,0.7269887208497686
1:100_subil,none,44,ExpectedGradients,GAT,TAGCN,0.6640577348473609
1:100_subil,class_weighting,42,GNNExplainer,GCN,GraphSAGE,0.9204088424841467
1:100_subil,class_weighting,42,GNNExplainer,GCN,GAT,0.915907995262684
1:100_subil,class_weighting,42,GNNExplainer,GCN,TAGCN,0.8418357622416572
1:100_subil,class_weighting,42,GNNExplainer,GraphSAGE,GAT,0.9292392136261195
1:100_subil,class_weighting,42,GNNExplainer,GraphSAGE,TAGCN,0.8911765299459173
1:100_subil,class_weighting,42,GNNExplainer,GAT,TAGCN,0.8820199331067745
1:100_subil,class_weighting,42,ShapleyFeatures,GCN,GraphSAGE,0.9133674503567077
1:100_subil,class_weighting,42,ShapleyFeatures,GCN,GAT,0.9240673249412097
1:100_subil,class_weighting,42,ShapleyFeatures,GCN,TAGCN,0.8987730787009984
1:100_subil,class_weighting,42,ShapleyFeatures,GraphSAGE,GAT,0.9458048591862713
1:100_subil,class_weighting,42,ShapleyFeatures,GraphSAGE,TAGCN,0.9044395613927233
1:100_subil,class_weighting,42,ShapleyFeatures,GAT,TAGCN,0.8985277005287893
1:100_subil,class_weighting,42,IntegratedGradients,GCN,GraphSAGE,0.9661853699319919
1:100_subil,class_weighting,42,IntegratedGradients,GCN,GAT,0.9680437869791899
1:100_subil,class_weighting,42,IntegratedGradients,GCN,TAGCN,0.9644515429809163
1:100_subil,class_weighting,42,IntegratedGradients,GraphSAGE,GAT,0.9688674287691085
1:100_subil,class_weighting,42,IntegratedGradients,GraphSAGE,TAGCN,0.9716224237020359
1:100_subil,class_weighting,42,IntegratedGradients,GAT,TAGCN,0.9666828834437948
1:100_subil,class_weighting,42,ExpectedGradients,GCN,GraphSAGE,0.7216185934921998
1:100_subil,class_weighting,42,ExpectedGradients,GCN,GAT,0.7783035575241325
1:100_subil,class_weighting,42,ExpectedGradients,GCN,TAGCN,0.6920488994982569
1:100_subil,class_weighting,42,ExpectedGradients,GraphSAGE,GAT,0.7461562383369047
1:100_subil,class_weighting,42,ExpectedGradients,GraphSAGE,TAGCN,0.7629401489499028
1:100_subil,class_weighting,42,ExpectedGradients,GAT,TAGCN,0.722836464021095
1:100_subil,class_weighting,43,GNNExplainer,GCN,GraphSAGE,0.9196672941441515
1:100_subil,class_weighting,43,GNNExplainer,GCN,GAT,0.90151021715428
1:100_subil,class_weighting,43,GNNExplainer,GCN,TAGCN,0.8442131129558036
1:100_subil,class_weighting,43,GNNExplainer,GraphSAGE,GAT,0.9316536081111859
1:100_subil,class_weighting,43,GNNExplainer,GraphSAGE,TAGCN,0.8937602313993162
1:100_subil,class_weighting,43,GNNExplainer,GAT,TAGCN,0.876285269431832
1:100_subil,class_weighting,43,ShapleyFeatures,GCN,GraphSAGE,0.9146003329486427
1:100_subil,class_weighting,43,ShapleyFeatures,GCN,GAT,0.9175918855100895
1:100_subil,class_weighting,43,ShapleyFeatures,GCN,TAGCN,0.9032832331306992
1:100_subil,class_weighting,43,ShapleyFeatures,GraphSAGE,GAT,0.9427418794180307
1:100_subil,class_weighting,43,ShapleyFeatures,GraphSAGE,TAGCN,0.9125069883411382
1:100_subil,class_weighting,43,ShapleyFeatures,GAT,TAGCN,0.9062699062737356
1:100_subil,class_weighting,43,IntegratedGradients,GCN,GraphSAGE,0.9651388228464116
1:100_subil,class_weighting,43,IntegratedGradients,GCN,GAT,0.966683789141777
1:100_subil,class_weighting,43,IntegratedGradients,GCN,TAGCN,0.9659446184727472
1:100_subil,class_weighting,43,IntegratedGradients,GraphSAGE,GAT,0.967008718138614
1:100_subil,class_weighting,43,IntegratedGradients,GraphSAGE,TAGCN,0.9744957798172569
1:100_subil,class_weighting,43,IntegratedGradients,GAT,TAGCN,0.9711289758943521
1:100_subil,class_weighting,43,ExpectedGradients,GCN,GraphSAGE,0.6875511101775214
1:100_subil,class_weighting,43,ExpectedGradients,GCN,GAT,0.7159441562983319
1:100_subil,class_weighting,43,ExpectedGradients,GCN,TAGCN,0.6982876580418416
1:100_subil,class_weighting,43,ExpectedGradients,GraphSAGE,GAT,0.7521859625138099
1:100_subil,class_weighting,43,ExpectedGradients,GraphSAGE,TAGCN,0.7711346952470635
1:100_subil,class_weighting,43,ExpectedGradients,GAT,TAGCN,0.7413490649535368
1:100_subil,class_weighting,44,GNNExplainer,GCN,GraphSAGE,0.8998172817804612
1:100_subil,class_weighting,44,GNNExplainer,GCN,GAT,0.8936792044164128
1:100_subil,class_weighting,44,GNNExplainer,GCN,TAGCN,0.822639039321959
1:100_subil,class_weighting,44,GNNExplainer,GraphSAGE,GAT,0.9036934035762187
1:100_subil,class_weighting,44,GNNExplainer,GraphSAGE,TAGCN,0.8516758571367874
1:100_subil,class_weighting,44,GNNExplainer,GAT,TAGCN,0.8462610109445877
1:100_subil,class_weighting,44,ShapleyFeatures,GCN,GraphSAGE,0.9102498727962385
1:100_subil,class_weighting,44,ShapleyFeatures,GCN,GAT,0.8998803345131526
1:100_subil,class_weighting,44,ShapleyFeatures,GCN,TAGCN,0.9007473729958364
1:100_subil,class_weighting,44,ShapleyFeatures,GraphSAGE,GAT,0.9307032046348058
1:100_subil,class_weighting,44,ShapleyFeatures,GraphSAGE,TAGCN,0.8893823066402703
1:100_subil,class_weighting,44,ShapleyFeatures,GAT,TAGCN,0.8821654722444202
1:100_subil,class_weighting,44,IntegratedGradients,GCN,GraphSAGE,0.9577012358078176
1:100_subil,class_weighting,44,IntegratedGradients,GCN,GAT,0.9513796472313327
1:100_subil,class_weighting,44,IntegratedGradients,GCN,TAGCN,0.9564552197257685
1:100_subil,class_weighting,44,IntegratedGradients,GraphSAGE,GAT,0.9590926066417598
1:100_subil,class_weighting,44,IntegratedGradients,GraphSAGE,TAGCN,0.9584904121754237
1:100_subil,class_weighting,44,IntegratedGradients,GAT,TAGCN,0.9517646464710648
1:100_subil,class_weighting,44,ExpectedGradients,GCN,GraphSAGE,0.724888286933929
1:100_subil,class_weighting,44,ExpectedGradients,GCN,GAT,0.65620828798944
1:100_subil,class_weighting,44,ExpectedGradients,GCN,TAGCN,0.7379181276084809
1:100_subil,class_weighting,44,ExpectedGradients,GraphSAGE,GAT,0.6819351691066657
1:100_subil,class_weighting,44,ExpectedGradients,GraphSAGE,TAGCN,0.7181612999479995
1:100_subil,class_weighting,44,ExpectedGradients,GAT,TAGCN,0.6661429643689526
1:100_subil,focal_loss,42,GNNExplainer,GCN,GraphSAGE,0.9093528450529021
1:100_subil,focal_loss,42,GNNExplainer,GCN,GAT,0.9061473898444079
1:100_subil,focal_loss,42,GNNExplainer,GCN,TAGCN,0.8373201869610767
1:100_subil,focal_loss,42,GNNExplainer,GraphSAGE,GAT,0.9087154300222171
1:100_subil,focal_loss,42,GNNExplainer,GraphSAGE,TAGCN,0.8801352253169648
1:100_subil,focal_loss,42,GNNExplainer,GAT,TAGCN,0.8616034690155098
1:100_subil,focal_loss,42,ShapleyFeatures,GCN,GraphSAGE,0.9360979389002736
1:100_subil,focal_loss,42,ShapleyFeatures,GCN,GAT,0.918959778816217
1:100_subil,focal_loss,42,ShapleyFeatures,GCN,TAGCN,0.9013565918111701
1:100_subil,focal_loss,42,ShapleyFeatures,GraphSAGE,GAT,0.9198341503996443
1:100_subil,focal_loss,42,ShapleyFeatures,GraphSAGE,TAGCN,0.9002400911898869
1:100_subil,focal_loss,42,ShapleyFeatures,GAT,TAGCN,0.8990626458812898
1:100_subil,focal_loss,42,IntegratedGradients,GCN,GraphSAGE,0.9619351288264253
1:100_subil,focal_loss,42,IntegratedGradients,GCN,GAT,0.9582139581953882
1:100_subil,focal_loss,42,IntegratedGradients,GCN,TAGCN,0.959549046855009
1:100_subil,focal_loss,42,IntegratedGradients,GraphSAGE,GAT,0.9587005677664456
1:100_subil,focal_loss,42,IntegratedGradients,GraphSAGE,TAGCN,0.9636713266533193
1:100_subil,focal_loss,42,IntegratedGradients,GAT,TAGCN,0.9631673998844407
1:100_subil,focal_loss,42,ExpectedGradients,GCN,GraphSAGE,0.760483408471637
1:100_subil,focal_loss,42,ExpectedGradients,GCN,GAT,0.7340055273760792
1:100_subil,focal_loss,42,ExpectedGradients,GCN,TAGCN,0.7042016571416359
1:100_subil,focal_loss,42,ExpectedGradients,GraphSAGE,GAT,0.7584518376761835
1:100_subil,focal_loss,42,ExpectedGradients,GraphSAGE,TAGCN,0.708781849995728
1:100_subil,focal_loss,42,ExpectedGradients,GAT,TAGCN,0.7870668438447733
1:100_subil,focal_loss,43,GNNExplainer,GCN,GraphSAGE,0.9149896950534712
1:100_subil,focal_loss,43,GNNExplainer,GCN,GAT,0.9146493219118067
1:100_subil,focal_loss,43,GNNExplainer,GCN,TAGCN,0.8394993625427688
1:100_subil,focal_loss,43,GNNExplainer,GraphSAGE,GAT,0.9122599495321262
1:100_subil,focal_loss,43,GNNExplainer,GraphSAGE,TAGCN,0.8488120927624948
1:100_subil,focal_loss,43,GNNExplainer,GAT,TAGCN,0.8433848114508609
1:100_subil,focal_loss,43,ShapleyFeatures,GCN,GraphSAGE,0.9322202537122704
1:100_subil,focal_loss,43,ShapleyFeatures,GCN,GAT,0.9272583152489906
1:100_subil,focal_loss,43,ShapleyFeatures,GCN,TAGCN,0.9041526675300097
1:100_subil,focal_loss,43,ShapleyFeatures,GraphSAGE,GAT,0.9150152669487988
1:100_subil,focal_loss,43,ShapleyFeatures,GraphSAGE,TAGCN,0.901719248400377
1:100_subil,focal_loss,43,ShapleyFeatures,GAT,TAGCN,0.9013078996997191
1:100_subil,focal_loss,43,IntegratedGradients,GCN,GraphSAGE,0.9585643269509035
1:100_subil,focal_loss,43,IntegratedGradients,GCN,GAT,0.9665280339570474
1:100_subil,focal_loss,43,IntegratedGradients,GCN,TAGCN,0.959072784201815
1:100_subil,focal_loss,43,IntegratedGradients,GraphSAGE,GAT,0.9612550092525634
1:100_subil,focal_loss,43,IntegratedGradients,GraphSAGE,TAGCN,0.9604800789911653
1:100_subil,focal_loss,43,IntegratedGradients,GAT,TAGCN,0.9637362660492748
1:100_subil,focal_loss,43,ExpectedGradients,GCN,GraphSAGE,0.7517244344357192
1:100_subil,focal_loss,43,ExpectedGradients,GCN,GAT,0.7897462290610583
1:100_subil,focal_loss,43,ExpectedGradients,GCN,TAGCN,0.7378888907768564
1:100_subil,focal_loss,43,ExpectedGradients,GraphSAGE,GAT,0.7361234540664222
1:100_subil,focal_loss,43,ExpectedGradients,GraphSAGE,TAGCN,0.7282058991410172
1:100_subil,focal_loss,43,ExpectedGradients,GAT,TAGCN,0.7367071987366914
1:100_subil,focal_loss,44,GNNExplainer,GCN,GraphSAGE,0.9134739515784529
1:100_subil,focal_loss,44,GNNExplainer,GCN,GAT,0.9202347856378739
1:100_subil,focal_loss,44,GNNExplainer,GCN,TAGCN,0.8343053732108517
1:100_subil,focal_loss,44,GNNExplainer,GraphSAGE,GAT,0.9120309115326537
1:100_subil,focal_loss,44,GNNExplainer,GraphSAGE,TAGCN,0.8577956630346611
1:100_subil,focal_loss,44,GNNExplainer,GAT,TAGCN,0.8269337811224153
1:100_subil,focal_loss,44,ShapleyFeatures,GCN,GraphSAGE,0.9320682270243624
1:100_subil,focal_loss,44,ShapleyFeatures,GCN,GAT,0.9138769490200375
1:100_subil,focal_loss,44,ShapleyFeatures,GCN,TAGCN,0.9032663398830425
1:100_subil,focal_loss,44,ShapleyFeatures,GraphSAGE,GAT,0.9077091428080168
1:100_subil,focal_loss,44,ShapleyFeatures,GraphSAGE,TAGCN,0.9023076564252831
1:100_subil,focal_loss,44,ShapleyFeatures,GAT,TAGCN,0.8896272100895416
1:100_subil,focal_loss,44,IntegratedGradients,GCN,GraphSAGE,0.9559529841010349
1:100_subil,focal_loss,44,IntegratedGradients,GCN,GAT,0.962884821906211
1:100_subil,focal_loss,44,IntegratedGradients,GCN,TAGCN,0.958210394018764
1:100_subil,focal_loss,44,IntegratedGradients,GraphSAGE,GAT,0.960393554708335
1:100_subil,focal_loss,44,IntegratedGradients,GraphSAGE,TAGCN,0.9570773463943755
1:100_subil,focal_loss,44,IntegratedGradients,GAT,TAGCN,0.963799791198993
1:100_subil,focal_loss,44,ExpectedGradients,GCN,GraphSAGE,0.7724670776664829
1:100_subil,focal_loss,44,ExpectedGradients,GCN,GAT,0.7737480618440435
1:100_subil,focal_loss,44,ExpectedGradients,GCN,TAGCN,0.7509866535976722
1:100_subil,focal_loss,44,ExpectedGradients,GraphSAGE,GAT,0.6907425311664884
1:100_subil,focal_loss,44,ExpectedGradients,GraphSAGE,TAGCN,0.7148586384800467
1:100_subil,focal_loss,44,ExpectedGradients,GAT,TAGCN,0.6872189333330615
1:200_subil,none,42,GNNExplainer,GCN,GraphSAGE,0.9157843600213481
1:200_subil,none,42,GNNExplainer,GCN,GAT,0.892061617295937
1:200_subil,none,42,GNNExplainer,GCN,TAGCN,0.8343308440934524
1:200_subil,none,42,GNNExplainer,GraphSAGE,GAT,0.9254228173479612
1:200_subil,none,42,GNNExplainer,GraphSAGE,TAGCN,0.8729261973589111
1:200_subil,none,42,GNNExplainer,GAT,TAGCN,0.8525774694292135
1:200_subil,none,42,ShapleyFeatures,GCN,GraphSAGE,0.9067996499146417
1:200_subil,none,42,ShapleyFeatures,GCN,GAT,0.9048763666525153
1:200_subil,none,42,ShapleyFeatures,GCN,TAGCN,0.8983103973523369
1:200_subil,none,42,ShapleyFeatures,GraphSAGE,GAT,0.9497369969387406
1:200_subil,none,42,ShapleyFeatures,GraphSAGE,TAGCN,0.8974720485929005
1:200_subil,none,42,ShapleyFeatures,GAT,TAGCN,0.8961251109496696
1:200_subil,none,42,IntegratedGradients,GCN,GraphSAGE,0.9601648556825729
1:200_subil,none,42,IntegratedGradients,GCN,GAT,0.9585515934322192
1:200_subil,none,42,IntegratedGradients,GCN,TAGCN,0.957028468799933
1:200_subil,none,42,IntegratedGradients,GraphSAGE,GAT,0.9684666442314172
1:200_subil,none,42,IntegratedGradients,GraphSAGE,TAGCN,0.9629137072695079
1:200_subil,none,42,IntegratedGradients,GAT,TAGCN,0.9631163557848575
1:200_subil,none,42,ExpectedGradients,GCN,GraphSAGE,0.7559197750551934
1:200_subil,none,42,ExpectedGradients,GCN,GAT,0.7337350017195768
1:200_subil,none,42,ExpectedGradients,GCN,TAGCN,0.7492287037385441
1:200_subil,none,42,ExpectedGradients,GraphSAGE,GAT,0.7485874814269613
1:200_subil,none,42,ExpectedGradients,GraphSAGE,TAGCN,0.7801975870716144
1:200_subil,none,42,ExpectedGradients,GAT,TAGCN,0.725257488686122
1:200_subil,none,43,GNNExplainer,GCN,GraphSAGE,0.917005849213902
1:200_subil,none,43,GNNExplainer,GCN,GAT,0.8987705699595492
1:200_subil,none,43,GNNExplainer,GCN,TAGCN,0.8402070779645822
1:200_subil,none,43,GNNExplainer,GraphSAGE,GAT,0.9426655438680335
1:200_subil,none,43,GNNExplainer,GraphSAGE,TAGCN,0.8713892680503591
1:200_subil,none,43,GNNExplainer,GAT,TAGCN,0.8588757909701558
1:200_subil,none,43,ShapleyFeatures,GCN,GraphSAGE,0.903383412176676
1:200_subil,none,43,ShapleyFeatures,GCN,GAT,0.9051498193876661
1:200_subil,none,43,ShapleyFeatures,GCN,TAGCN,0.9023078262368316
1:200_subil,none,43,ShapleyFeatures,GraphSAGE,GAT,0.9447741057708235
1:200_subil,none,43,ShapleyFeatures,GraphSAGE,TAGCN,0.8870000014802973
1:200_subil,none,43,ShapleyFeatures,GAT,TAGCN,0.893441065503109
1:200_subil,none,43,IntegratedGradients,GCN,GraphSAGE,0.9600051218945643
1:200_subil,none,43,IntegratedGradients,GCN,GAT,0.9631088688399063
1:200_subil,none,43,IntegratedGradients,GCN,TAGCN,0.957633136261449
1:200_subil,none,43,IntegratedGradients,GraphSAGE,GAT,0.968615300131977
1:200_subil,none,43,IntegratedGradients,GraphSAGE,TAGCN,0.9563247413511509
1:200_subil,none,43,IntegratedGradients,GAT,TAGCN,0.9613433849757367
1:200_subil,none,43,ExpectedGradients,GCN,GraphSAGE,0.7379667673869655
1:200_subil,none,43,ExpectedGradients,GCN,GAT,0.7431607329811188
1:200_subil,none,43,ExpectedGradients,GCN,TAGCN,0.7496016128420657
1:200_subil,none,43,ExpectedGradients,GraphSAGE,GAT,0.7483662841336213
1:200_subil,none,43,ExpectedGradients,GraphSAGE,TAGCN,0.7331449900244981
1:200_subil,none,43,ExpectedGradients,GAT,TAGCN,0.7313654502521758
1:200_subil,none,44,GNNExplainer,GCN,GraphSAGE,0.9010326170572047
1:200_subil,none,44,GNNExplainer,GCN,GAT,0.894363270891459
1:200_subil,none,44,GNNExplainer,GCN,TAGCN,0.8251913219319792
1:200_subil,none,44,GNNExplainer,GraphSAGE,GAT,0.9379883366721838
1:200_subil,none,44,GNNExplainer,GraphSAGE,TAGCN,0.8763569686551043
1:200_subil,none,44,GNNExplainer,GAT,TAGCN,0.847377445249738
1:200_subil,none,44,ShapleyFeatures,GCN,GraphSAGE,0.8893288541321744
1:200_subil,none,44,ShapleyFeatures,GCN,GAT,0.8634331298599326
1:200_subil,none,44,ShapleyFeatures,GCN,TAGCN,0.8994672263254023
1:200_subil,none,44,ShapleyFeatures,GraphSAGE,GAT,0.8973242509833282
1:200_subil,none,44,ShapleyFeatures,GraphSAGE,TAGCN,0.8859576759054333
1:200_subil,none,44,ShapleyFeatures,GAT,TAGCN,0.8537154229711948
1:200_subil,none,44,IntegratedGradients,GCN,GraphSAGE,0.954372026021815
1:200_subil,none,44,IntegratedGradients,GCN,GAT,0.960545301222629
1:200_subil,none,44,IntegratedGradients,GCN,TAGCN,0.9567649559987222
1:200_subil,none,44,IntegratedGradients,GraphSAGE,GAT,0.9627090350095915
1:200_subil,none,44,IntegratedGradients,GraphSAGE,TAGCN,0.9604929129573965
1:200_subil,none,44,IntegratedGradients,GAT,TAGCN,0.9655898083053356
1:200_subil,none,44,ExpectedGradients,GCN,GraphSAGE,0.7293205839076407
1:200_subil,none,44,ExpectedGradients,GCN,GAT,0.6346902006945512
1:200_subil,none,44,ExpectedGradients,GCN,TAGCN,0.7187505301380487
1:200_subil,none,44,ExpectedGradients,GraphSAGE,GAT,0.6341820292509969
1:200_subil,none,44,ExpectedGradients,GraphSAGE,TAGCN,0.7391801460189885
1:200_subil,none,44,ExpectedGradients,GAT,TAGCN,0.6323150036499577
1:200_subil,class_weighting,42,GNNExplainer,GCN,GraphSAGE,0.920813942261562
1:200_subil,class_weighting,42,GNNExplainer,GCN,GAT,0.9109876373082979
1:200_subil,class_weighting,42,GNNExplainer,GCN,TAGCN,0.8390685879683659
1:200_subil,class_weighting,42,GNNExplainer,GraphSAGE,GAT,0.935265109785887
1:200_subil,class_weighting,42,GNNExplainer,GraphSAGE,TAGCN,0.88988439125603
1:200_subil,class_weighting,42,GNNExplainer,GAT,TAGCN,0.8810009710576431
1:200_subil,class_weighting,42,ShapleyFeatures,GCN,GraphSAGE,0.9157768648578156
1:200_subil,class_weighting,42,ShapleyFeatures,GCN,GAT,0.923421565655231
1:200_subil,class_weighting,42,ShapleyFeatures,GCN,TAGCN,0.9062838833414434
1:200_subil,class_weighting,42,ShapleyFeatures,GraphSAGE,GAT,0.9391351492427117
1:200_subil,class_weighting,42,ShapleyFeatures,GraphSAGE,TAGCN,0.9036465335547097
1:200_subil,class_weighting,42,ShapleyFeatures,GAT,TAGCN,0.9029310038255787
1:200_subil,class_weighting,42,IntegratedGradients,GCN,GraphSAGE,0.963537973471443
1:200_subil,class_weighting,42,IntegratedGradients,GCN,GAT,0.9684314214176832
1:200_subil,class_weighting,42,IntegratedGradients,GCN,TAGCN,0.966145938760367
1:200_subil,class_weighting,42,IntegratedGradients,GraphSAGE,GAT,0.965384267211045
1:200_subil,class_weighting,42,IntegratedGradients,GraphSAGE,TAGCN,0.9653948503314774
1:200_subil,class_weighting,42,IntegratedGradients,GAT,TAGCN,0.9676473708406292
1:200_subil,class_weighting,42,ExpectedGradients,GCN,GraphSAGE,0.6929289474260545
1:200_subil,class_weighting,42,ExpectedGradients,GCN,GAT,0.732046002481219
1:200_subil,class_weighting,42,ExpectedGradients,GCN,TAGCN,0.6762949002329921
1:200_subil,class_weighting,42,ExpectedGradients,GraphSAGE,GAT,0.7252382574085
1:200_subil,class_weighting,42,ExpectedGradients,GraphSAGE,TAGCN,0.7488117578306895
1:200_subil,class_weighting,42,ExpectedGradients,GAT,TAGCN,0.7058552186386684
1:200_subil,class_weighting,43,GNNExplainer,GCN,GraphSAGE,0.9166271142973759
1:200_subil,class_weighting,43,GNNExplainer,GCN,GAT,0.9089207614030101
1:200_subil,class_weighting,43,GNNExplainer,GCN,TAGCN,0.8324737425218559
1:200_subil,class_weighting,43,GNNExplainer,GraphSAGE,GAT,0.9296255872832361
1:200_subil,class_weighting,43,GNNExplainer,GraphSAGE,TAGCN,0.8932799288904942
1:200_subil,class_weighting,43,GNNExplainer,GAT,TAGCN,0.8740114451697377
1:200_subil,class_weighting,43,ShapleyFeatures,GCN,GraphSAGE,0.9152614400754701
1:200_subil,class_weighting,43,ShapleyFeatures,GCN,GAT,0.921177027005903
1:200_subil,class_weighting,43,ShapleyFeatures,GCN,TAGCN,0.9089192006028005
1:200_subil,class_weighting,43,ShapleyFeatures,GraphSAGE,GAT,0.9396496519700079
1:200_subil,class_weighting,43,ShapleyFeatures,GraphSAGE,TAGCN,0.9087709470468299
1:200_subil,class_weighting,43,ShapleyFeatures,GAT,TAGCN,0.9010938817373852
1:200_subil,class_weighting,43,IntegratedGradients,GCN,GraphSAGE,0.9580518464538736
1:200_subil,class_weighting,43,IntegratedGradients,GCN,GAT,0.9654994410196188
1:200_subil,class_weighting,43,IntegratedGradients,GCN,TAGCN,0.965315265813717
1:200_subil,class_weighting,43,IntegratedGradients,GraphSAGE,GAT,0.9627060850049473
1:200_subil,class_weighting,43,IntegratedGradients,GraphSAGE,TAGCN,0.968274699022773
1:200_subil,class_weighting,43,IntegratedGradients,GAT,TAGCN,0.9672407626814222
1:200_subil,class_weighting,43,ExpectedGradients,GCN,GraphSAGE,0.6722923353526519
1:200_subil,class_weighting,43,ExpectedGradients,GCN,GAT,0.6925469089129893
1:200_subil,class_weighting,43,ExpectedGradients,GCN,TAGCN,0.6526578452026899
1:200_subil,class_weighting,43,ExpectedGradients,GraphSAGE,GAT,0.7208376732131033
1:200_subil,class_weighting,43,ExpectedGradients,GraphSAGE,TAGCN,0.721015754136422
1:200_subil,class_weighting,43,ExpectedGradients,GAT,TAGCN,0.7005354783774472
1:200_subil,class_weighting,44,GNNExplainer,GCN,GraphSAGE,0.9009728489678377
1:200_subil,class_weighting,44,GNNExplainer,GCN,GAT,0.8948542337818252
1:200_subil,class_weighting,44,GNNExplainer,GCN,TAGCN,0.8234502340148898
1:200_subil,class_weighting,44,GNNExplainer,GraphSAGE,GAT,0.8976983467785569
1:200_subil,class_weighting,44,GNNExplainer,GraphSAGE,TAGCN,0.849906450510688
1:200_subil,class_weighting,44,GNNExplainer,GAT,TAGCN,0.8332848763087413
1:200_subil,class_weighting,44,ShapleyFeatures,GCN,GraphSAGE,0.9095344728468804
1:200_subil,class_weighting,44,ShapleyFeatures,GCN,GAT,0.9063558588802602
1:200_subil,class_weighting,44,ShapleyFeatures,GCN,TAGCN,0.9005939630128549
1:200_subil,class_weighting,44,ShapleyFeatures,GraphSAGE,GAT,0.9393773568479333
1:200_subil,class_weighting,44,ShapleyFeatures,GraphSAGE,TAGCN,0.8903834090070185
1:200_subil,class_weighting,44,ShapleyFeatures,GAT,TAGCN,0.883812813017191
1:200_subil,class_weighting,44,IntegratedGradients,GCN,GraphSAGE,0.9546218501027488
1:200_subil,class_weighting,44,IntegratedGradients,GCN,GAT,0.9530965610875948
1:200_subil,class_weighting,44,IntegratedGradients,GCN,TAGCN,0.9571894159767781
1:200_subil,class_weighting,44,IntegratedGradients,GraphSAGE,GAT,0.963901466974992
1:200_subil,class_weighting,44,IntegratedGradients,GraphSAGE,TAGCN,0.9589677802599339
1:200_subil,class_weighting,44,IntegratedGradients,GAT,TAGCN,0.9546695961342812
1:200_subil,class_weighting,44,ExpectedGradients,GCN,GraphSAGE,0.7121140858432041
1:200_subil,class_weighting,44,ExpectedGradients,GCN,GAT,0.6826631357366153
1:200_subil,class_weighting,44,ExpectedGradients,GCN,TAGCN,0.7382367295409016
1:200_subil,class_weighting,44,ExpectedGradients,GraphSAGE,GAT,0.7351483048837049
1:200_subil,class_weighting,44,ExpectedGradients,GraphSAGE,TAGCN,0.7138291581187766
1:200_subil,class_weighting,44,ExpectedGradients,GAT,TAGCN,0.6939090727746923
1:200_subil,focal_loss,42,GNNExplainer,GCN,GraphSAGE,0.9150908529226537
1:200_subil,focal_loss,42,GNNExplainer,GCN,GAT,0.9068053878046689
1:200_subil,focal_loss,42,GNNExplainer,GCN,TAGCN,0.8558099345123925
1:200_subil,focal_loss,42,GNNExplainer,GraphSAGE,GAT,0.9007711826220779
1:200_subil,focal_loss,42,GNNExplainer,GraphSAGE,TAGCN,0.8663217644322576
1:200_subil,focal_loss,42,GNNExplainer,GAT,TAGCN,0.8524173451116482
1:200_subil,focal_loss,42,ShapleyFeatures,GCN,GraphSAGE,0.9221315239167157
1:200_subil,focal_loss,42,ShapleyFeatures,GCN,GAT,0.9019914782718437
1:200_subil,focal_loss,42,ShapleyFeatures,GCN,TAGCN,0.9001625843276416
1:200_subil,focal_loss,42,ShapleyFeatures,GraphSAGE,GAT,0.9075486077223993
1:200_subil,focal_loss,42,ShapleyFeatures,GraphSAGE,TAGCN,0.9028263412631838
1:200_subil,focal_loss,42,ShapleyFeatures,GAT,TAGCN,0.8873202333842113
1:200_subil,focal_loss,42,IntegratedGradients,GCN,GraphSAGE,0.9519479406634652
1:200_subil,focal_loss,42,IntegratedGradients,GCN,GAT,0.9560749429013737
1:200_subil,focal_loss,42,IntegratedGradients,GCN,TAGCN,0.9584231282300986
1:200_subil,focal_loss,42,IntegratedGradients,GraphSAGE,GAT,0.9596641281844585
1:200_subil,focal_loss,42,IntegratedGradients,GraphSAGE,TAGCN,0.9553352848286851
1:200_subil,focal_loss,42,IntegratedGradients,GAT,TAGCN,0.9588232361086539
1:200_subil,focal_loss,42,ExpectedGradients,GCN,GraphSAGE,0.7236977036770267
1:200_subil,focal_loss,42,ExpectedGradients,GCN,GAT,0.6920365953146136
1:200_subil,focal_loss,42,ExpectedGradients,GCN,TAGCN,0.7197518991803938
1:200_subil,focal_loss,42,ExpectedGradients,GraphSAGE,GAT,0.7364616370516404
1:200_subil,focal_loss,42,ExpectedGradients,GraphSAGE,TAGCN,0.7468265183147637
1:200_subil,focal_loss,42,ExpectedGradients,GAT,TAGCN,0.7339350938511546
1:200_subil,focal_loss,43,GNNExplainer,GCN,GraphSAGE,0.9077761633827259
1:200_subil,focal_loss,43,GNNExplainer,GCN,GAT,0.8940508670896273
1:200_subil,focal_loss,43,GNNExplainer,GCN,TAGCN,0.8256534350497363
1:200_subil,focal_loss,43,GNNExplainer,GraphSAGE,GAT,0.9030847382283758
1:200_subil,focal_loss,43,GNNExplainer,GraphSAGE,TAGCN,0.8608861920144087
1:200_subil,focal_loss,43,GNNExplainer,GAT,TAGCN,0.8538860723732794
1:200_subil,focal_loss,43,ShapleyFeatures,GCN,GraphSAGE,0.9314893899345135
1:200_subil,focal_loss,43,ShapleyFeatures,GCN,GAT,0.9235830341332508
1:200_subil,focal_loss,43,ShapleyFeatures,GCN,TAGCN,0.9035843414556167
1:200_subil,focal_loss,43,ShapleyFeatures,GraphSAGE,GAT,0.9130977925008835
1:200_subil,focal_loss,43,ShapleyFeatures,GraphSAGE,TAGCN,0.9031147714533262
1:200_subil,focal_loss,43,ShapleyFeatures,GAT,TAGCN,0.8925193847995163
1:200_subil,focal_loss,43,IntegratedGradients,GCN,GraphSAGE,0.9571106103376052
1:200_subil,focal_loss,43,IntegratedGradients,GCN,GAT,0.9629317852917024
1:200_subil,focal_loss,43,IntegratedGradients,GCN,TAGCN,0.9572625700283806
1:200_subil,focal_loss,43,IntegratedGradients,GraphSAGE,GAT,0.9549700136960068
1:200_subil,focal_loss,43,IntegratedGradients,GraphSAGE,TAGCN,0.952284686280724
1:200_subil,focal_loss,43,IntegratedGradients,GAT,TAGCN,0.9556017564129593
1:200_subil,focal_loss,43,ExpectedGradients,GCN,GraphSAGE,0.7439448823524101
1:200_subil,focal_loss,43,ExpectedGradients,GCN,GAT,0.8028884995179955
1:200_subil,focal_loss,43,ExpectedGradients,GCN,TAGCN,0.7344618627695332
1:200_subil,focal_loss,43,ExpectedGradients,GraphSAGE,GAT,0.75554041139198
1:200_subil,focal_loss,43,ExpectedGradients,GraphSAGE,TAGCN,0.7621313365547626
1:200_subil,focal_loss,43,ExpectedGradients,GAT,TAGCN,0.7464764857287591
1:200_subil,focal_loss,44,GNNExplainer,GCN,GraphSAGE,0.9070184159881635
1:200_subil,focal_loss,44,GNNExplainer,GCN,GAT,0.9185222004804741
1:200_subil,focal_loss,44,GNNExplainer,GCN,TAGCN,0.8248635304400199
1:200_subil,focal_loss,44,GNNExplainer,GraphSAGE,GAT,0.9040145347518577
1:200_subil,focal_loss,44,GNNExplainer,GraphSAGE,TAGCN,0.8621557912081037
1:200_subil,focal_loss,44,GNNExplainer,GAT,TAGCN,0.8187495115814211
1:200_subil,focal_loss,44,ShapleyFeatures,GCN,GraphSAGE,0.9299337058874889
1:200_subil,focal_loss,44,ShapleyFeatures,GCN,GAT,0.9195161854914583
1:200_subil,focal_loss,44,ShapleyFeatures,GCN,TAGCN,0.8996278687849274
1:200_subil,focal_loss,44,ShapleyFeatures,GraphSAGE,GAT,0.9086852207167033
1:200_subil,focal_loss,44,ShapleyFeatures,GraphSAGE,TAGCN,0.8973277628604563
1:200_subil,focal_loss,44,ShapleyFeatures,GAT,TAGCN,0.8809643535948013
1:200_subil,focal_loss,44,IntegratedGradients,GCN,GraphSAGE,0.9601189346877329
1:200_subil,focal_loss,44,IntegratedGradients,GCN,GAT,0.9671829108270348
1:200_subil,focal_loss,44,IntegratedGradients,GCN,TAGCN,0.9605145119263484
1:200_subil,focal_loss,44,IntegratedGradients,GraphSAGE,GAT,0.9616288507895959
1:200_subil,focal_loss,44,IntegratedGradients,GraphSAGE,TAGCN,0.9587601721432477
1:200_subil,focal_loss,44,IntegratedGradients,GAT,TAGCN,0.9619080855552995
1:200_subil,focal_loss,44,ExpectedGradients,GCN,GraphSAGE,0.7533233448169808
1:200_subil,focal_loss,44,ExpectedGradients,GCN,GAT,0.7688875440975775
1:200_subil,focal_loss,44,ExpectedGradients,GCN,TAGCN,0.7491582908284131
1:200_subil,focal_loss,44,ExpectedGradients,GraphSAGE,GAT,0.7025264432105377
1:200_subil,focal_loss,44,ExpectedGradients,GraphSAGE,TAGCN,0.7341508252260758
1:200_subil,focal_loss,44,ExpectedGradients,GAT,TAGCN,0.6981125899514905
