arch,balancing,explainer,seed_a,seed_b,rho
GCN,none,GNNExplainer,42,43,0.913928767539663
GCN,none,GNNExplainer,42,44,0.9088162194943744
GCN,none,GNNExplainer,43,44,0.9172302617889252
GCN,none,ShapleyFeatures,42,43,0.9252620011361941
GCN,none,ShapleyFeatures,42,44,0.9265554064061715
GCN,none,ShapleyFeatures,43,44,0.9337069774231429
GCN,none,IntegratedGradients,42,43,0.9581794603560386
GCN,none,IntegratedGradients,42,44,0.9583386902856331
GCN,none,IntegratedGradients,43,44,0.9673450218753363
GCN,none,ExpectedGradients,42,43,0.7422872912304819
GCN,none,ExpectedGradients,42,44,0.7342660736658401
GCN,none,ExpectedGradients,43,44,0.7949185807782274
GCN,class_weighting,GNNExplainer,42,43,0.9232796912294349
GCN,class_weighting,GNNExplainer,42,44,0.9149868869004004
GCN,class_weighting,GNNExplainer,43,44,0.928872212668203
GCN,class_weighting,ShapleyFeatures,42,43,0.9325872629668687
GCN,class_weighting,ShapleyFeatures,42,44,0.9275573119739081
GCN,class_weighting,ShapleyFeatures,43,44,0.9268835533174236
GCN,class_weighting,IntegratedGradients,42,43,0.9584365258107215
GCN,class_weighting,IntegratedGradients,42,44,0.9559485483558702
GCN,class_weighting,IntegratedGradients,43,44,0.9569062474795333
GCN,class_weighting,ExpectedGradients,42,43,0.7338866266869959
GCN,class_weighting,ExpectedGradients,42,44,0.7140338306031039
GCN,class_weighting,ExpectedGradients,43,44,0.7525757343078726
GCN,focal_loss,GNNExplainer,42,43,0.9189405242891132
GCN,focal_loss,GNNExplainer,42,44,0.915675398096534
GCN,focal_loss,GNNExplainer,43,44,0.9093954328717069
GCN,focal_loss,ShapleyFeatures,42,43,0.9344637495484851
GCN,focal_loss,ShapleyFeatures,42,44,0.9282119126576129
GCN,focal_loss,ShapleyFeatures,43,44,0.9370915723379922
GCN,focal_loss,IntegratedGradients,42,43,0.9610715931929702
GCN,focal_loss,IntegratedGradients,42,44,0.9575435649641659
GCN,focal_loss,IntegratedGradients,43,44,0.9615612341807991
GCN,focal_loss,ExpectedGradients,42,43,0.756794924655932
GCN,focal_loss,ExpectedGradients,42,44,0.7452742137661628
GCN,focal_loss,ExpectedGradients,43,44,0.7803457684831411
GraphSAGE,none,GNNExplainer,42,43,0.9252959344928511
GraphSAGE,none,GNNExplainer,42,44,0.933620282222698
GraphSAGE,none,GNNExplainer,43,44,0.9333702146101281
GraphSAGE,none,ShapleyFeatures,42,43,0.9480240027117134
GraphSAGE,none,ShapleyFeatures,42,44,0.9536369357397774
GraphSAGE,none,ShapleyFeatures,43,44,0.9522324590993071
GraphSAGE,none,IntegratedGradients,42,43,0.970046645835972
GraphSAGE,none,IntegratedGradients,42,44,0.9697872287242333
GraphSAGE,none,IntegratedGradients,43,44,0.967378316653908
GraphSAGE,none,ExpectedGradients,42,43,0.7958935365991081
GraphSAGE,none,ExpectedGradients,42,44,0.7910940327168341
GraphSAGE,none,ExpectedGradients,43,44,0.7860893017900478
GraphSAGE,class_weighting,GNNExplainer,42,43,0.9538176213213235
GraphSAGE,class_weighting,GNNExplainer,42,44,0.9700572197283506
GraphSAGE,class_weighting,GNNExplainer,43,44,0.9584118279225607
GraphSAGE,class_weighting,ShapleyFeatures,42,43,0.9575451679833121
GraphSAGE,class_weighting,ShapleyFeatures,42,44,0.9615514904387474
GraphSAGE,class_weighting,ShapleyFeatures,43,44,0.9660796180285165
GraphSAGE,class_weighting,IntegratedGradients,42,43,0.9770573611254477
GraphSAGE,class_weighting,IntegratedGradients,42,44,0.9808551209555171
GraphSAGE,class_weighting,IntegratedGradients,43,44,0.9823053920390353
GraphSAGE,class_weighting,ExpectedGradients,42,43,0.857781596980458
GraphSAGE,class_weighting,ExpectedGradients,42,44,0.8615629643455501
GraphSAGE,class_weighting,ExpectedGradients,43,44,0.8736703523803006
GraphSAGE,focal_loss,GNNExplainer,42,43,0.9293330845050508
GraphSAGE,focal_loss,GNNExplainer,42,44,0.9283283372392125
GraphSAGE,focal_loss,GNNExplainer,43,44,0.9344856991074557
GraphSAGE,focal_loss,ShapleyFeatures,42,43,0.9433013674125429
GraphSAGE,focal_loss,ShapleyFeatures,42,44,0.9426668670882622
GraphSAGE,focal_loss,ShapleyFeatures,43,44,0.943252417057723
GraphSAGE,focal_loss,IntegratedGradients,42,43,0.962549905047213
GraphSAGE,focal_loss,IntegratedGradients,42,44,0.963941794274071
GraphSAGE,focal_loss,IntegratedGradients,43,44,0.964522111110957
GraphSAGE,focal_loss,ExpectedGradients,42,43,0.7698469044586003
GraphSAGE,focal_loss,ExpectedGradients,42,44,0.7805650242984471
GraphSAGE,focal_loss,ExpectedGradients,43,44,0.7724335228438546
GAT,none,GNNExplainer,42,43,0.937828558451418
GAT,none,GNNExplainer,42,44,0.9079561742699267
GAT,none,GNNExplainer,43,44,0.925357128729051
GAT,none,ShapleyFeatures,42,43,0.9453281027460142
GAT,none,ShapleyFeatures,42,44,0.9468781950201807
GAT,none,ShapleyFeatures,43,44,0.95421023273901
GAT,none,IntegratedGradients,42,43,0.9731695353774832
GAT,none,IntegratedGradients,42,44,0.9697071771882583
GAT,none,IntegratedGradients,43,44,0.9745313690515903
GAT,none,ExpectedGradients,42,43,0.824541504963
GAT,none,ExpectedGradients,42,44,0.741680378636015
GAT,none,ExpectedGradients,43,44,0.7626651256718435
GAT,class_weighting,GNNExplainer,42,43,0.9350796733512574
GAT,class_weighting,GNNExplainer,42,44,0.9291196174680727
GAT,class_weighting,GNNExplainer,43,44,0.9386782858721066
GAT,class_weighting,ShapleyFeatures,42,43,0.9448922016146416
GAT,class_weighting,ShapleyFeatures,42,44,0.9444439339481719
GAT,class_weighting,ShapleyFeatures,43,44,0.9544682430194867
GAT,class_weighting,IntegratedGradients,42,43,0.9702238130725737
GAT,class_weighting,IntegratedGradients,42,44,0.9662633621848682
GAT,class_weighting,IntegratedGradients,43,44,0.971074606525669
GAT,class_weighting,ExpectedGradients,42,43,0.7292023876419876
GAT,class_weighting,ExpectedGradients,42,44,0.7334958183666965
GAT,class_weighting,ExpectedGradients,43,44,0.8042260657337434
GAT,focal_loss,GNNExplainer,42,43,0.9146882008225606
GAT,focal_loss,GNNExplainer,42,44,0.9170737318832612
GAT,focal_loss,GNNExplainer,43,44,0.9188998784186141
GAT,focal_loss,ShapleyFeatures,42,43,0.938685357158491
GAT,focal_loss,ShapleyFeatures,42,44,0.9421148323104882
GAT,focal_loss,ShapleyFeatures,43,44,0.9438230340598857
GAT,focal_loss,IntegratedGradients,42,43,0.9692299450053041
GAT,focal_loss,IntegratedGradients,42,44,0.9666606011239322
GAT,focal_loss,IntegratedGradients,43,44,0.9679932413705924
GAT,focal_loss,ExpectedGradients,42,43,0.7524551445811062
GAT,focal_loss,ExpectedGradients,42,44,0.7555975305959772
GAT,focal_loss,ExpectedGradients,43,44,0.7715097199437452
TAGCN,none,GNNExplainer,42,43,0.9521955232557752
TAGCN,none,GNNExplainer,42,44,0.9533742624454136
TAGCN,none,GNNExplainer,43,44,0.9521054552295148
TAGCN,none,ShapleyFeatures,42,43,0.9299711540456538
TAGCN,none,ShapleyFeatures,42,44,0.9259372804825083
TAGCN,none,ShapleyFeatures,43,44,0.924967979659988
TAGCN,none,IntegratedGradients,42,43,0.965522589411792
TAGCN,none,IntegratedGradients,42,44,0.9662890591657846
TAGCN,none,IntegratedGradients,43,44,0.9619072735373478
TAGCN,none,ExpectedGradients,42,43,0.7718867359359142
TAGCN,none,ExpectedGradients,42,44,0.7691921835675213
TAGCN,none,ExpectedGradients,43,44,0.7772427125257501
TAGCN,class_weighting,GNNExplainer,42,43,0.9640004074526982
TAGCN,class_weighting,GNNExplainer,42,44,0.9033801189302009
TAGCN,class_weighting,GNNExplainer,43,44,0.9069161521873171
TAGCN,class_weighting,ShapleyFeatures,42,43,0.9428835513093914
TAGCN,class_weighting,ShapleyFeatures,42,44,0.9158068624640421
TAGCN,class_weighting,ShapleyFeatures,43,44,0.9133371665949638
TAGCN,class_weighting,IntegratedGradients,42,43,0.9729618193387655
TAGCN,class_weighting,IntegratedGradients,42,44,0.954127380219639
TAGCN,class_weighting,IntegratedGradients,43,44,0.9557764759048931
TAGCN,class_weighting,ExpectedGradients,42,43,0.7823167777730754
TAGCN,class_weighting,ExpectedGradients,42,44,0.6438899754976533
TAGCN,class_weighting,ExpectedGradients,43,44,0.6530610017912423
TAGCN,focal_loss,GNNExplainer,42,43,0.9099132341943987
TAGCN,focal_loss,GNNExplainer,42,44,0.9306906405453638
TAGCN,focal_loss,GNNExplainer,43,44,0.9336279827872577
TAGCN,focal_loss,ShapleyFeatures,42,43,0.9215145561979811
TAGCN,focal_loss,ShapleyFeatures,42,44,0.9269473131062831
TAGCN,focal_loss,ShapleyFeatures,43,44,0.923757810190196
TAGCN,focal_loss,IntegratedGradients,42,43,0.9642313428617258
TAGCN,focal_loss,IntegratedGradients,42,44,0.9658403535411691
TAGCN,focal_loss,IntegratedGradients,43,44,0.9609333857076291
TAGCN,focal_loss,ExpectedGradients,42,43,0.6962845158106127
TAGCN,focal_loss,ExpectedGradients,42,44,0.7627524103581862
TAGCN,focal_loss,ExpectedGradients,43,44,0.7222331413213082
