scenario,arch,balancing,n_seeds,n_train_illicit,n_train_neg,val_pr_auc,val_pr_auc_sd,val_f1,val_mcc,val_f1_cal,val_mcc_cal,test_pr_auc,threshold,n_gate_model,gate_05,gate_cal
1:10,GAT,class_weighting,3,3462,34620,0.3228163084114606,0.04094087620120194,0.196506474986149,0.2624826958649984,0.4033447112507805,0.3901587855554169,0.008411026252679065,0.8823529411764706,0,False,True
1:10,GAT,focal_loss,3,3462,34620,0.30415785847398963,0.025011009554848158,0.25850186647197987,0.29776133332511984,0.39374383079323133,0.3823507299707282,0.00509780477340381,0.630718954248366,0,False,True
1:10,GAT,none,3,3462,34620,0.4042226865627465,0.02578033746161597,0.4567163156969674,0.44638942498626805,0.4587165027743239,0.44789899385641935,0.006395349337453209,0.5065359477124183,3,True,True
1:10,GCN,class_weighting,3,3462,34620,0.1616144129144408,0.1035038451431946,0.1594687193780742,0.1911527994621224,0.22369912283973103,0.21152754542257465,0.0058694601768791745,0.7418300653594772,0,False,False
1:10,GCN,focal_loss,3,3462,34620,0.145670334000688,0.05451252488983931,0.22690760921131678,0.21042995798346972,0.22740537563360977,0.2111227002164291,0.007917002292187255,0.5032679738562091,0,False,False
1:10,GCN,none,3,3462,34620,0.12145495594615781,0.03446520566568209,0.20870733966401464,0.19888179071261577,0.2138876204208837,0.2001620733018883,0.01300960795485122,0.5130718954248366,0,False,False
1:10,GraphSAGE,class_weighting,3,3462,34620,0.4547520414987855,0.007674459070186374,0.398633529800512,0.4299361430187061,0.500331692945103,0.4887506870439277,0.01075659826490605,0.8398692810457516,3,True,True
1:10,GraphSAGE,focal_loss,3,3462,34620,0.42612878255186176,0.08285160555927122,0.44773722876546956,0.4491888439876046,0.47707159966647233,0.4649171994897945,0.009653145474276937,0.545751633986928,3,True,True
1:10,GraphSAGE,none,3,3462,34620,0.37347038889461387,0.0641125302328177,0.4430901918107832,0.4309386606595025,0.44702436502411924,0.4356846686847364,0.005551311897716665,0.48366013071895425,3,True,True
1:10,TAGCN,class_weighting,3,3462,34620,0.2936076318075897,0.13506234508421266,0.349605378965039,0.364555795366369,0.3994032266451619,0.39127282590901996,0.007849408037196743,0.7418300653594772,2,True,True
1:10,TAGCN,focal_loss,3,3462,34620,0.40764046331573717,0.02110251422966164,0.43482600984954006,0.4384322129914613,0.4844940125633483,0.4721105654897175,0.004363223770581754,0.5424836601307189,3,True,True
1:10,TAGCN,none,3,3462,34620,0.32019152838391784,0.05355286385042851,0.41331470884409277,0.40046521775824423,0.41953134768780215,0.40595059395274474,0.008044815159669354,0.47385620915032683,3,True,True
1:100_subil,GAT,class_weighting,3,1328,132803,0.337240877043753,0.021128181751111107,0.2429716320018536,0.29898126933592356,0.4149265000413154,0.4013110882345193,0.007228716364088027,0.8627450980392157,0,False,True
1:100_subil,GAT,focal_loss,3,1328,132803,0.23777987708340098,0.1202724571637948,0.26696810939509596,0.2613589000025247,0.30655669146299497,0.2902189029425426,0.0053071830934674396,0.40849673202614384,1,False,True
1:100_subil,GAT,none,3,1328,132803,0.11639340387383741,0.04222692299057352,0.18666234797526937,0.1660600441105993,0.19661823024323502,0.17761971945860155,0.004979892445171392,0.5163398692810457,0,False,False
1:100_subil,GCN,class_weighting,3,1328,132803,0.14465259800980704,0.08835286223955904,0.15919354401929384,0.1798865713202558,0.2135334300603691,0.20150540691603716,0.006969415248630175,0.7254901960784313,0,False,False
1:100_subil,GCN,focal_loss,3,1328,132803,0.095840405154123,0.022006378720789126,0.17047364996225653,0.15428855553745416,0.1867933388041445,0.1664341720283817,0.006759026240561575,0.5718954248366013,0,False,False
1:100_subil,GCN,none,3,1328,132803,0.025632824054728744,0.008098370873356514,0.03342631297677378,-0.008853670235435906,0.05921811908780592,0.023585353857826837,0.005435750575926546,0.15359477124183007,0,False,False
1:100_subil,GraphSAGE,class_weighting,3,1328,132803,0.3738323971523578,0.12254783527258993,0.4016365402190834,0.40494438425185275,0.44741682124596455,0.43558531230918773,0.006957781663793794,0.6503267973856208,2,True,True
1:100_subil,GraphSAGE,focal_loss,3,1328,132803,0.11050746762472224,0.14984360676618236,0.12203036218659141,0.10382875988137086,0.15545623742300194,0.1351827101568834,0.010433322622345304,0.3594771241830066,1,False,False
1:100_subil,GraphSAGE,none,3,1328,132803,0.023856610510490983,0.0007989456958290037,0.014632468223468675,-0.017635857517128598,0.054305672401214505,0.0474525926635282,0.014918278403050699,0.0784313725490196,0,False,False
1:100_subil,TAGCN,class_weighting,3,1328,132803,0.2748850165852172,0.11766070177930121,0.3342677967488794,0.3329054772415841,0.36667072425279895,0.35334127026587453,0.007609550825463042,0.6699346405228758,2,True,True
1:100_subil,TAGCN,focal_loss,3,1328,132803,0.170284150706,0.14825334683663827,0.12389856665031895,0.1427843780594914,0.24391330878286901,0.23119605280114444,0.005898478929879887,0.40196078431372545,1,False,False
1:100_subil,TAGCN,none,3,1328,132803,0.03572676562913819,0.013470310079893506,0.0,-0.0021591342027124853,0.07360423352462016,0.06627083162471559,0.006361429550552154,0.22549019607843138,0,False,False
1:10_os,GAT,class_weighting,3,6924,69240,0.3450737269073148,0.02599469386349704,0.22983107853413207,0.2948438295239804,0.42372107127880376,0.41250466070880193,0.009081277639779582,0.8692810457516339,0,False,True
1:10_os,GAT,focal_loss,3,6924,69240,0.29431347890426723,0.10241972286973794,0.33674293935807253,0.3307702809413729,0.36041941629040236,0.34561182201531765,0.006149762910383646,0.4803921568627451,2,True,True
1:10_os,GAT,none,3,6924,69240,0.3852216021475594,0.03354436265714712,0.4333948155623935,0.4205587460402791,0.4393057220913829,0.4260109124167433,0.005694306987661751,0.5490196078431372,3,True,True
1:10_os,GCN,class_weighting,3,6924,69240,0.16179519085420377,0.10367022686795466,0.16640566836703244,0.19500918433752779,0.22263595699413952,0.2115268729115667,0.007290163947246767,0.738562091503268,0,False,False
1:10_os,GCN,focal_loss,3,6924,69240,0.10771061994958409,0.011233716410906636,0.1807699367125839,0.16254971606026458,0.1843592849085033,0.16593680713689546,0.008445565996020034,0.5228758169934641,0,False,False
1:10_os,GCN,none,3,6924,69240,0.12354837200896858,0.036720611875437396,0.2122093834317187,0.2029782500341,0.21563844121832118,0.20076042307310693,0.012766658387525859,0.5261437908496731,0,False,False
1:10_os,GraphSAGE,class_weighting,3,6924,69240,0.43830508578898614,0.015338073485879627,0.4176316408195431,0.4328074913211372,0.4659408938367982,0.45332400602302947,0.011085999019780905,0.7908496732026142,3,True,True
1:10_os,GraphSAGE,focal_loss,3,6924,69240,0.4421483187540132,0.018925971144913734,0.46322473741404074,0.4558493633926461,0.47579197452654126,0.46596696248639263,0.010115362765577342,0.5424836601307189,3,True,True
1:10_os,GraphSAGE,none,3,6924,69240,0.3474417294858833,0.03668350858294247,0.43325800187460367,0.42138106275944015,0.43406754602035474,0.42315277664335094,0.004879103702648227,0.49673202614379086,3,True,True
1:10_os,TAGCN,class_weighting,3,6924,69240,0.29217780923691,0.13483394583196967,0.358362659024219,0.362969124495959,0.38962957618130756,0.3791553840906324,0.00841029867102329,0.7091503267973857,2,True,True
1:10_os,TAGCN,focal_loss,3,6924,69240,0.40217613749285525,0.028342608964157412,0.4456571781558614,0.4422773650990355,0.46539688470129376,0.45310088211162586,0.004910871779206066,0.5359477124183006,3,True,True
1:10_os,TAGCN,none,3,6924,69240,0.39684946884953315,0.031116027009673756,0.4551069642069252,0.4447620135583635,0.45893017310172307,0.45139767134236647,0.009503916076740823,0.5163398692810457,3,True,True
1:20,GAT,class_weighting,3,3462,69240,0.31985242411550924,0.042754885644820696,0.19826325661997402,0.2635235319367382,0.4002186190769959,0.38969800582015357,0.008615335073440509,0.8627450980392156,0,False,True
1:20,GAT,focal_loss,3,3462,69240,0.29581226294547824,0.05394720063169347,0.35946314629706394,0.3494788871625489,0.37233306992873333,0.35720424503381504,0.005496391655572907,0.5326797385620915,3,True,True
1:20,GAT,none,3,3462,69240,0.36796747419443526,0.033642052062693974,0.4159617976195711,0.41015513374901524,0.42210408914983777,0.40779087237039063,0.0052394410307303385,0.4542483660130719,3,True,True
1:20,GCN,class_weighting,3,3462,69240,0.16608663982942454,0.1074205802086332,0.16405732723646257,0.1958458063716927,0.22787254269934698,0.21425440250559316,0.005776994258114477,0.7450980392156863,0,False,False
1:20,GCN,focal_loss,3,3462,69240,0.09220012493620693,0.015171462772819366,0.161483183484299,0.14029222775904007,0.1692169647646143,0.15201064701930433,0.0057493316658251345,0.5490196078431372,0,False,False
1:20,GCN,none,3,3462,69240,0.11009544770674647,0.02587414265020455,0.18539233251870457,0.16802799986060857,0.19311290381844193,0.1775194787022809,0.011320018439211287,0.5163398692810457,0,False,False
1:20,GraphSAGE,class_weighting,3,3462,69240,0.45698907490806434,0.03218359168888556,0.4052724949187238,0.4335685925326113,0.49147666463255973,0.48152444434176545,0.01114414020814663,0.7875816993464051,3,True,True
1:20,GraphSAGE,focal_loss,3,3462,69240,0.36457438638092493,0.05063777283582931,0.41409031364653287,0.4109908818740073,0.43155187734721845,0.4194404733897857,0.007714828162861687,0.5359477124183006,3,True,True
1:20,GraphSAGE,none,3,3462,69240,0.2316865715090438,0.05445431137935888,0.33667037131736244,0.3206413631909583,0.3445020167618657,0.33100244319130745,0.00392215177086876,0.4705882352941177,2,True,True
1:20,TAGCN,class_weighting,3,3462,69240,0.29503633955735215,0.13600755890761002,0.35939246511010975,0.36987020992930136,0.4046636280660409,0.3923072541734766,0.008094332219997932,0.7091503267973857,2,True,True
1:20,TAGCN,focal_loss,3,3462,69240,0.43629384943298993,0.003209304884441848,0.48898448883006046,0.47634112249990235,0.49361613692230355,0.48174476094573393,0.006164787832125126,0.5098039215686274,3,True,True
1:20,TAGCN,none,3,3462,69240,0.34691126628147106,0.042460192530165114,0.35986675597086615,0.3683881035033698,0.4183336353377789,0.4041424941847886,0.01030393182972873,0.2843137254901961,3,True,True
1:200_subil,GAT,class_weighting,3,664,132803,0.3203755096655198,0.047221621902915706,0.20456081487638264,0.2623886361723204,0.3857796151086224,0.3719345251224699,0.009009194730818867,0.8725490196078431,0,False,True
1:200_subil,GAT,focal_loss,3,664,132803,0.20286622359743642,0.06175300794937243,0.266610043781193,0.25055217453416095,0.2749982886461703,0.257627406575159,0.005403160246700833,0.5294117647058824,1,False,False
1:200_subil,GAT,none,3,664,132803,0.0918998452283395,0.03863752195137624,0.11926201528081036,0.11486942813992139,0.1411705236362669,0.12008707494605697,0.004489636981343866,0.27124183006535946,0,False,False
1:200_subil,GCN,class_weighting,3,664,132803,0.14646592491965035,0.09065578026237224,0.15313251089367677,0.17569647004248776,0.21457244376717274,0.20020947381250317,0.0062376201383570334,0.7581699346405228,0,False,False
1:200_subil,GCN,focal_loss,3,664,132803,0.07052596197198922,0.03423065193422769,0.10598448435289552,0.0919716259584744,0.1254934330861828,0.1015829766988695,0.005859793716509635,0.41830065359477125,0,False,False
1:200_subil,GCN,none,3,664,132803,0.027094492483493906,0.015050596668524183,0.04917048827681187,-0.008364977617317068,0.06221046353020889,0.02262718225246978,0.004836386840620807,0.2549019607843137,0,False,False
1:200_subil,GraphSAGE,class_weighting,3,664,132803,0.3608882182471856,0.11866110463562943,0.4005092255873947,0.39987098799501347,0.42784541076134275,0.4149814862345847,0.006909097810378518,0.6732026143790849,2,True,True
1:200_subil,GraphSAGE,focal_loss,3,664,132803,0.023835310093685825,0.0007921646197366749,0.01465788714017222,-0.017985052659748257,0.05438194687776777,0.04818701516458932,0.01568295919112863,0.0784313725490196,0,False,False
1:200_subil,GraphSAGE,none,3,664,132803,0.026658580619526487,0.0006942577047090607,0.0,0.0,0.05065763999166736,0.013886186027562704,0.008528145700571102,0.00980392156862745,0,False,False
1:200_subil,TAGCN,class_weighting,3,664,132803,0.2829233434683977,0.1404234397134551,0.3399532866792221,0.34293457178911896,0.3687208658014612,0.358978859177777,0.007346881893347347,0.5718954248366013,2,True,True
1:200_subil,TAGCN,focal_loss,3,664,132803,0.02662801679734596,0.005740153878370815,0.03766442086521563,-0.01110074027376784,0.06139744837783051,0.058980384304375445,0.010010862625480763,0.1895424836601307,0,False,False
1:200_subil,TAGCN,none,3,664,132803,0.0356597713051395,0.013406442510744902,0.0,-0.002270869979364897,0.07325442840181136,0.06635368099536514,0.006361382151146763,0.2222222222222222,0,False,False
native,GAT,class_weighting,3,3462,132803,0.32036584104158955,0.040437149615449704,0.20064660023286265,0.2662195465793576,0.40073011568748623,0.38809047542551456,0.008339909396213856,0.869281045751634,0,False,True
native,GAT,focal_loss,3,3462,132803,0.33230088360984417,0.029829708557777862,0.39110474436771425,0.3798488577154016,0.39413266736508906,0.37992179285361144,0.005253236687385296,0.5098039215686274,3,True,True
native,GAT,none,3,3462,132803,0.20248954205959827,0.09474254151867531,0.273103752059979,0.25731301109907784,0.2767177369233758,0.2623064074807842,0.005449452452924816,0.4379084967320262,2,False,False
native,GCN,class_weighting,3,3462,132803,0.09721500891643542,0.011633888199612847,0.10766996443077886,0.11619284921554712,0.18012693083378717,0.15945626833160212,0.007962624764945117,0.8660130718954248,0,False,False
native,GCN,focal_loss,3,3462,132803,0.10518595367419543,0.026411687442538818,0.17713492117029592,0.16437676482400987,0.18920763841252028,0.1764443209235096,0.01223519962551814,0.5522875816993463,0,False,False
native,GCN,none,3,3462,132803,0.08315035290667169,0.04621022382522522,0.13423765944197538,0.12102374666920834,0.1537839053759165,0.13016706131341874,0.00793939748128769,0.3888888888888889,0,False,False
native,GraphSAGE,class_weighting,3,3462,132803,0.46158179633936064,0.020182295673560786,0.40611334123090254,0.4324750542478597,0.4922842149361282,0.48189003254872764,0.010482487003249885,0.8006535947712418,3,True,True
native,GraphSAGE,focal_loss,3,3462,132803,0.30470501385225446,0.04114191255233672,0.4006340556236167,0.3869160006936759,0.4070741349219013,0.3957079659751088,0.005763361386720775,0.49019607843137253,3,True,True
native,GraphSAGE,none,3,3462,132803,0.1771437340598032,0.05972191379908428,0.2096785678125186,0.20719099928952392,0.27850211685645604,0.2671288881638891,0.004186802579344379,0.38562091503267976,0,False,False
native,TAGCN,class_weighting,3,3462,132803,0.299255706744789,0.1390087702064889,0.36012881438347955,0.3676277625086058,0.3980323004803885,0.3852564066094973,0.008238325695066568,0.6732026143790849,2,True,True
native,TAGCN,focal_loss,3,3462,132803,0.2903363958937189,0.09164388433772035,0.3565596022752668,0.3445255578023812,0.37871294620076057,0.3683101913422309,0.00805224591024657,0.4705882352941177,2,True,True
native,TAGCN,none,3,3462,132803,0.09651893179404485,0.049615130874650325,0.003090945346246338,0.010584392824090882,0.1679373034767481,0.15724698203089102,0.003741303060100834,0.23202614379084965,0,False,False
