conjunto,explainer,scenario,n_config,estab_replicas,estab_replicas_min,estab_replicas_max,estab_semillas
compuerta_0.5,ExpectedGradients,1:10,7,0.9304236074078488,0.9183062122844668,0.9424893513447733,0.7877674870934246
compuerta_0.5,ExpectedGradients,1:10_os,8,0.9305610304499929,0.912858553207657,0.9442023942035697,0.8004077831086875
compuerta_0.5,ExpectedGradients,1:20,8,0.9356578137896574,0.917281427261151,0.952319055972597,0.7924376387184064
compuerta_0.5,ExpectedGradients,native,5,0.9283705256205487,0.9144057412206106,0.9442343238437862,0.7637307055320077
compuerta_0.5,ExpectedGradients,1:100_subil,2,0.9239786774592831,0.916407278782536,0.93155007613603,0.7356004966518302
compuerta_0.5,ExpectedGradients,1:200_subil,2,0.9199476938235956,0.9097929052861135,0.9301024823610778,0.7249429897131029
compuerta_0.5,GNNExplainer,1:10,7,0.9276676366692685,0.8831557915412068,0.9641952392060177,0.9397929910289358
compuerta_0.5,GNNExplainer,1:10_os,8,0.9284264956618014,0.8786990689977229,0.9648869683989981,0.9418560867674508
compuerta_0.5,GNNExplainer,1:20,8,0.9291743956885843,0.8980334892969092,0.9636390515873842,0.9386421729863941
compuerta_0.5,GNNExplainer,native,5,0.9311867446610792,0.9058653596434209,0.963613046537437,0.9315749424697085
compuerta_0.5,GNNExplainer,1:100_subil,2,0.9382182062843845,0.9320119054221395,0.9444245071466293,0.9314765044603484
compuerta_0.5,GNNExplainer,1:200_subil,2,0.9362079139279227,0.9320300601071918,0.9403857677486537,0.9325561110510752
compuerta_0.5,IntegratedGradients,1:10,7,1.0,1.0,1.0,0.9720699356040531
compuerta_0.5,IntegratedGradients,1:10_os,8,1.0,1.0,1.0,0.9723714058430672
compuerta_0.5,IntegratedGradients,1:20,8,1.0,1.0,1.0,0.9701778686383437
compuerta_0.5,IntegratedGradients,native,5,1.0,1.0,1.0,0.9672657486417261
compuerta_0.5,IntegratedGradients,1:100_subil,2,1.0,1.0,1.0,0.9675306254474736
compuerta_0.5,IntegratedGradients,1:200_subil,2,1.0,1.0,1.0,0.9659014236777391
compuerta_0.5,PGExplainer,1:10,7,0.2388609780065771,-0.12367921959121753,0.5379718693918828,0.396627427559145
compuerta_0.5,PGExplainer,1:10_os,8,0.33335654151255933,-0.0653872754512312,0.7144604760165,0.48079829909208116
compuerta_0.5,PGExplainer,1:20,8,0.3428167883606785,0.028125000000000042,0.659165784590818,0.46060903050559043
compuerta_0.5,PGExplainer,native,5,0.23401140536924342,-0.0006944444444444328,0.6099537037037036,0.4104102051021461
compuerta_0.5,PGExplainer,1:100_subil,2,0.1303728196383233,0.043055555555555534,0.21769008372109108,0.19528388278388276
compuerta_0.5,PGExplainer,1:200_subil,2,0.2526208662208913,0.12152777777777773,0.38371395466400493,0.38082599940598594
compuerta_0.5,ShapleyFeatures,1:10,7,0.994717583223138,0.9880203062106752,0.9969464389702981,0.9470384460334456
compuerta_0.5,ShapleyFeatures,1:10_os,8,0.9934333259802249,0.986540807234601,0.9973980715801138,0.9463329540957996
compuerta_0.5,ShapleyFeatures,1:20,8,0.9941375023644672,0.9872466357953039,0.997111895158127,0.9442086683605646
compuerta_0.5,ShapleyFeatures,native,5,0.9935060648693751,0.9875614993833138,0.9966829237554146,0.9388844940933883
compuerta_0.5,ShapleyFeatures,1:100_subil,2,0.9886394059727729,0.9827291636230117,0.9945496483225341,0.9367334191497159
compuerta_0.5,ShapleyFeatures,1:200_subil,2,0.9896657401024943,0.9842080174277134,0.9951234627772753,0.9356283855493067
compuerta_calibrada,ExpectedGradients,1:10,9,0.9310346220075092,0.9183062122844668,0.9424893513447733,0.7790313393044511
compuerta_calibrada,ExpectedGradients,1:10_os,9,0.9302089703047844,0.912858553207657,0.9442023942035697,0.7957229603775966
compuerta_calibrada,ExpectedGradients,1:20,9,0.9351405361738829,0.917281427261151,0.952319055972597,0.7882518918657623
compuerta_calibrada,ExpectedGradients,native,6,0.9287652590405623,0.9144057412206106,0.9442343238437862,0.7623824919290302
compuerta_calibrada,ExpectedGradients,1:100_subil,4,0.9255398482325461,0.916407278782536,0.9324683478926796,0.7625362738743323
compuerta_calibrada,ExpectedGradients,1:200_subil,3,0.9215183353097371,0.9097929052861135,0.9301024823610778,0.7365662108346401
compuerta_calibrada,GNNExplainer,1:10,9,0.9297417711368231,0.8831557915412068,0.9641952392060177,0.9361739323167187
compuerta_calibrada,GNNExplainer,1:10_os,9,0.929812979123034,0.8786990689977229,0.9648869683989981,0.9419430911017346
compuerta_calibrada,GNNExplainer,1:20,9,0.930263960211643,0.8980334892969092,0.9636390515873842,0.9382332145926705
compuerta_calibrada,GNNExplainer,native,6,0.9325400654285311,0.9058653596434209,0.963613046537437,0.9320278729853925
compuerta_calibrada,GNNExplainer,1:100_subil,4,0.9351533446021333,0.9198587412634968,0.9444245071466293,0.9313389316221028
compuerta_calibrada,GNNExplainer,1:200_subil,3,0.9382629633857497,0.9320300601071918,0.9423730623014035,0.934210362667271
compuerta_calibrada,IntegratedGradients,1:10,9,1.0,1.0,1.0,0.9705058780660614
compuerta_calibrada,IntegratedGradients,1:10_os,9,1.0,1.0,1.0,0.972308844680887
compuerta_calibrada,IntegratedGradients,1:20,9,1.0,1.0,1.0,0.9700445032191544
compuerta_calibrada,IntegratedGradients,native,6,1.0,1.0,1.0,0.9675860006338336
compuerta_calibrada,IntegratedGradients,1:100_subil,4,1.0,1.0,1.0,0.9695021423693638
compuerta_calibrada,IntegratedGradients,1:200_subil,3,1.0,1.0,1.0,0.9677507615153792
compuerta_calibrada,PGExplainer,1:10,9,0.33618060340651446,-0.12367921959121753,0.8544973544973544,0.42756275162075397
compuerta_calibrada,PGExplainer,1:10_os,9,0.3554665284634345,-0.0653872754512312,0.7144604760165,0.42737626585962774
compuerta_calibrada,PGExplainer,1:20,9,0.36712617077785153,0.028125000000000042,0.659165784590818,0.43785244442716437
compuerta_calibrada,PGExplainer,native,6,0.30191989467876074,-0.0006944444444444328,0.6414623412263473,0.3637322976585749
compuerta_calibrada,PGExplainer,1:100_subil,4,0.3736816695181739,0.043055555555555534,0.7256410256410256,0.1426129426129426
compuerta_calibrada,PGExplainer,1:200_subil,3,0.40147035701237516,0.12152777777777773,0.6991693385953427,0.3575877033076944
compuerta_calibrada,ShapleyFeatures,1:10,9,0.9949946007509318,0.9880203062106752,0.9969464389702981,0.946133464056512
compuerta_calibrada,ShapleyFeatures,1:10_os,9,0.9936447149620073,0.986540807234601,0.9973980715801138,0.947034404018867
compuerta_calibrada,ShapleyFeatures,1:20,9,0.9943720143960159,0.9872466357953039,0.997111895158127,0.9446679267136996
compuerta_calibrada,ShapleyFeatures,native,6,0.993973236773524,0.9875614993833138,0.9966829237554146,0.9403928772212847
compuerta_calibrada,ShapleyFeatures,1:100_subil,4,0.9914723089225321,0.9827291636230117,0.9949594572683127,0.9435790767441937
compuerta_calibrada,ShapleyFeatures,1:200_subil,3,0.9916813518665841,0.9842080174277134,0.995712575394764,0.9411568656470068
pesos_por_clase_3arq,ExpectedGradients,1:10,3,0.9260090274871352,0.9183062122844668,0.9308316755566243,0.7705973899027346
pesos_por_clase_3arq,ExpectedGradients,1:10_os,3,0.9224093019461783,0.912858553207657,0.9273924891431166,0.7703554134811833
pesos_por_clase_3arq,ExpectedGradients,1:20,3,0.9248537802355022,0.917281427261151,0.931002315247687,0.771111571717597
pesos_por_clase_3arq,ExpectedGradients,native,3,0.9233620700425266,0.9144057412206106,0.9307389261406307,0.7710229933900785
pesos_por_clase_3arq,ExpectedGradients,1:100_subil,3,0.9268085676037486,0.916407278782536,0.9324683478926796,0.7490528978150204
pesos_por_clase_3arq,ExpectedGradients,1:200_subil,3,0.9215183353097371,0.9097929052861135,0.9301024823610778,0.7365662108346401
pesos_por_clase_3arq,GNNExplainer,1:10,3,0.946173079403443,0.9356756835498677,0.9641952392060177,0.9410476768699517
pesos_por_clase_3arq,GNNExplainer,1:10_os,3,0.9474873461458347,0.9366702232256111,0.9648869683989981,0.9441247080671867
pesos_por_clase_3arq,GNNExplainer,1:20,3,0.9464899976571948,0.9368504649880878,0.9636390515873842,0.941113075375272
pesos_por_clase_3arq,GNNExplainer,native,3,0.9466304208505262,0.9369715467483507,0.963613046537437,0.9399401026926543
pesos_por_clase_3arq,GNNExplainer,1:100_subil,3,0.9402515457150121,0.9320119054221395,0.9444245071466293,0.9359910088759874
pesos_por_clase_3arq,GNNExplainer,1:200_subil,3,0.9382629633857497,0.9320300601071918,0.9423730623014035,0.934210362667271
pesos_por_clase_3arq,IntegratedGradients,1:10,3,1.0,1.0,1.0,0.9701044204401246
pesos_por_clase_3arq,IntegratedGradients,1:10_os,3,1.0,1.0,1.0,0.971700419051362
pesos_por_clase_3arq,IntegratedGradients,1:20,3,1.0,1.0,1.0,0.9698454351500413
pesos_por_clase_3arq,IntegratedGradients,native,3,1.0,1.0,1.0,0.9700717034851566
pesos_por_clase_3arq,IntegratedGradients,1:100_subil,3,1.0,1.0,1.0,0.9691420004833874
pesos_por_clase_3arq,IntegratedGradients,1:200_subil,3,1.0,1.0,1.0,0.9677507615153792
pesos_por_clase_3arq,PGExplainer,1:10,3,0.18578778495080925,0.027012124737191737,0.49910123011523605,0.2900028115866726
pesos_por_clase_3arq,PGExplainer,1:10_os,3,0.20132523647892345,0.0142361111111111,0.5323464240704368,0.22466383128997683
pesos_por_clase_3arq,PGExplainer,1:20,3,0.2271420986301174,0.028125000000000042,0.5616012301152361,0.374435627859635
pesos_por_clase_3arq,PGExplainer,native,3,0.23814192221494768,-0.0006944444444444328,0.6414623412263473,0.2942396243358871
pesos_por_clase_3arq,PGExplainer,1:100_subil,3,0.25636188414388994,0.043055555555555534,0.5083400131550232,0.13296703296703297
pesos_por_clase_3arq,PGExplainer,1:200_subil,3,0.40147035701237516,0.12152777777777773,0.6991693385953427,0.3575877033076944
pesos_por_clase_3arq,ShapleyFeatures,1:10,3,0.9926464250010455,0.9880203062106752,0.9962183430586045,0.9445051087873165
pesos_por_clase_3arq,ShapleyFeatures,1:10_os,3,0.9916297542003404,0.986540807234601,0.9953358268162665,0.9459765231418964
pesos_por_clase_3arq,ShapleyFeatures,1:20,3,0.9923825109050902,0.9872466357953039,0.9962481106484055,0.9449717614648189
pesos_por_clase_3arq,ShapleyFeatures,native,3,0.9924037039853534,0.9875614993833138,0.9963090962942683,0.9445564706001415
pesos_por_clase_3arq,ShapleyFeatures,1:100_subil,3,0.9907460897379528,0.9827291636230117,0.9949594572683127,0.9421066268021644
pesos_por_clase_3arq,ShapleyFeatures,1:200_subil,3,0.9916813518665841,0.9842080174277134,0.995712575394764,0.9411568656470068
