explainer,scenario,arch,balancing,sp_all,sp_nz,jac10
ExpectedGradients,1:10,GAT,class_weighting,0.9308316755566244,0.9640127910876718,0.7524623524623525
ExpectedGradients,1:10,GAT,focal_loss,0.9355146706560168,0.9648809611623763,0.7633559033559033
ExpectedGradients,1:10,GAT,none,0.9346976049059506,0.9637937972940578,0.7910730010730012
ExpectedGradients,1:10,GCN,class_weighting,0.9314862821574547,0.9597652152520301,0.7632238132238133
ExpectedGradients,1:10,GCN,focal_loss,0.9402905962356449,0.9614260421169966,0.7664964664964664
ExpectedGradients,1:10,GCN,none,0.9340047314164271,0.9622871888963699,0.7718744218744219
ExpectedGradients,1:10,GraphSAGE,class_weighting,0.9288891946203144,0.963157767771393,0.7786157361157361
ExpectedGradients,1:10,GraphSAGE,focal_loss,0.931662345975976,0.961524307996724,0.7734809634809636
ExpectedGradients,1:10,GraphSAGE,none,0.9424893513447731,0.9686593511916134,0.7626773226773227
ExpectedGradients,1:10,TAGCN,class_weighting,0.9183062122844667,0.9482122289992022,0.7815799015799015
ExpectedGradients,1:10,TAGCN,focal_loss,0.9183498697878153,0.9396086246650596,0.7591728060381312
ExpectedGradients,1:10,TAGCN,none,0.9385706729356453,0.9615844519673291,0.762920042920043
ExpectedGradients,1:100_subil,GAT,class_weighting,0.9324683478926796,0.9599993486218475,0.7610175010175011
ExpectedGradients,1:100_subil,GAT,focal_loss,0.9217336901189386,0.9203569816527589,0.7435395867748809
ExpectedGradients,1:100_subil,GAT,none,0.87592196724815,0.8833269983312032,0.7140934015340621
ExpectedGradients,1:100_subil,GCN,class_weighting,0.9274071452105542,0.961262906835057,0.7497428497428498
ExpectedGradients,1:100_subil,GCN,focal_loss,0.9617043738925118,0.9812688007471183,0.7990494690494692
ExpectedGradients,1:100_subil,GCN,none,0.936920477178485,0.9714730561076789,0.7753068228068228
ExpectedGradients,1:100_subil,GraphSAGE,class_weighting,0.9315500761360299,0.9563683895156246,0.7599370999371001
ExpectedGradients,1:100_subil,GraphSAGE,focal_loss,0.9273823661237709,0.9580225053117076,0.7395981795981795
ExpectedGradients,1:100_subil,GraphSAGE,none,0.924403408163326,0.9607821287121222,0.7598538498538497
ExpectedGradients,1:100_subil,TAGCN,class_weighting,0.916407278782536,0.946049425065258,0.7857864357864358
ExpectedGradients,1:100_subil,TAGCN,focal_loss,0.925895668409039,0.9455402622681027,0.7805727605727606
ExpectedGradients,1:100_subil,TAGCN,none,0.91896639625761,0.9536823783708046,0.777915417915418
ExpectedGradients,1:10_os,GAT,class_weighting,0.9273924891431163,0.963267902965907,0.7662230362230362
ExpectedGradients,1:10_os,GAT,focal_loss,0.9442023942035697,0.9564373482705255,0.8078621378621378
ExpectedGradients,1:10_os,GAT,none,0.9365057243014929,0.9613487295984928,0.7636482036482036
ExpectedGradients,1:10_os,GCN,class_weighting,0.9303343989409226,0.9598663338788258,0.7550171125171126
ExpectedGradients,1:10_os,GCN,focal_loss,0.9359773016678691,0.9632062614702583,0.7754449254449254
ExpectedGradients,1:10_os,GCN,none,0.9345585267900874,0.9624810753936598,0.7673023273023274
ExpectedGradients,1:10_os,GraphSAGE,class_weighting,0.9269768634877615,0.9626909681796606,0.7856635956635957
ExpectedGradients,1:10_os,GraphSAGE,focal_loss,0.9337827140045772,0.9627978864242839,0.7700984200984203
ExpectedGradients,1:10_os,GraphSAGE,none,0.9418192682036352,0.9683355455549062,0.7572183372183372
ExpectedGradients,1:10_os,TAGCN,class_weighting,0.9128585532076571,0.9427087378948208,0.7847145447145447
ExpectedGradients,1:10_os,TAGCN,focal_loss,0.9153010903203458,0.9395981534239847,0.7552469752469753
ExpectedGradients,1:10_os,TAGCN,none,0.9330416358709042,0.950725937624898,0.7923180523180524
ExpectedGradients,1:20,GAT,class_weighting,0.9310023152476873,0.9638893949221518,0.7531031931031932
ExpectedGradients,1:20,GAT,focal_loss,0.9324065070333071,0.9601217228448656,0.7786154586154588
ExpectedGradients,1:20,GAT,none,0.9387395049525523,0.962945178268576,0.7897583897583899
ExpectedGradients,1:20,GCN,class_weighting,0.9318845077278813,0.9605833002367019,0.763907203907204
ExpectedGradients,1:20,GCN,focal_loss,0.948103714191578,0.9698967071894936,0.7587009287009288
ExpectedGradients,1:20,GCN,none,0.9360922685568589,0.9660216507080529,0.7913445813445814
ExpectedGradients,1:20,GraphSAGE,class_weighting,0.9262775981976689,0.9605691232347446,0.7706137163490104
ExpectedGradients,1:20,GraphSAGE,focal_loss,0.952319055972597,0.9703922275794884,0.7597665297665298
ExpectedGradients,1:20,GraphSAGE,none,0.9432067694280448,0.9686240253547941,0.7468671143671145
ExpectedGradients,1:20,TAGCN,class_weighting,0.917281427261151,0.9467741129251479,0.76995115995116
ExpectedGradients,1:20,TAGCN,focal_loss,0.9377319507149071,0.9528863821134493,0.7607225182225181
ExpectedGradients,1:20,TAGCN,none,0.9372996967570312,0.9569878418366858,0.7931557331557331
ExpectedGradients,1:200_subil,GAT,class_weighting,0.9246596182820199,0.9583701236002757,0.7483316683316682
ExpectedGradients,1:200_subil,GAT,focal_loss,0.9352588506279368,0.9294912171793378,0.7498636603048366
ExpectedGradients,1:200_subil,GAT,none,0.8818793815320412,0.8844332729039377,0.7352340522490161
ExpectedGradients,1:200_subil,GCN,class_weighting,0.9223856787089234,0.9536357728677713,0.735871905871906
ExpectedGradients,1:200_subil,GCN,focal_loss,0.949405720442747,0.9757402578095177,0.7987168387168389
ExpectedGradients,1:200_subil,GCN,none,0.9212638592271382,0.9562551329720698,0.7871920671920675
ExpectedGradients,1:200_subil,GraphSAGE,class_weighting,0.9301024823610778,0.9564033807731059,0.7702923002923004
ExpectedGradients,1:200_subil,GraphSAGE,focal_loss,0.9241141862349623,0.9606989595395561,0.7542783142783144
ExpectedGradients,1:200_subil,GraphSAGE,none,0.9606611219452831,0.9827877648250771,0.7906793206793207
ExpectedGradients,1:200_subil,TAGCN,class_weighting,0.9097929052861132,0.9443012232748643,0.7591663891663893
ExpectedGradients,1:200_subil,TAGCN,focal_loss,0.9325648432607001,0.9661998647151916,0.7810086210086209
ExpectedGradients,1:200_subil,TAGCN,none,0.9193840652109628,0.9538629130640918,0.7790868390868391
ExpectedGradients,native,GAT,class_weighting,0.9307389261406307,0.9640120891774441,0.7577159877159879
ExpectedGradients,native,GAT,focal_loss,0.9302991418742229,0.9579807310021139,0.7716405816405817
ExpectedGradients,native,GAT,none,0.8900428587966056,0.8936711442046125,0.7043374823586382
ExpectedGradients,native,GCN,class_weighting,0.9456305013104896,0.9740409832862648,0.7958892958892959
ExpectedGradients,native,GCN,focal_loss,0.941686479843988,0.966809882233901,0.7744766344766344
ExpectedGradients,native,GCN,none,0.9491472527211582,0.9758499371946394,0.7978994153994154
ExpectedGradients,native,GraphSAGE,class_weighting,0.9249415427663387,0.9605435228776634,0.7682065157065159
ExpectedGradients,native,GraphSAGE,focal_loss,0.9442343238437862,0.9705530930932597,0.7705146705146708
ExpectedGradients,native,GraphSAGE,none,0.9433576642119107,0.9714470023463487,0.7504628704628704
ExpectedGradients,native,TAGCN,class_weighting,0.9144057412206105,0.9443788476961027,0.7760476560476562
ExpectedGradients,native,TAGCN,focal_loss,0.9279718783977852,0.9491538676700007,0.7692052392052394
ExpectedGradients,native,TAGCN,none,0.9396309240135071,0.9609992509838534,0.7742050542050544
GNNExplainer,1:10,GAT,class_weighting,0.9386483154544433,0.7316222029441737,0.6251202976589975
GNNExplainer,1:10,GAT,focal_loss,0.9353541680920853,0.7156614899975775,0.6221869325300698
GNNExplainer,1:10,GAT,none,0.9412012320717804,0.7508037812932669,0.6052705001492411
GNNExplainer,1:10,GCN,class_weighting,0.9416827357199314,0.7366113845942324,0.6687227786737591
GNNExplainer,1:10,GCN,focal_loss,0.9106642222539919,0.5773002518583127,0.6381030243310946
GNNExplainer,1:10,GCN,none,0.914511784777797,0.592046429927827,0.6181987814959952
GNNExplainer,1:10,GraphSAGE,class_weighting,0.9641952392060178,0.843753281327858,0.6209046449861724
GNNExplainer,1:10,GraphSAGE,focal_loss,0.9218358931527616,0.6609523657075502,0.5764332213480821
GNNExplainer,1:10,GraphSAGE,none,0.919672997565277,0.6493852053980437,0.5264645896663441
GNNExplainer,1:10,TAGCN,class_weighting,0.9356756835498677,0.6713046699843438,0.6221470196470196
GNNExplainer,1:10,TAGCN,focal_loss,0.8831557915412068,0.3825628459856756,0.5046129323606103
GNNExplainer,1:10,TAGCN,none,0.927936619597968,0.6198213725251656,0.6380567312326859
GNNExplainer,1:100_subil,GAT,class_weighting,0.9443182245762672,0.755208435433595,0.6119472919008523
GNNExplainer,1:100_subil,GAT,focal_loss,0.9198587412634965,0.6172608041727186,0.6044904686339155
GNNExplainer,1:100_subil,GAT,none,0.9175951267719858,0.6115030952948938,0.48726953415807905
GNNExplainer,1:100_subil,GCN,class_weighting,0.9427868910692839,0.7456628546825983,0.6776693459046402
GNNExplainer,1:100_subil,GCN,focal_loss,0.9099618573589091,0.5649060646042443,0.6129304564830881
GNNExplainer,1:100_subil,GCN,none,0.9320092272363686,0.6743631467430267,0.6570542343220361
GNNExplainer,1:100_subil,GraphSAGE,class_weighting,0.9444245071466294,0.7494075994091528,0.5819206211363075
GNNExplainer,1:100_subil,GraphSAGE,focal_loss,0.908699021607418,0.5695422823119561,0.5049202471648292
GNNExplainer,1:100_subil,GraphSAGE,none,0.9065422524332566,0.5574629858605117,0.483044348057248
GNNExplainer,1:100_subil,TAGCN,class_weighting,0.9320119054221397,0.6467911845238822,0.6309126339776494
GNNExplainer,1:100_subil,TAGCN,focal_loss,0.9007671790482691,0.46824182950100507,0.5666370175709702
GNNExplainer,1:100_subil,TAGCN,none,0.9027453564631384,0.4597564235702351,0.5755554793790089
GNNExplainer,1:10_os,GAT,class_weighting,0.9409048468128948,0.7337690661399231,0.6410624691403847
GNNExplainer,1:10_os,GAT,focal_loss,0.9182853091184254,0.6010415723466754,0.6065303418631592
GNNExplainer,1:10_os,GAT,none,0.9375456437590307,0.7301071457636464,0.5832130559117142
GNNExplainer,1:10_os,GCN,class_weighting,0.9427807204191275,0.739171168917142,0.6863909783027431
GNNExplainer,1:10_os,GCN,focal_loss,0.916994420557954,0.607412822713755,0.6075592580030146
GNNExplainer,1:10_os,GCN,none,0.9134222997838578,0.5913169539595643,0.6225655163168063
GNNExplainer,1:10_os,GraphSAGE,class_weighting,0.9648869683989982,0.8466942843920778,0.6611270827937494
GNNExplainer,1:10_os,GraphSAGE,focal_loss,0.9314819986612792,0.7006166860228751,0.5976674160987887
GNNExplainer,1:10_os,GraphSAGE,none,0.9164993668491498,0.633579572205892,0.49851635311903625
GNNExplainer,1:10_os,TAGCN,class_weighting,0.9366702232256111,0.678121774627985,0.621550620766307
GNNExplainer,1:10_os,TAGCN,focal_loss,0.8786990689977229,0.388968046214995,0.510802145624127
GNNExplainer,1:10_os,TAGCN,none,0.9433433862841936,0.7013382009320241,0.7122998062213748
GNNExplainer,1:20,GAT,class_weighting,0.9389804763961123,0.7344158621218835,0.6161630421331145
GNNExplainer,1:20,GAT,focal_loss,0.9305301022822632,0.6964970916282246,0.5988442435140063
GNNExplainer,1:20,GAT,none,0.9353852128945511,0.71641919388478,0.6064653501908404
GNNExplainer,1:20,GCN,class_weighting,0.9422936642864653,0.7381568664962845,0.6668251737369385
GNNExplainer,1:20,GCN,focal_loss,0.9033054836033525,0.5463929723800189,0.5771626749774326
GNNExplainer,1:20,GCN,none,0.9149947496619689,0.5940805597720095,0.6178981476040301
GNNExplainer,1:20,GraphSAGE,class_weighting,0.9636390515873842,0.8405714625410922,0.6315287236365669
GNNExplainer,1:20,GraphSAGE,focal_loss,0.9212067217231118,0.6469314304788599,0.526443521505441
GNNExplainer,1:20,GraphSAGE,none,0.9097877484315303,0.5922683776469397,0.5223017828022989
GNNExplainer,1:20,TAGCN,class_weighting,0.9368504649880878,0.6772204035793656,0.6273589700060288
GNNExplainer,1:20,TAGCN,focal_loss,0.8980334892969091,0.45786138423591344,0.6193460868718866
GNNExplainer,1:20,TAGCN,none,0.9379623743048379,0.6785704658464947,0.7218551052013384
GNNExplainer,1:200_subil,GAT,class_weighting,0.9423730623014035,0.7456423604461476,0.6376802504150286
GNNExplainer,1:200_subil,GAT,focal_loss,0.9247405501980649,0.638104119186815,0.5959718421508929
GNNExplainer,1:200_subil,GAT,none,0.9103529202729681,0.5676112703945194,0.47677906812065746
GNNExplainer,1:200_subil,GCN,class_weighting,0.944477408593371,0.7503730318047105,0.6539002011060835
GNNExplainer,1:200_subil,GCN,focal_loss,0.9147486670452846,0.5784241070580443,0.6285623910546511
GNNExplainer,1:200_subil,GCN,none,0.9254467390579112,0.6435748269411995,0.6180296491338804
GNNExplainer,1:200_subil,GraphSAGE,class_weighting,0.9403857677486537,0.7271312861368916,0.5869806591375218
GNNExplainer,1:200_subil,GraphSAGE,focal_loss,0.9064732601580706,0.5571728809830384,0.4798319758252679
GNNExplainer,1:200_subil,GraphSAGE,none,0.889623731194597,0.4227220640609368,0.4624264101147486
GNNExplainer,1:200_subil,TAGCN,class_weighting,0.9320300601071918,0.6498219541966574,0.6245986048695027
GNNExplainer,1:200_subil,TAGCN,focal_loss,0.9132633472892078,0.5282827880042656,0.6356138904668317
GNNExplainer,1:200_subil,TAGCN,none,0.9027078100133585,0.4597422998636626,0.5757111570346866
GNNExplainer,native,GAT,class_weighting,0.9393066692657909,0.7351135837362891,0.6079400215081331
GNNExplainer,native,GAT,focal_loss,0.9304126539133238,0.6913715548820552,0.6097499876189248
GNNExplainer,native,GAT,none,0.9200447609830312,0.6325333203611466,0.504127862161918
GNNExplainer,native,GCN,class_weighting,0.9258372993484588,0.6512629867181451,0.6369513523589891
GNNExplainer,native,GCN,focal_loss,0.9078304246101941,0.5602941920546699,0.598235126300142
GNNExplainer,native,GCN,none,0.9142951747851601,0.5837319965968492,0.6265730980978659
GNNExplainer,native,GraphSAGE,class_weighting,0.963613046537437,0.8431156012517148,0.6246220192298625
GNNExplainer,native,GraphSAGE,focal_loss,0.9190711164628637,0.6355186050533903,0.5237551400554498
GNNExplainer,native,GraphSAGE,none,0.9153648637884976,0.6252404244113232,0.5151049542896807
GNNExplainer,native,TAGCN,class_weighting,0.9369715467483507,0.6797532066074945,0.626732635556165
GNNExplainer,native,TAGCN,focal_loss,0.9058653596434209,0.4936165763715843,0.5852531228279423
GNNExplainer,native,TAGCN,none,0.8991933201512587,0.47382586967399515,0.6201592246380688
IntegratedGradients,1:10,GAT,class_weighting,1.0,1.0,1.0
IntegratedGradients,1:10,GAT,focal_loss,1.0,1.0,1.0
IntegratedGradients,1:10,GAT,none,1.0,1.0,1.0
IntegratedGradients,1:10,GCN,class_weighting,1.0,1.0,1.0
IntegratedGradients,1:10,GCN,focal_loss,1.0,1.0,1.0
IntegratedGradients,1:10,GCN,none,1.0,1.0,1.0
IntegratedGradients,1:10,GraphSAGE,class_weighting,1.0,1.0,1.0
IntegratedGradients,1:10,GraphSAGE,focal_loss,1.0,1.0,1.0
IntegratedGradients,1:10,GraphSAGE,none,1.0,1.0,1.0
IntegratedGradients,1:10,TAGCN,class_weighting,1.0,1.0,1.0
IntegratedGradients,1:10,TAGCN,focal_loss,1.0,1.0,1.0
IntegratedGradients,1:10,TAGCN,none,1.0,1.0,1.0
IntegratedGradients,1:100_subil,GAT,class_weighting,1.0,1.0,1.0
IntegratedGradients,1:100_subil,GAT,focal_loss,1.0,1.0,1.0
IntegratedGradients,1:100_subil,GAT,none,1.0,1.0,1.0
IntegratedGradients,1:100_subil,GCN,class_weighting,1.0,1.0,1.0
IntegratedGradients,1:100_subil,GCN,focal_loss,1.0,1.0,1.0
IntegratedGradients,1:100_subil,GCN,none,1.0,1.0,1.0
IntegratedGradients,1:100_subil,GraphSAGE,class_weighting,1.0,1.0,1.0
IntegratedGradients,1:100_subil,GraphSAGE,focal_loss,1.0,1.0,1.0
IntegratedGradients,1:100_subil,GraphSAGE,none,1.0,1.0,1.0
IntegratedGradients,1:100_subil,TAGCN,class_weighting,1.0,1.0,1.0
IntegratedGradients,1:100_subil,TAGCN,focal_loss,1.0,1.0,1.0
IntegratedGradients,1:100_subil,TAGCN,none,1.0,1.0,1.0
IntegratedGradients,1:10_os,GAT,class_weighting,1.0,1.0,1.0
IntegratedGradients,1:10_os,GAT,focal_loss,1.0,1.0,1.0
IntegratedGradients,1:10_os,GAT,none,1.0,1.0,1.0
IntegratedGradients,1:10_os,GCN,class_weighting,1.0,1.0,1.0
IntegratedGradients,1:10_os,GCN,focal_loss,1.0,1.0,1.0
IntegratedGradients,1:10_os,GCN,none,1.0,1.0,1.0
IntegratedGradients,1:10_os,GraphSAGE,class_weighting,1.0,1.0,1.0
IntegratedGradients,1:10_os,GraphSAGE,focal_loss,1.0,1.0,1.0
IntegratedGradients,1:10_os,GraphSAGE,none,1.0,1.0,1.0
IntegratedGradients,1:10_os,TAGCN,class_weighting,1.0,1.0,1.0
IntegratedGradients,1:10_os,TAGCN,focal_loss,1.0,1.0,1.0
IntegratedGradients,1:10_os,TAGCN,none,1.0,1.0,1.0
IntegratedGradients,1:20,GAT,class_weighting,1.0,1.0,1.0
IntegratedGradients,1:20,GAT,focal_loss,1.0,1.0,1.0
IntegratedGradients,1:20,GAT,none,1.0,1.0,1.0
IntegratedGradients,1:20,GCN,class_weighting,1.0,1.0,1.0
IntegratedGradients,1:20,GCN,focal_loss,1.0,1.0,1.0
IntegratedGradients,1:20,GCN,none,1.0,1.0,1.0
IntegratedGradients,1:20,GraphSAGE,class_weighting,1.0,1.0,1.0
IntegratedGradients,1:20,GraphSAGE,focal_loss,1.0,1.0,1.0
IntegratedGradients,1:20,GraphSAGE,none,1.0,1.0,1.0
IntegratedGradients,1:20,TAGCN,class_weighting,1.0,1.0,1.0
IntegratedGradients,1:20,TAGCN,focal_loss,1.0,1.0,1.0
IntegratedGradients,1:20,TAGCN,none,1.0,1.0,1.0
IntegratedGradients,1:200_subil,GAT,class_weighting,1.0,1.0,1.0
IntegratedGradients,1:200_subil,GAT,focal_loss,1.0,1.0,1.0
IntegratedGradients,1:200_subil,GAT,none,1.0,1.0,1.0
IntegratedGradients,1:200_subil,GCN,class_weighting,1.0,1.0,1.0
IntegratedGradients,1:200_subil,GCN,focal_loss,1.0,1.0,1.0
IntegratedGradients,1:200_subil,GCN,none,1.0,1.0,1.0
IntegratedGradients,1:200_subil,GraphSAGE,class_weighting,1.0,1.0,1.0
IntegratedGradients,1:200_subil,GraphSAGE,focal_loss,1.0,1.0,1.0
IntegratedGradients,1:200_subil,GraphSAGE,none,1.0,1.0,1.0
IntegratedGradients,1:200_subil,TAGCN,class_weighting,1.0,1.0,1.0
IntegratedGradients,1:200_subil,TAGCN,focal_loss,1.0,1.0,1.0
IntegratedGradients,1:200_subil,TAGCN,none,1.0,1.0,1.0
IntegratedGradients,native,GAT,class_weighting,1.0,1.0,1.0
IntegratedGradients,native,GAT,focal_loss,1.0,1.0,1.0
IntegratedGradients,native,GAT,none,1.0,1.0,1.0
IntegratedGradients,native,GCN,class_weighting,1.0,1.0,1.0
IntegratedGradients,native,GCN,focal_loss,1.0,1.0,1.0
IntegratedGradients,native,GCN,none,1.0,1.0,1.0
IntegratedGradients,native,GraphSAGE,class_weighting,1.0,1.0,1.0
IntegratedGradients,native,GraphSAGE,focal_loss,1.0,1.0,1.0
IntegratedGradients,native,GraphSAGE,none,1.0,1.0,1.0
IntegratedGradients,native,TAGCN,class_weighting,1.0,1.0,1.0
IntegratedGradients,native,TAGCN,focal_loss,1.0,1.0,1.0
IntegratedGradients,native,TAGCN,none,1.0,1.0,1.0
ShapleyFeatures,1:10,GAT,class_weighting,0.9962183430586045,0.9928229801240965,0.8710430310430309
ShapleyFeatures,1:10,GAT,focal_loss,0.9957099811378164,0.9918442921105997,0.8846363821363821
ShapleyFeatures,1:10,GAT,none,0.9955964509637379,0.9908155414227018,0.8406375106375106
ShapleyFeatures,1:10,GCN,class_weighting,0.9968646245458318,0.9932335614230233,0.9278451178451178
ShapleyFeatures,1:10,GCN,focal_loss,0.9967057672459689,0.9926515611054508,0.9317767417767415
ShapleyFeatures,1:10,GCN,none,0.9972059524064983,0.9940983255060303,0.9264335664335662
ShapleyFeatures,1:10,GraphSAGE,class_weighting,0.9937006257338569,0.9879010175977908,0.8148506667624315
ShapleyFeatures,1:10,GraphSAGE,focal_loss,0.9968940237083274,0.9945782042676545,0.9217682317682315
ShapleyFeatures,1:10,GraphSAGE,none,0.9969328192355827,0.9942448998015858,0.9150038850038849
ShapleyFeatures,1:10,TAGCN,class_weighting,0.9880203062106752,0.9746846655952192,0.7815684206860677
ShapleyFeatures,1:10,TAGCN,focal_loss,0.9949324177394874,0.9899750048737008,0.8992614792614791
ShapleyFeatures,1:10,TAGCN,none,0.9969464389702979,0.9939480129208036,0.9106593406593406
ShapleyFeatures,1:100_subil,GAT,class_weighting,0.9949594572683124,0.9904329340153938,0.858637196137196
ShapleyFeatures,1:100_subil,GAT,focal_loss,0.9936509664762703,0.985940473319649,0.8115237571739119
ShapleyFeatures,1:100_subil,GAT,none,0.9729030088114964,0.9482637647410099,0.6616141759666012
ShapleyFeatures,1:100_subil,GCN,class_weighting,0.996621581958105,0.9930859982012462,0.9449494949494949
ShapleyFeatures,1:100_subil,GCN,focal_loss,0.997448565762395,0.9946078169698199,0.9075593850593848
ShapleyFeatures,1:100_subil,GCN,none,0.9970242402901014,0.9931240809143427,0.9196555296555297
ShapleyFeatures,1:100_subil,GraphSAGE,class_weighting,0.9945496483225341,0.9886835578257306,0.8501011733364673
ShapleyFeatures,1:100_subil,GraphSAGE,focal_loss,0.9946944366119298,0.9888743097185553,0.9195959595959596
ShapleyFeatures,1:100_subil,GraphSAGE,none,0.9952219251685387,0.9893074049819873,0.9077052577052576
ShapleyFeatures,1:100_subil,TAGCN,class_weighting,0.9827291636230117,0.9659515902476352,0.7486902857491091
ShapleyFeatures,1:100_subil,TAGCN,focal_loss,0.993886803253372,0.9876033497891017,0.9003289303289302
ShapleyFeatures,1:100_subil,TAGCN,none,0.9934964872992706,0.9880306585805169,0.9047345247345246
ShapleyFeatures,1:10_os,GAT,class_weighting,0.9953358268162665,0.9913836297393556,0.850996040996041
ShapleyFeatures,1:10_os,GAT,focal_loss,0.9960776872445937,0.9922190380599482,0.8685749218102159
ShapleyFeatures,1:10_os,GAT,none,0.9948658659964477,0.9898870075590175,0.8442115292115293
ShapleyFeatures,1:10_os,GCN,class_weighting,0.9970641004399075,0.9934283297562003,0.9359595959595959
ShapleyFeatures,1:10_os,GCN,focal_loss,0.996636636413568,0.9929168679175029,0.9297150997150997
ShapleyFeatures,1:10_os,GCN,none,0.9973352539340038,0.9943443429699311,0.9379797979797978
ShapleyFeatures,1:10_os,GraphSAGE,class_weighting,0.9930126285501536,0.9866884909768748,0.7839275775060089
ShapleyFeatures,1:10_os,GraphSAGE,focal_loss,0.9973980715801138,0.9951533053713523,0.907065527065527
ShapleyFeatures,1:10_os,GraphSAGE,none,0.9970713925931939,0.994561428769421,0.9243275243275241
ShapleyFeatures,1:10_os,TAGCN,class_weighting,0.9865408072346011,0.9725212804503901,0.7626226877697465
ShapleyFeatures,1:10_os,TAGCN,focal_loss,0.9874779481301824,0.9800346211279817,0.8683407823113706
ShapleyFeatures,1:10_os,TAGCN,none,0.9950222065125137,0.9895911292189501,0.8720708920708921
ShapleyFeatures,1:20,GAT,class_weighting,0.9962481106484056,0.9931992904159371,0.8583497983497984
ShapleyFeatures,1:20,GAT,focal_loss,0.995441046331493,0.9908327668788983,0.8739029489029488
ShapleyFeatures,1:20,GAT,none,0.9939355306995893,0.9879853567487612,0.8169594258319748
ShapleyFeatures,1:20,GCN,class_weighting,0.9970876024212592,0.9937909074566696,0.9346050246050245
ShapleyFeatures,1:20,GCN,focal_loss,0.9969544613901994,0.9932754758219428,0.9027522477522476
ShapleyFeatures,1:20,GCN,none,0.9967584677525343,0.9929391887654342,0.9279746179746177
ShapleyFeatures,1:20,GraphSAGE,class_weighting,0.9936527862715612,0.9883739951643582,0.8050225790912066
ShapleyFeatures,1:20,GraphSAGE,focal_loss,0.9969148496388959,0.9947627648967222,0.9384770784770784
ShapleyFeatures,1:20,GraphSAGE,none,0.997111895158127,0.9940260649374921,0.9364076664076663
ShapleyFeatures,1:20,TAGCN,class_weighting,0.9872466357953039,0.9739141973464863,0.7764535138064549
ShapleyFeatures,1:20,TAGCN,focal_loss,0.9932794597622623,0.9870194961868456,0.8687235694588636
ShapleyFeatures,1:20,TAGCN,none,0.9955178152585051,0.9923077271507137,0.8724035224035224
ShapleyFeatures,1:200_subil,GAT,class_weighting,0.995712575394764,0.9918642084943393,0.8668076368076368
ShapleyFeatures,1:200_subil,GAT,focal_loss,0.9900866361242918,0.9802610278738847,0.8053259639301952
ShapleyFeatures,1:200_subil,GAT,none,0.9623313495517262,0.9357066857979214,0.6433490676086135
ShapleyFeatures,1:200_subil,GCN,class_weighting,0.9965982581959683,0.9928882395999196,0.9304713804713804
ShapleyFeatures,1:200_subil,GCN,focal_loss,0.9975143848665255,0.994172756670733,0.921191401191401
ShapleyFeatures,1:200_subil,GCN,none,0.9960449900392258,0.9913220861329405,0.9252033152033151
ShapleyFeatures,1:200_subil,GraphSAGE,class_weighting,0.9951234627772755,0.9901814302447619,0.8694224294224293
ShapleyFeatures,1:200_subil,GraphSAGE,focal_loss,0.9951364830139857,0.9894304011426609,0.9072597772597771
ShapleyFeatures,1:200_subil,GraphSAGE,none,0.9974185861406534,0.9947944852464844,0.8757423132423131
ShapleyFeatures,1:200_subil,TAGCN,class_weighting,0.9842080174277132,0.9673072800142695,0.7427039241383927
ShapleyFeatures,1:200_subil,TAGCN,focal_loss,0.9957732273605219,0.9914756714493306,0.9238487438487438
ShapleyFeatures,1:200_subil,TAGCN,none,0.9934347746887533,0.9877844745339824,0.9086065786065786
ShapleyFeatures,native,GAT,class_weighting,0.9963090962942683,0.9934605227246728,0.8645343545343546
ShapleyFeatures,native,GAT,focal_loss,0.995424494805128,0.9905000437735844,0.8634615348340838
ShapleyFeatures,native,GAT,none,0.9775830628998762,0.9639887564246585,0.7492095553034664
ShapleyFeatures,native,GCN,class_weighting,0.9971704919261386,0.9940868805755207,0.9144470344470342
ShapleyFeatures,native,GCN,focal_loss,0.9973463820934022,0.9944930722488668,0.9214911014911014
ShapleyFeatures,native,GCN,none,0.9971713450637064,0.994011830432883,0.9265630665630664
ShapleyFeatures,native,GraphSAGE,class_weighting,0.9933405162784777,0.987882006281484,0.8045570007334711
ShapleyFeatures,native,GraphSAGE,focal_loss,0.9966829237554147,0.9940461337224257,0.9263558663558663
ShapleyFeatures,native,GraphSAGE,none,0.9971718397025794,0.9941747850152683,0.9082621082621082
ShapleyFeatures,native,TAGCN,class_weighting,0.9875614993833138,0.9735297229077094,0.7668270328074248
ShapleyFeatures,native,TAGCN,focal_loss,0.9945208901245417,0.9890121800245973,0.9019706219706217
ShapleyFeatures,native,TAGCN,none,0.9955109244208148,0.9908956548120873,0.9163262663262662
