run_id,scenario,arch,balancing,seed,quality_passed,val_pr_auc,val_f1,val_mcc,val_f1_cal,val_mcc_cal,test_pr_auc,test_f1,test_mcc,test_f1_argmax,test_mcc_argmax,threshold,duration_s,epochs_run,best_epoch,hp_source,optuna_best_score,hidden_dim,num_layers,heads,K,lr,dropout,weight_decay,val_roc_auc,val_pr_auc_cpu,val_f1_argmax_cpu,val_n,test_roc_auc,test_pr_auc_cpu,test_f1_argmax_cpu,test_n,val_pr_auc_absdiff_cpu,test_pr_auc_absdiff_cpu
1:10_GAT_class_weighting,1:10,GAT,class_weighting,42,False,0.3647446727486316,0.2536453034927094,0.3194367792249951,0.45132743362831856,0.4387065505278128,0.008123027227976162,0.0,-0.006730539791552464,0.009691629955947136,-0.0016789258865640543,0.892156862745098,105.3,150,140,optuna,0.358923899652802,128,2,4.0,,0.0016738085788752138,0.21649165607921678,1.9010245319870364e-05,0.9171847194498866,0.3647465505663619,0.2536453034927094,37820,0.6573691844584091,0.008123042156164,0.0096916299559471,29684,1.8778177303113708e-06,1.492818783865868e-08
1:10_GAT_class_weighting_s43,1:10,GAT,class_weighting,43,False,0.3207641473439956,0.18402300287535941,0.24922388936072962,0.394750656167979,0.37946610121771374,0.008962438368722354,0.04059539918809202,0.038351751058580755,0.01572052401746725,0.015345556702623532,0.8823529411764706,12.7,43,23,reused:42,0.358923899652802,128,2,4.0,,0.0016738085788752138,0.21649165607921678,1.9010245319870364e-05,0.8968248300342191,0.3207641999947583,0.1840230028753594,37820,0.6005843984655281,0.0089624365601527,0.0157205240174672,29684,5.2650762694117503e-08,1.8085696551484176e-09
1:10_GAT_class_weighting_s44,1:10,GAT,class_weighting,44,False,0.2829401051417545,0.15185111859037814,0.21878741900927046,0.363956043956044,0.3523037049207241,0.008147613161338678,0.029372496662216287,0.0249022577031029,0.015462290943515304,0.01531458228400958,0.8725490196078431,12.1,42,22,reused:42,0.358923899652802,128,2,4.0,,0.0016738085788752138,0.21649165607921678,1.9010245319870364e-05,0.8870176535787115,0.2829401236205811,0.1518511185903781,37820,0.5699877807593572,0.0081476131613386,0.0154622909435153,29684,1.8478826580015095e-08,7.806255641895632e-17
1:10_GAT_focal_loss,1:10,GAT,focal_loss,42,False,0.27847835942195825,0.2436738519212746,0.2910707092643944,0.3714902807775378,0.36113337207424334,0.005312628699037529,0.012165450121654502,0.003914269108303257,0.009800490024501224,-0.002033934609591526,0.6372549019607843,70.6,60,40,optuna,0.3028141569441704,148,2,2.0,,0.0004066563313514797,0.4233589392465845,1.5679933916722995e-05,0.8843000331672364,0.278478344526985,0.2436738519212746,37820,0.4822709744418393,0.0053126329506569,0.0098004900245012,29684,1.4894973254797605e-08,4.251619370801429e-09
1:10_GAT_focal_loss_s43,1:10,GAT,focal_loss,43,False,0.32844195574377144,0.2608076009501188,0.2865089389186178,0.41520136131593877,0.4015513379429362,0.0045780053655950885,0.0,-0.010886996144096706,0.0020134228187919465,-0.019885748178048602,0.6666666666666666,10.8,53,33,reused:42,0.3028141569441704,148,2,2.0,,0.0004066563313514797,0.4233589392465845,1.5679933916722995e-05,0.8681671431862912,0.3284419712710142,0.2608076009501188,37820,0.4456211714633116,0.0045780056291872,0.0020134228187919,29684,1.5527242769319827e-08,2.6359211167947816e-10
1:10_GAT_focal_loss_s44,1:10,GAT,focal_loss,44,False,0.30555326025623925,0.2710241465445462,0.31570435179234735,0.3945398502862175,0.3843674798950052,0.005402780255578813,0.003683241252302026,-0.00453337312138133,0.005497526113249038,-0.008586738588206745,0.588235294117647,28.7,150,150,reused:42,0.3028141569441704,148,2,2.0,,0.0004066563313514797,0.4233589392465845,1.5679933916722995e-05,0.8961250659757636,0.3055528537799389,0.2710241465445462,37820,0.5183887041690767,0.0054027620698511,0.005497526113249,29684,4.0647630034085225e-07,1.8185727712789757e-08
1:10_GAT_none,1:10,GAT,none,42,True,0.4186603649840445,0.4607438016528926,0.4473578839040743,0.4607438016528926,0.4473578839040743,0.006957038179584723,0.004347826086956522,-0.0029846268499679023,0.004347826086956522,-0.0029846268499679023,0.5,98.8,107,87,optuna,0.40321319550826845,128,2,4.0,,0.0016738085788752138,0.21649165607921678,1.9010245319870364e-05,0.9122663307728036,0.4186603484831484,0.4607438016528926,37820,0.6060601018236641,0.0069570305150677,0.0043478260869565,29684,1.6500896093951667e-08,7.664517023657502e-09
1:10_GAT_none_s43,1:10,GAT,none,43,True,0.37445854005795776,0.42482758620689653,0.413858120698697,0.430828147438966,0.418386827309151,0.004863105822113949,0.0030075187969924814,-0.006371042443182266,0.002797202797202797,-0.007026094951965114,0.5196078431372548,11.9,40,20,reused:42,0.40321319550826845,128,2,4.0,,0.0016738085788752138,0.21649165607921678,1.9010245319870364e-05,0.8890090810873114,0.3744585436483907,0.4248275862068965,37820,0.4497509540330009,0.0048631058560446,0.0027972027972027,29684,3.5904329509506283e-09,3.393065082374358e-11
1:10_GAT_none_s44,1:10,GAT,none,44,True,0.41954915464623715,0.4845775592311131,0.4779522703560327,0.4845775592311131,0.4779522703560327,0.007365904010660956,0.004219409282700422,-0.003269917939118366,0.004219409282700422,-0.003269917939118366,0.5,42.6,150,146,reused:42,0.40321319550826845,128,2,4.0,,0.0016738085788752138,0.21649165607921678,1.9010245319870364e-05,0.9216116917057364,0.4195491563185516,0.4845775592311131,37820,0.6139185069872204,0.0073659026984617,0.0042194092827004,29684,1.672314453582402e-09,1.31219925637166e-09
1:10_GCN_class_weighting,1:10,GCN,class_weighting,42,False,0.2191369534743803,0.1900850689351716,0.23971035037134847,0.2854198866563627,0.26714276210346566,0.0054823540361851044,0.008438818565400843,0.00117014628963556,0.012472487160674981,0.0038974186624142516,0.8235294117647058,45.5,150,147,optuna,0.1705116589101526,64,2,,,0.004622589001020831,0.4879639408647978,2.6587543983272695e-05,0.8544130418980339,0.2191369523889563,0.1900850689351716,37820,0.4918377677782934,0.0054823540361851,0.0124724871606749,29684,1.08542400067968e-09,4.336808689942018e-18
1:10_GCN_class_weighting_s43,1:10,GCN,class_weighting,43,False,0.22358028275843833,0.20600858369098712,0.25097519781615935,0.29168340699075934,0.2800493144957937,0.005963803283449582,0.0034602076124567475,-0.005103040539728886,0.01407035175879397,0.006777879848493405,0.7647058823529411,13.6,150,144,reused:42,0.1705116589101526,64,2,,,0.004622589001020831,0.4879639408647978,2.6587543983272695e-05,0.8596093410653194,0.2235803501748647,0.2060085836909871,37820,0.5245297998109476,0.0059638032834495,0.0140703517587939,29684,6.74164263581023e-08,8.153200337090993e-17
1:10_GCN_class_weighting_s44,1:10,GCN,class_weighting,44,False,0.042126002510503774,0.08231250550806381,0.08277285019885944,0.0939940748720711,0.08739055966846458,0.006162223211002838,0.009551098376313277,-0.003770762385447294,0.011610598392378685,0.0018513482737898227,0.6372549019607843,2.4,21,1,reused:42,0.1705116589101526,64,2,,,0.004622589001020831,0.4879639408647978,2.6587543983272695e-05,0.6563854163294507,0.0421260025105037,0.0823125055080638,37820,0.5604121663139893,0.0061622285633152,0.0116105983923786,29684,7.632783294297951e-17,5.352312361546485e-09
1:10_GCN_focal_loss,1:10,GCN,focal_loss,42,False,0.11465512373902029,0.20828493999225706,0.19169531256031322,0.20828493999225706,0.19169531256031322,0.010726318103938927,0.0452418096723869,0.05341602376826655,0.0452418096723869,0.05341602376826655,0.5,28.7,43,23,optuna,0.11732671294117863,148,2,,,0.007902619549708232,0.12602063719411183,0.0008536189862866829,0.7027145283997276,0.1146551160050328,0.208284939992257,37820,0.5929112365891579,0.0107263160079681,0.0452418096723869,29684,7.73398749209786e-09,2.0959708274537192e-09
1:10_GCN_focal_loss_s43,1:10,GCN,focal_loss,43,False,0.20861376861919664,0.29617706237424546,0.2847880891962155,0.29617706237424546,0.2847880891962155,0.007014370500458021,0.007168458781362007,-0.0008452936773876632,0.007168458781362007,-0.0008452936773876632,0.5,17.1,150,144,reused:42,0.11732671294117863,148,2,,,0.007902619549708232,0.12602063719411183,0.0008536189862866829,0.8577201307811282,0.2086137686191966,0.2961770623742454,37820,0.5654918219298783,0.007014370500458,0.007168458781362,29684,5.551115123125783e-17,2.0816681711721685e-17
1:10_GCN_focal_loss_s44,1:10,GCN,focal_loss,44,False,0.11374210964384708,0.1762608252674478,0.15480647219388033,0.17775412453432676,0.15688469889275858,0.006010318272164816,0.0,-0.013015672760716086,0.0,-0.013661408870869782,0.5098039215686274,3.4,25,5,reused:42,0.11732671294117863,148,2,,,0.007902619549708232,0.12602063719411183,0.0008536189862866829,0.6935020824684297,0.1137421067083829,0.1762608252674478,37820,0.5737870724644073,0.0060103182721648,0.0,29684,2.935464177289404e-09,1.5612511283791264e-17
1:10_GCN_none,1:10,GCN,none,42,False,0.08685603760997927,0.15274657953849297,0.15579053218197345,0.1620142309797482,0.152619879819772,0.02773702268850214,0.05785491766800178,0.09330270681688627,0.04582454024721134,0.08445597320112738,0.5392156862745098,33.9,49,29,optuna,0.11724737019319625,148,2,,,0.007902619549708232,0.12602063719411183,0.0008536189862866829,0.7130065844731088,0.0868560376099792,0.1527465795384929,37820,0.6915278260878283,0.0277370226885021,0.0458245402472113,29684,6.938893903907228e-17,4.163336342344337e-17
1:10_GCN_none_s43,1:10,GCN,none,43,False,0.12172395595858715,0.22459893048128343,0.2073816669857404,0.22955032119914348,0.211563056315942,0.006274266719239237,0.014652014652014652,0.007034824176792198,0.013872832369942197,0.006028833503913022,0.5098039215686274,4.5,36,16,reused:42,0.11724737019319625,148,2,,,0.007902619549708232,0.12602063719411183,0.0008536189862866829,0.7686153929890605,0.1217239540258766,0.2245989304812834,37820,0.5570139343448873,0.0062742691511098,0.0138728323699421,29684,1.9327105471589334e-09,2.431870562563665e-09
1:10_GCN_none_s44,1:10,GCN,none,44,False,0.15578487426990703,0.24877650897226752,0.23347317297013345,0.25009830908375935,0.23630328376995086,0.005017534456812281,0.0037174721189591076,-0.008230833468027022,0.003976143141153081,-0.007479731360501716,0.4901960784313726,3.7,29,9,reused:42,0.11724737019319625,148,2,,,0.007902619549708232,0.12602063719411183,0.0008536189862866829,0.7879202779170122,0.1557848564555815,0.2487765089722675,37820,0.493241927933545,0.0050175344568122,0.003976143141153,29684,1.7814325542486742e-08,8.153200337090993e-17
1:10_GraphSAGE_class_weighting,1:10,GraphSAGE,class_weighting,42,True,0.463600377828308,0.3857024106400665,0.4222328498535318,0.5079855744461618,0.4959584869529763,0.010577185957727935,0.016172506738544475,0.01007544363158295,0.014692378328741965,0.007136547821662482,0.8725490196078431,50.5,150,146,optuna,0.44492984060711543,64,2,,,0.004622589001020831,0.4879639408647978,2.6587543983272695e-05,0.92721475494962,0.463600377828308,0.3857024106400665,37820,0.7010832923185183,0.0105771859577279,0.0146923783287419,29684,0.0,3.469446951953614e-17
1:10_GraphSAGE_class_weighting_s43,1:10,GraphSAGE,class_weighting,43,True,0.44990653004203407,0.3948371956585509,0.42498502970187374,0.4857703631010795,0.474352523754216,0.010279518671361128,0.0,-0.005464502078201757,0.01312910284463895,0.005033586552964793,0.8137254901960784,15.6,150,147,reused:42,0.44492984060711543,64,2,,,0.004622589001020831,0.4879639408647978,2.6587543983272695e-05,0.9217518105314808,0.4499065302218348,0.3948371956585509,37820,0.7031995565387973,0.0102795186713611,0.0131291028446389,29684,1.7980072986034656e-10,2.7755575615628914e-17
1:10_GraphSAGE_class_weighting_s44,1:10,GraphSAGE,class_weighting,44,True,0.4507492166260144,0.4153609831029186,0.44259054950071275,0.5072391412880679,0.49594105042459086,0.011413090165629088,0.013245033112582781,0.008331894654270434,0.007722007722007722,-0.0014589375469062325,0.8333333333333333,14.8,150,144,reused:42,0.44492984060711543,64,2,,,0.004622589001020831,0.4879639408647978,2.6587543983272695e-05,0.9299004917692012,0.4507492183523411,0.4153609831029186,37820,0.7344903353725464,0.0114130878977342,0.0077220077220077,29684,1.7263266927081133e-09,2.2678948875115568e-09
1:10_GraphSAGE_focal_loss,1:10,GraphSAGE,focal_loss,42,True,0.5078680395132924,0.4765285996055227,0.48014691891091094,0.5179240235420011,0.5058445495951547,0.00896423053194648,0.015810276679841896,0.01282682220145621,0.01282051282051282,0.005818812525925391,0.5686274509803921,46.4,150,148,optuna,0.38554340559503647,64,2,,,0.004622589001020831,0.4879639408647978,2.6587543983272695e-05,0.9223162286682316,0.5078680395132924,0.4765285996055227,37820,0.6569370503615152,0.0089642305319464,0.0128205128205128,29684,0.0,7.979727989493313e-17
1:10_GraphSAGE_focal_loss_s43,1:10,GraphSAGE,focal_loss,43,True,0.3422079177672495,0.40160642570281124,0.4064506539631517,0.44158321411540297,0.4296825723502521,0.009956829074953133,0.009876543209876543,0.003309249189087124,0.018838304552590265,0.011989188339004529,0.5392156862745098,7.9,73,53,reused:42,0.38554340559503647,64,2,,,0.004622589001020831,0.4879639408647978,2.6587543983272695e-05,0.8857387821043017,0.3422079177672495,0.4016064257028112,37820,0.6588095312081812,0.0099568171808054,0.0188383045525902,29684,0.0,1.1894147732699478e-08
1:10_GraphSAGE_focal_loss_s44,1:10,GraphSAGE,focal_loss,44,True,0.4283103903750433,0.46507666098807493,0.4609689590887512,0.471707561342013,0.45922447652397674,0.010038376815931198,0.019867549668874173,0.0150360761868221,0.016260162601626018,0.010187674437038214,0.5294117647058824,11.4,114,94,reused:42,0.38554340559503647,64,2,,,0.004622589001020831,0.4879639408647978,2.6587543983272695e-05,0.9154640134300626,0.4283103903750433,0.4650766609880749,37820,0.68371452886758,0.0100383768159311,0.016260162601626,29684,0.0,9.71445146547012e-17
1:10_GraphSAGE_none,1:10,GraphSAGE,none,42,True,0.4465684104472579,0.47673750717978175,0.4650500308802859,0.47941342357586014,0.46716604931066036,0.006223075270684985,0.0,-0.005133663136973124,0.0,-0.004979710718087115,0.4901960784313726,40.0,68,48,optuna,0.372042539659196,64,2,,,0.004622589001020831,0.4879639408647978,2.6587543983272695e-05,0.9087972744287012,0.4465684062133598,0.4767375071797817,37820,0.5485689254385745,0.0062230752706849,0.0,29684,4.233898120986623e-09,8.500145032286355e-17
1:10_GraphSAGE_none_s43,1:10,GraphSAGE,none,43,True,0.32677613456917703,0.41548927263212976,0.4007665261980934,0.41700587969244685,0.4065059090771092,0.005469686159682709,0.004662004662004662,-0.002307785342483061,0.005681818181818182,-0.00023953140886195023,0.45098039215686275,6.3,57,37,reused:42,0.372042539659196,64,2,,,0.004622589001020831,0.4879639408647978,2.6587543983272695e-05,0.8895107103373749,0.326776134569177,0.4154892726321297,37820,0.4793228195070804,0.0054696861596827,0.0056818181818181,29684,5.551115123125783e-17,9.540979117872439e-18
1:10_GraphSAGE_none_s44,1:10,GraphSAGE,none,44,True,0.3470666216674067,0.43704379562043794,0.42699942490012827,0.44465379180405085,0.43338204766643956,0.004961174262782301,0.0,-0.007568256293294077,0.0,-0.007998534840472967,0.5098039215686274,5.9,55,35,reused:42,0.372042539659196,64,2,,,0.004622589001020831,0.4879639408647978,2.6587543983272695e-05,0.8934877548626999,0.3470666216674067,0.4370437956204379,37820,0.4750274406655125,0.0049611735035897,0.0,29684,0.0,7.59192601146319e-10
1:10_TAGCN_class_weighting,1:10,TAGCN,class_weighting,42,True,0.3734332326075358,0.4268689057421452,0.43542744866389405,0.47389969293756395,0.4610190126976607,0.00934761490315207,0.004878048780487805,-0.0018565276569405536,0.005434782608695652,-0.0040172375530016045,0.8529411764705882,99.9,150,140,optuna,0.3931332515226103,128,3,,3.0,0.0021137059440645744,0.20351199264000677,4.201672054372529e-05,0.9107415213361856,0.3734332326075358,0.4268689057421452,37820,0.6946005791859922,0.009347614903152,0.0054347826086956,29684,0.0,6.938893903907228e-17
1:10_TAGCN_class_weighting_s43,1:10,TAGCN,class_weighting,43,True,0.3697238887697389,0.441469013006886,0.4453467249173833,0.47040971168437024,0.45765132750736737,0.007255313196666935,0.005494505494505495,-0.0006107570230954175,0.006688963210702341,-0.0016598563370759988,0.8431372549019608,36.5,150,142,reused:42,0.3931332515226103,128,3,,3.0,0.0021137059440645744,0.20351199264000677,4.201672054372529e-05,0.9151551828223836,0.3697238954408781,0.441469013006886,37820,0.6314479549562101,0.0072553131966669,0.0066889632107023,29684,6.67113919661233e-09,3.469446951953614e-17
1:10_TAGCN_class_weighting_s44,1:10,TAGCN,class_weighting,44,False,0.1376657740454943,0.1804782181460858,0.21289321251782972,0.2539002753135515,0.25514813752203175,0.006945296011771226,0.008073817762399077,-0.0038268216900961952,0.010912698412698412,9.011195842512704e-06,0.5294117647058824,6.5,23,3,reused:42,0.3931332515226103,128,3,,3.0,0.0021137059440645744,0.20351199264000677,4.201672054372529e-05,0.7946138904432943,0.137665771828033,0.1804782181460858,37820,0.6274472813442569,0.0069452960117712,0.0109126984126984,29684,2.217461297915335e-09,2.6020852139652106e-17
1:10_TAGCN_focal_loss,1:10,TAGCN,focal_loss,42,True,0.38911596428128636,0.44792095512556607,0.4455019335157646,0.4885245901639344,0.47584369562324613,0.004002131142679729,0.0,-0.006478485685512745,0.0,-0.01000481488026505,0.5392156862745098,71.9,43,23,optuna,0.3946965386298936,148,3,,4.0,0.006161049539380964,0.4757995766256756,0.0001569639638866114,0.8613364949524019,0.3891159711864035,0.447920955125566,37820,0.3591315016835287,0.0040021311426797,0.0,29684,6.905117144739847e-09,2.949029909160572e-17
1:10_TAGCN_focal_loss_s43,1:10,TAGCN,focal_loss,43,True,0.403193288758442,0.4375490966221524,0.43854854111053637,0.4742268041237113,0.46240932918472527,0.004210440011652663,0.0,-0.006888869676649155,0.0,-0.009670249351980225,0.5294117647058824,18.3,54,34,reused:42,0.3946965386298936,148,3,,4.0,0.006161049539380964,0.4757995766256756,0.0001569639638866114,0.8790530552455638,0.4031932743861071,0.4375490966221524,37820,0.3968421432487943,0.0042104392093583,0.0,29684,1.4372334933288045e-08,8.022943637567281e-10
1:10_TAGCN_focal_loss_s44,1:10,TAGCN,focal_loss,44,True,0.43061213690748323,0.4190079778009018,0.43124616434808294,0.49073064340239914,0.4780786716611813,0.004877100157412869,0.0,-0.00582725115572444,0.0025188916876574307,-0.007978683255895309,0.5588235294117647,24.6,71,51,reused:42,0.3946965386298936,148,3,,4.0,0.006161049539380964,0.4757995766256756,0.0001569639638866114,0.8967287049326688,0.4306121369074832,0.4190079778009018,37820,0.4765620128968623,0.0048771002401596,0.0025188916876574,29684,5.551115123125783e-17,8.274673134189836e-11
1:10_TAGCN_none,1:10,TAGCN,none,42,True,0.3808967095230038,0.4334811529933481,0.4196811543298673,0.4353448275862069,0.4211948949016422,0.009086947895384077,0.0078125,0.00019773742461360995,0.008097165991902834,0.0006440198556185794,0.4803921568627451,85.6,79,59,optuna,0.36643618054886135,128,3,,3.0,0.0021137059440645744,0.20351199264000677,4.201672054372529e-05,0.9030422490350728,0.3808966282072646,0.4334811529933481,37820,0.668439676145015,0.009086947895384,0.0080971659919028,29684,8.131573919767376e-08,7.806255641895632e-17
1:10_TAGCN_none_s43,1:10,TAGCN,none,43,True,0.2796374691095459,0.41568627450980394,0.4019680781824841,0.4208566108007449,0.409147851265643,0.005877583352944404,0.007590132827324478,-0.00015670410741502988,0.008733624454148471,0.0016171645896519533,0.4803921568627451,14.7,52,32,reused:42,0.36643618054886135,128,3,,3.0,0.0021137059440645744,0.20351199264000677,4.201672054372529e-05,0.8708407402282053,0.2796374546724901,0.4156862745098039,37820,0.5156684947078358,0.0058775833529444,0.0087336244541484,29684,1.4437055773086627e-08,4.336808689942018e-18
1:10_TAGCN_none_s44,1:10,TAGCN,none,44,True,0.30004040651920383,0.3907766990291262,0.3797464207623814,0.4023926046764546,0.3875090356909491,0.00916991423067958,0.008888888888888889,0.0018504022776627124,0.005714285714285714,-0.00017535229571649435,0.4607843137254902,15.1,59,39,reused:42,0.36643618054886135,128,3,,3.0,0.0021137059440645744,0.20351199264000677,4.201672054372529e-05,0.8831314128116129,0.3000404081425187,0.3907766990291262,37820,0.6405249762682098,0.0091699150563773,0.0057142857142857,29684,1.6233148714128731e-09,8.256977185316927e-10
1:10_os_GAT_class_weighting,1:10_os,GAT,class_weighting,42,False,0.37359348322407404,0.2560728744939271,0.32384219592737173,0.46529814271749753,0.45333102432205424,0.009971871763388061,0.0,-0.006701363560181819,0.014292094685127288,0.007409541417979436,0.892156862745098,105.3,150,141,optuna,0.350473667058449,128,2,4.0,,0.0016738085788752138,0.21649165607921678,1.9010245319870364e-05,0.9182301929522056,0.3735933041448763,0.2560728744939271,37820,0.6990047182908701,0.009971871763388,0.0142920946851272,29684,1.7907919774851067e-07,6.071532165918825e-17
1:10_os_GAT_class_weighting_s43,1:10_os,GAT,class_weighting,43,False,0.32270880502410343,0.17983519146873486,0.24585425958805684,0.39878542510121456,0.3838876842589463,0.009735849652414513,0.037359900373599,0.03527611178999115,0.016107382550335572,0.0169827081981214,0.892156862745098,14.5,43,23,reused:42,0.350473667058449,128,2,4.0,,0.0016738085788752138,0.21649165607921678,1.9010245319870364e-05,0.89807573110514,0.3227083904813371,0.1798351914687348,37820,0.6124072906465171,0.0097358496524145,0.0161073825503355,29684,4.145427663360124e-07,1.214306433183765e-17
1:10_os_GAT_class_weighting_s44,1:10_os,GAT,class_weighting,44,False,0.3389188924737671,0.25358516963973415,0.3148350330565127,0.40707964601769914,0.4002952735454053,0.007536111503536173,0.0038095238095238095,-0.004223611792594054,0.008281573498964804,-0.0038593973160023134,0.8235294117647058,41.9,150,149,reused:42,0.350473667058449,128,2,4.0,,0.0016738085788752138,0.21649165607921678,1.9010245319870364e-05,0.9116396870113332,0.3389188797154705,0.2535851696397341,37820,0.6299031582577107,0.0075361060098107,0.0082815734989648,29684,1.2758296585868578e-08,5.493725472802136e-09
1:10_os_GAT_focal_loss,1:10_os,GAT,focal_loss,42,True,0.4097236359197007,0.4051069703243616,0.4162942109730037,0.4685421994884911,0.45551643534040454,0.00800576789008008,0.0,-0.00777358336176101,0.0040858018386108275,-0.0071773518526710035,0.5392156862745098,84.9,66,46,optuna,0.3265901162190564,148,2,4.0,,0.007568292060167618,0.4100531293444458,0.0006161049539380963,0.9136012468129748,0.4097237471494795,0.4051069703243616,37820,0.659966499834103,0.0080057655708021,0.0040858018386108,29684,1.1122977883193386e-07,2.3192779797370777e-09
1:10_os_GAT_focal_loss_s43,1:10_os,GAT,focal_loss,43,True,0.2589729119263977,0.3341677096370463,0.3236156520759877,0.3411111111111111,0.32509461278890694,0.005092444882117176,0.0,-0.00718176090261687,0.0,-0.006089465393878126,0.4215686274509804,11.1,30,10,reused:42,0.3265901162190564,148,2,4.0,,0.007568292060167618,0.4100531293444458,0.0006161049539380963,0.8378559118968162,0.2589729119263977,0.3341677096370463,37820,0.4969626315773646,0.0050924468432932,0.0,29684,0.0,1.9611760236626363e-09
1:10_os_GAT_focal_loss_s44,1:10_os,GAT,focal_loss,44,False,0.21424388886670337,0.2709541381128097,0.2524009797751274,0.2716049382716049,0.2562244179166414,0.005351075958953681,0.008823529411764706,0.00031229901269781967,0.012170385395537525,0.004978840271465194,0.4803921568627451,16.6,52,32,reused:42,0.3265901162190564,148,2,4.0,,0.007568292060167618,0.4100531293444458,0.0006161049539380963,0.8455713112774177,0.2142438019031145,0.2709541381128097,37820,0.5059587593110313,0.005351086775185,0.0121703853955375,29684,8.696358885784683e-08,1.0816231319453473e-08
1:10_os_GAT_none,1:10_os,GAT,none,42,True,0.4220077307171722,0.4563155267099351,0.44343131886629883,0.4591229020032485,0.4456112742043243,0.007409378882993193,0.0,-0.00697376518534162,0.0,-0.008253565947561188,0.5392156862745098,99.9,106,86,optuna,0.4070335362276952,128,2,4.0,,0.0016738085788752138,0.21649165607921678,1.9010245319870364e-05,0.91324249340776,0.4220077906057588,0.4563155267099351,37820,0.6176133487435432,0.0074093774927451,0.0,29684,5.988858664540686e-08,1.3902480928626448e-09
1:10_os_GAT_none_s43,1:10_os,GAT,none,43,True,0.3773313862725486,0.41855969067182214,0.4053511389268695,0.4291497975708502,0.41655637574076065,0.004650313459485481,0.0042643923240938165,-0.0031693428956729567,0.0029069767441860465,-0.00667806593512663,0.588235294117647,13.2,40,20,reused:42,0.4070335362276952,128,2,4.0,,0.0016738085788752138,0.21649165607921678,1.9010245319870364e-05,0.8875174448160392,0.3773314123051781,0.4185596906718221,37820,0.4433096399684445,0.0046503105296466,0.002906976744186,29684,2.6032629496519633e-08,2.929838880186275e-09
1:10_os_GAT_none_s44,1:10_os,GAT,none,44,True,0.3563256894529575,0.4253092293054234,0.4128937803276688,0.4296444667000501,0.4158650873051451,0.005023228620506579,0.003389830508474576,-0.005289522295810463,0.003048780487804878,-0.006248046436628007,0.5196078431372548,16.7,59,39,reused:42,0.4070335362276952,128,2,4.0,,0.0016738085788752138,0.21649165607921678,1.9010245319870364e-05,0.8999441748099526,0.3563256955305693,0.4253092293054234,37820,0.4890988134606112,0.0050232286205065,0.0030487804878048,29684,6.0776118027128234e-09,7.892991815694472e-17
1:10_os_GCN_class_weighting,1:10_os,GCN,class_weighting,42,False,0.22585836386473587,0.2005851755526658,0.24444998911258767,0.2863905325443787,0.2711405404514979,0.005516016870711346,0.005154639175257732,-0.0012914754807761188,0.010676156583629894,0.00028706631670416793,0.8431372549019608,41.9,150,150,optuna,0.1726555438202612,64,2,,,0.004622589001020831,0.4879639408647978,2.6587543983272695e-05,0.8538864512492024,0.2258584479913711,0.2005851755526658,37820,0.4876202753188379,0.0055160168707113,0.0106761565836298,29684,8.412663521362163e-08,4.597017211338539e-17
1:10_os_GCN_class_weighting_s43,1:10_os,GCN,class_weighting,43,False,0.21733899094083445,0.2161393530039104,0.2576127127576231,0.28913738019169327,0.2776139133650084,0.010174959555715261,0.006644518272425249,-0.0017373334297864798,0.023323615160349854,0.022565904755133932,0.7450980392156862,13.8,150,146,reused:42,0.1726555438202612,64,2,,,0.004622589001020831,0.4879639408647978,2.6587543983272695e-05,0.8617299927273986,0.217339000466602,0.2161393530039104,37820,0.6831255193678473,0.0101749595557152,0.0233236151603498,29684,9.525767563633991e-09,6.071532165918825e-17
1:10_os_GCN_class_weighting_s44,1:10_os,GCN,class_weighting,44,False,0.04218821775704103,0.08249247654452116,0.08296485114237265,0.09237995824634655,0.0858261649181938,0.006179515415313697,0.010168708111855789,-0.002158022005330593,0.01198681450404555,0.003209378574901859,0.6274509803921569,2.5,21,1,reused:42,0.1726555438202612,64,2,,,0.004622589001020831,0.4879639408647978,2.6587543983272695e-05,0.6564844022088883,0.042188217757041,0.0824924765445211,37820,0.5589579864616026,0.0061795154153136,0.0119868145040455,29684,2.7755575615628914e-17,9.627715291671279e-17
1:10_os_GCN_focal_loss,1:10_os,GCN,focal_loss,42,False,0.1162660536321105,0.2067058416868303,0.19420501640584756,0.2067058416868303,0.19420501640584756,0.011727486028963521,0.04143126177024482,0.05215419555716076,0.04143126177024482,0.05215419555716076,0.5,29.0,42,22,optuna,0.11593499384559684,148,2,,,0.007902619549708232,0.12602063719411183,0.0008536189862866829,0.7065556637413805,0.1162660575121749,0.2067058416868303,37820,0.6087639721854398,0.0117274860289635,0.0414312617702448,29684,3.880064408656736e-09,2.0816681711721685e-17
1:10_os_GCN_focal_loss_s43,1:10_os,GCN,focal_loss,43,False,0.09498898220162164,0.16006156213928435,0.13959693540860163,0.16735966735966737,0.1458744163392986,0.007579576634956351,0.011188811188811189,0.002970514852514792,0.018867924528301886,0.012929492592692089,0.5588235294117647,4.2,32,12,reused:42,0.11593499384559684,148,2,,,0.007902619549708232,0.12602063719411183,0.0008536189862866829,0.7102690275525223,0.0949889833062194,0.1600615621392843,37820,0.5758638421743231,0.0075795766349563,0.0188679245283018,29684,1.1045977604817736e-09,5.0306980803327406e-17
1:10_os_GCN_focal_loss_s44,1:10_os,GCN,focal_loss,44,False,0.11187682401502011,0.1755424063116371,0.15384719636634453,0.17901234567901234,0.15773098866554022,0.0060296353241402305,0.0,-0.01362372550746252,0.0,-0.014201640180711064,0.5098039215686274,3.4,25,5,reused:42,0.11593499384559684,148,2,,,0.007902619549708232,0.12602063719411183,0.0008536189862866829,0.6941203810591721,0.1118768379554168,0.1755424063116371,37820,0.5751950417348715,0.0060296353241402,0.0,29684,1.3940396684231082e-08,3.0357660829594124e-17
1:10_os_GCN_none,1:10_os,GCN,none,42,False,0.08761406334698851,0.15695350305070482,0.15976283872595856,0.1653922401585953,0.15519517923099527,0.02659638568068425,0.05825242718446602,0.09238115385809637,0.046889653016567674,0.08540864545703247,0.5392156862745098,32.6,49,29,optuna,0.11884058410646683,148,2,,,0.007902619549708232,0.12602063719411183,0.0008536189862866829,0.7163833399679664,0.0876140744554785,0.1569535030507048,37820,0.6852582229274654,0.0265963856806842,0.0468896530165676,29684,1.1108489988975734e-08,4.85722573273506e-17
1:10_os_GCN_none_s43,1:10_os,GCN,none,43,False,0.12202328603142376,0.22489270386266094,0.20658945848496552,0.22496570644718794,0.2054817773959946,0.006385741340261006,0.00788436268068331,-0.0011863759721405173,0.014218009478672985,0.006478787081958906,0.5196078431372548,4.7,36,16,reused:42,0.11884058410646683,148,2,,,0.007902619549708232,0.12602063719411183,0.0008536189862866829,0.7687292756652687,0.1220232873232098,0.2248927038626609,37820,0.5629493377652723,0.0063857481459729,0.0142180094786729,29684,1.2917860392480662e-09,6.805711893348443e-09
1:10_os_GCN_none_s44,1:10_os,GCN,none,44,False,0.1610077666484935,0.25478194338179033,0.24258245289137592,0.2565573770491803,0.24160431259233092,0.005317848141632324,0.0038240917782026767,-0.007914426179107453,0.003418803418803419,-0.00917512995279809,0.5196078431372548,3.9,29,9,reused:42,0.11884058410646683,148,2,,,0.007902619549708232,0.12602063719411183,0.0008536189862866829,0.7897915379316617,0.1610077371372943,0.2547819433817903,37820,0.5214113373302312,0.0053178481416323,0.0034188034188034,29684,2.9511199206577743e-08,2.42861286636753e-17
1:10_os_GraphSAGE_class_weighting,1:10_os,GraphSAGE,class_weighting,42,True,0.4214796681751454,0.40256670043904086,0.4158888593639366,0.44601412714429867,0.432578542019668,0.011013783619842607,0.010471204188481676,0.004176623342842253,0.012674271229404309,0.004603058121642516,0.7745098039215685,49.6,150,150,optuna,0.4362945278410122,64,2,,,0.004622589001020831,0.4879639408647978,2.6587543983272695e-05,0.9123190402348104,0.421479669966221,0.4025667004390408,37820,0.7078158032170985,0.0110137836198426,0.0126742712294043,29684,1.7910755656380672e-09,6.938893903907228e-18
1:10_os_GraphSAGE_class_weighting_s43,1:10_os,GraphSAGE,class_weighting,43,True,0.4419286934434835,0.40812440495080926,0.4298484609582301,0.47105004906771347,0.4591435931664742,0.010440987364676167,0.0056022408963585435,-0.000397013487751773,0.012269938650306749,0.004057243227422839,0.7745098039215685,15.3,150,150,reused:42,0.4362945278410122,64,2,,,0.004622589001020831,0.4879639408647978,2.6587543983272695e-05,0.9182017037547991,0.4419286934434834,0.4081244049508092,37820,0.7021997640353366,0.0104409873646761,0.0122699386503067,29684,1.1102230246251565e-16,6.591949208711867e-17
1:10_os_GraphSAGE_class_weighting_s44,1:10_os,GraphSAGE,class_weighting,44,True,0.4515068957483294,0.44220381706877926,0.45268515364124495,0.4807585052983826,0.46824988288294633,0.011803226074823942,0.023076923076923078,0.02010149765488611,0.009933774834437087,0.0019503038583091694,0.8235294117647058,15.2,150,148,reused:42,0.4362945278410122,64,2,,,0.004622589001020831,0.4879639408647978,2.6587543983272695e-05,0.9229320370481706,0.4515069033867759,0.4422038170687792,37820,0.7347045479833241,0.0118032260748239,0.009933774834437,29684,7.638446486435413e-09,4.163336342344337e-17
1:10_os_GraphSAGE_focal_loss,1:10_os,GraphSAGE,focal_loss,42,True,0.46080276346334315,0.4643157010915197,0.46131985602881187,0.48642779587404994,0.47362415070208613,0.009659837460464879,0.006734006734006734,0.0018535794518323527,0.01263157894736842,0.005575893611494692,0.5490196078431372,42.7,120,100,optuna,0.39160316241539533,64,2,,,0.004622589001020831,0.4879639408647978,2.6587543983272695e-05,0.9135737655580366,0.4608027634633431,0.4643157010915197,37820,0.664862816720412,0.0096598364628907,0.0126315789473684,29684,5.551115123125783e-17,9.97574179512073e-10
1:10_os_GraphSAGE_focal_loss_s43,1:10_os,GraphSAGE,focal_loss,43,True,0.42296203187891723,0.4477884176926585,0.4382455351104658,0.4581218274111675,0.452965999120424,0.010260054927618821,0.008298755186721992,0.005371184515235896,0.01084010840108401,0.004714371606569772,0.5686274509803921,15.1,150,137,reused:42,0.39160316241539533,64,2,,,0.004622589001020831,0.4879639408647978,2.6587543983272695e-05,0.904110756987324,0.4229621660673616,0.4477884176926585,37820,0.6744866465451828,0.0102600571866776,0.010840108401084,29684,1.3418844435619803e-07,2.259058778583678e-09
1:10_os_GraphSAGE_focal_loss_s44,1:10_os,GraphSAGE,focal_loss,44,True,0.4426801609197793,0.47757009345794393,0.46798269903866063,0.48282630029440626,0.47131073763666764,0.01042619590864833,0.018808777429467086,0.013551318628670064,0.017142857142857144,0.011327758303285536,0.5098039215686274,13.0,128,108,reused:42,0.39160316241539533,64,2,,,0.004622589001020831,0.4879639408647978,2.6587543983272695e-05,0.9148498207226092,0.4426801609197793,0.4775700934579439,37820,0.688021134575038,0.0104261959086483,0.0171428571428571,29684,0.0,2.949029909160572e-17
1:10_os_GraphSAGE_none,1:10_os,GraphSAGE,none,42,True,0.3769765225057745,0.4492951341518872,0.43997040745444,0.4492951341518872,0.43997040745444,0.004746399624067641,0.0,-0.007861796499327499,0.0,-0.007861796499327499,0.5,38.4,49,29,optuna,0.37790637308262365,64,2,,,0.004622589001020831,0.4879639408647978,2.6587543983272695e-05,0.8934524768763175,0.3769765225057745,0.4492951341518872,37820,0.4554569083817576,0.0047463996240676,0.0,29684,0.0,4.163336342344337e-17
1:10_os_GraphSAGE_none_s43,1:10_os,GraphSAGE,none,43,True,0.3063788618276781,0.40773809523809523,0.3934745830040993,0.40916030534351144,0.3944921932239416,0.004855483893876081,0.0,-0.005926907595217509,0.0,-0.006216528523483333,0.5098039215686274,6.0,55,35,reused:42,0.37790637308262365,64,2,,,0.004622589001020831,0.4879639408647978,2.6587543983272695e-05,0.8840542730772282,0.3063788618276781,0.4077380952380952,37820,0.4451771088214096,0.004855483893876,0.0,29684,0.0,8.066464163292153e-17
1:10_os_GraphSAGE_none_s44,1:10_os,GraphSAGE,none,44,True,0.3589698041241973,0.44274077623382846,0.43069819781978114,0.44374719856566563,0.4349957292516711,0.00503542759000096,0.0,-0.008395979302316793,0.0,-0.0074635609249788975,0.4803921568627451,5.9,55,35,reused:42,0.37790637308262365,64,2,,,0.004622589001020831,0.4879639408647978,2.6587543983272695e-05,0.8955215456003254,0.3589698414857464,0.4427407762338284,37820,0.476463577340576,0.0050354275900009,0.0,29684,3.736154907674205e-08,5.984795992119984e-17
1:10_os_TAGCN_class_weighting,1:10_os,TAGCN,class_weighting,42,True,0.3554346723910578,0.4218362282878412,0.4173371120058223,0.44937736870600975,0.4356212864092464,0.009575571500583609,0.004640371229698376,-0.0023535468865741537,0.009950248756218905,0.001973754108661175,0.7843137254901961,95.7,150,139,optuna,0.37748031604718885,128,3,,3.0,0.0021137059440645744,0.20351199264000677,4.201672054372529e-05,0.907987333364876,0.3554346769908518,0.4218362282878412,37820,0.7049539548138697,0.0095755715005836,0.0099502487562189,29684,4.599793990145429e-09,8.673617379884035e-18
1:10_os_TAGCN_class_weighting_s43,1:10_os,TAGCN,class_weighting,43,True,0.38375294861677545,0.4644506001846722,0.45495880612849643,0.47002967359050446,0.45977844534420503,0.008737672903364154,0.007142857142857143,0.0026998990031026284,0.004842615012106538,-0.0019298725022953496,0.8137254901960784,37.8,150,149,reused:42,0.37748031604718885,128,3,,3.0,0.0021137059440645744,0.20351199264000677,4.201672054372529e-05,0.9098283551054837,0.3837529504236447,0.4644506001846722,37820,0.681305764694915,0.0087376710787583,0.0048426150121065,29684,1.8068692653194773e-09,1.8246058552939814e-09
1:10_os_TAGCN_class_weighting_s44,1:10_os,TAGCN,class_weighting,44,False,0.13734580670289667,0.18880114860014358,0.2166114553535583,0.24948168624740844,0.24206642051844585,0.006917651609122111,0.008102633355840648,-0.0032014656429649596,0.009521142537104453,-0.0033293234653614355,0.5294117647058824,6.6,23,3,reused:42,0.37748031604718885,128,3,,3.0,0.0021137059440645744,0.20351199264000677,4.201672054372529e-05,0.7926929596167257,0.1373458067028966,0.1888011486001435,37820,0.6262010992304585,0.0069176516091221,0.0095211425371044,29684,8.326672684688674e-17,1.0408340855860843e-17
1:10_os_TAGCN_focal_loss,1:10_os,TAGCN,focal_loss,42,True,0.40872025821971986,0.45079624336463864,0.4492706211310134,0.4859913793103448,0.47312134870653566,0.003896618457648876,0.0,-0.00618500103607079,0.0,-0.009249580031608697,0.5392156862745098,69.6,48,28,optuna,0.4057684881964672,148,3,,4.0,0.006161049539380964,0.4757995766256756,0.0001569639638866114,0.877745546346914,0.4087202853582607,0.4507962433646386,37820,0.3375710074207579,0.0038966195231201,0.0,29684,2.7138540859006355e-08,1.06547122383574e-09
1:10_os_TAGCN_focal_loss_s43,1:10_os,TAGCN,focal_loss,43,True,0.3711338710475571,0.4477739726027397,0.4422780579099233,0.44856999498243855,0.4353284990833744,0.004780060603186307,0.0,-0.007276861881895228,0.0,-0.00927103895293424,0.5196078431372548,20.7,57,37,reused:42,0.4057684881964672,148,3,,4.0,0.006161049539380964,0.4757995766256756,0.0001569639638866114,0.8850892076516826,0.3711337936534754,0.4477739726027397,37820,0.4647220799372899,0.0047800605777283,0.0,29684,7.73940816989338e-08,2.5458007230083624e-11
1:10_os_TAGCN_focal_loss_s44,1:10_os,TAGCN,focal_loss,44,True,0.42667428321128886,0.438401318500206,0.4352834162561697,0.46162927981109797,0.4508527985449677,0.0060559362767830145,0.0,-0.005517751312090047,0.0,-0.00936703167724899,0.5490196078431372,21.9,62,42,reused:42,0.4057684881964672,148,3,,4.0,0.006161049539380964,0.4757995766256756,0.0001569639638866114,0.8895375690396122,0.4266743244549769,0.438401318500206,37820,0.5522584544815744,0.0060559764104596,0.0,29684,4.1243688020387026e-08,4.0133676585188405e-08
1:10_os_TAGCN_none,1:10_os,TAGCN,none,42,True,0.42692541058336997,0.47149643705463185,0.46131931988979485,0.47857613711272246,0.4789417472641361,0.008874789030280253,0.0,-0.003572037930578259,0.0,-0.004443327024294353,0.5784313725490196,99.0,99,79,optuna,0.3593098773351982,148,3,,4.0,0.006161049539380964,0.4757995766256756,0.0001569639638866114,0.8998047526503254,0.4269254037403254,0.4714964370546318,37820,0.6760784557445968,0.0088748022957986,0.0,29684,6.843044575433055e-09,1.3265518346988747e-08
1:10_os_TAGCN_none_s43,1:10_os,TAGCN,none,43,True,0.36478841267225204,0.4243520192887282,0.4138298787291186,0.42713004484304934,0.41343283746882187,0.01047089503734409,0.006944444444444444,0.0022851825047543787,0.007434944237918215,0.0033279252969655154,0.4607843137254902,36.5,107,87,reused:42,0.3593098773351982,148,3,,4.0,0.006161049539380964,0.4757995766256756,0.0001569639638866114,0.8933492665321242,0.364788412672252,0.4243520192887282,37820,0.6986436542646554,0.010470896846207,0.0074349442379182,29684,5.551115123125783e-17,1.8088629101520315e-09
1:10_os_TAGCN_none_s44,1:10_os,TAGCN,none,44,True,0.39883458329297733,0.46947243627741553,0.45913684205617705,0.4710843373493976,0.4618184292941415,0.009166064162598127,0.0,-0.003705185276254372,0.0,-0.0038083838976217125,0.5098039215686274,26.9,78,58,reused:42,0.3593098773351982,148,3,,4.0,0.006161049539380964,0.4757995766256756,0.0001569639638866114,0.8876684879594158,0.3988345659772662,0.4694724362774155,37820,0.6741995595459935,0.0091660641625981,0.0,29684,1.7315711142718015e-08,2.7755575615628914e-17
1:1_GAT_class_weighting,1:1,GAT,class_weighting,42,False,0.33697861544910535,0.1630481055768412,0.23158461903816643,0.39328277356446373,0.3781257537706997,0.009639492936572031,0.02414486921529175,0.017700899587792245,0.01695447409733124,0.020591821202683047,0.892156862745098,77.2,62,42,optuna,0.35223246703748845,128,2,4.0,,0.0016738085788752138,0.21649165607921678,1.9010245319870364e-05,0.900153219113293,0.3369785899067811,0.1630481055768412,37820,0.6256277271510725,0.0096394857631132,0.0169544740973312,29684,2.554232425566738e-08,7.173458830417312e-09
1:1_GAT_class_weighting_s43,1:1,GAT,class_weighting,43,False,0.36008211172389215,0.17163483931066603,0.23613071495869284,0.42733188720173537,0.4130396079568733,0.0058328928503515965,0.0142602495543672,0.006935499302989218,0.007678183942580538,-0.011441435414734297,0.9411764705882353,9.4,31,11,reused:42,0.35223246703748845,128,2,4.0,,0.0016738085788752138,0.21649165607921678,1.9010245319870364e-05,0.8908256157550183,0.3600821343447759,0.171634839310666,37820,0.521864622040543,0.0058328928503515,0.0076781839425805,29684,2.2620883721735652e-08,9.627715291671279e-17
1:1_GAT_class_weighting_s44,1:1,GAT,class_weighting,44,False,0.34298430802724333,0.22670315425608525,0.3016366284316503,0.42011834319526625,0.42548689551696695,0.01024067096676924,0.01607717041800643,0.008842389876278771,0.022404779686333084,0.025295942418342827,0.8725490196078431,41.2,150,150,reused:42,0.35223246703748845,128,2,4.0,,0.0016738085788752138,0.21649165607921678,1.9010245319870364e-05,0.9241215573873232,0.3429843111570926,0.2267031542560852,37820,0.6946895921941205,0.0102406650620447,0.022404779686333,29684,3.129849268646012e-09,5.904724539179673e-09
1:1_GAT_focal_loss,1:1,GAT,focal_loss,42,False,0.23412298094228967,0.1369229345915441,0.1962083155770078,0.288268156424581,0.2710890240951954,0.005381295536213148,0.003861003861003861,-0.004099705355380548,0.0066298342541436465,-0.015567751444823093,0.8235294117647058,71.9,37,17,optuna,0.303991641676983,148,2,4.0,,0.007568292060167618,0.4100531293444458,0.0006161049539380963,0.865323263158007,0.2341232921508397,0.1369229345915441,37820,0.5166824210335332,0.0053812971793651,0.0066298342541436,29684,3.1120855004118653e-07,1.6431519521756255e-09
1:1_GAT_focal_loss_s43,1:1,GAT,focal_loss,43,False,0.24774805678715797,0.22501045587620241,0.2525904467867548,0.3349282296650718,0.31811421901081666,0.006893602346951928,0.011095700416088766,0.0028414120670220743,0.011922503725782414,0.002703387494979558,0.696078431372549,12.9,36,16,reused:42,0.303991641676983,148,2,4.0,,0.007568292060167618,0.4100531293444458,0.0006161049539380963,0.8638626804083614,0.2477473304526111,0.2250104558762024,37820,0.5829337604888498,0.0068936044023881,0.0119225037257824,29684,7.263345468688787e-07,2.0554361719604675e-09
1:1_GAT_focal_loss_s44,1:1,GAT,focal_loss,44,False,0.1301865713836977,0.1440492747864097,0.20254471144054836,0.21812688821752266,0.21423349787703913,0.0074236678190544025,0.013001083423618635,0.004755946683133354,0.013904034896401308,0.010667625244113663,0.6176470588235293,16.7,53,33,reused:42,0.303991641676983,148,2,4.0,,0.007568292060167618,0.4100531293444458,0.0006161049539380963,0.851344183181804,0.1301865970307772,0.1440492747864097,37820,0.6242839113999802,0.0074236658963844,0.0139040348964013,29684,2.5647079487933766e-08,1.922670002374449e-09
1:1_GAT_none,1:1,GAT,none,42,False,0.3369785762159583,0.1630481055768412,0.23158461903816643,0.39328277356446373,0.3781257537706997,0.00963949571679295,0.02414486921529175,0.017700899587792245,0.01695447409733124,0.020591821202683047,0.892156862745098,80.1,62,42,optuna,0.3522325155848236,128,2,4.0,,0.0016738085788752138,0.21649165607921678,1.9010245319870364e-05,0.9001531894679261,0.3369785513830651,0.1630481055768412,37820,0.6256277271510725,0.0096394857631132,0.0169544740973312,29684,2.4832893186221838e-08,9.95367974848671e-09
1:1_GAT_none_s43,1:1,GAT,none,43,False,0.36008211172389215,0.17163483931066603,0.23613071495869284,0.42733188720173537,0.4130396079568733,0.0058328928503515965,0.0142602495543672,0.006935499302989218,0.007678183942580538,-0.011441435414734297,0.9411764705882353,9.4,31,11,reused:42,0.3522325155848236,128,2,4.0,,0.0016738085788752138,0.21649165607921678,1.9010245319870364e-05,0.890825600932335,0.3600821316673688,0.171634839310666,37820,0.521864622040543,0.0058328928503515,0.0076781839425805,29684,1.9943476647910074e-08,9.627715291671279e-17
1:1_GAT_none_s44,1:1,GAT,none,44,False,0.34298431006591673,0.22670315425608525,0.3016366284316503,0.42011834319526625,0.42548689551696695,0.010240672561593748,0.01607717041800643,0.008842389876278771,0.022404779686333084,0.025295942418342827,0.8725490196078431,41.9,150,150,reused:42,0.3522325155848236,128,2,4.0,,0.0016738085788752138,0.21649165607921678,1.9010245319870364e-05,0.9241216166780564,0.3429843301462198,0.2267031542560852,37820,0.6946895921941205,0.0102406650620447,0.022404779686333,29684,2.0080303086977835e-08,7.499549047745857e-09
1:1_GCN_class_weighting,1:1,GCN,class_weighting,42,False,0.1758509421636394,0.16539410313637964,0.22359718098101572,0.2541473125414731,0.2498034001596202,0.008002570439910216,0.014678899082568808,0.007118094457634674,0.01931171081950978,0.02256199546745384,0.8039215686274509,43.7,150,150,optuna,0.15707735949285836,64,2,,,0.004622589001020831,0.4879639408647978,2.6587543983272695e-05,0.8556671150231928,0.1758509421636393,0.1653941031363796,37820,0.6029588806012788,0.0080025714976992,0.0193117108195097,29684,8.326672684688674e-17,1.057788983141461e-09
1:1_GCN_class_weighting_s43,1:1,GCN,class_weighting,43,False,0.20026852143305116,0.18822530427398812,0.24088165791326202,0.28409947249434814,0.2752777039684478,0.008842509247316555,0.006968641114982578,-0.0027885924876046,0.018836192398250923,0.0184261864151477,0.8235294117647058,13.4,150,145,reused:42,0.15707735949285836,64,2,,,0.004622589001020831,0.4879639408647978,2.6587543983272695e-05,0.859175362542083,0.2002685631686324,0.1882253042739881,37820,0.6497099559245273,0.0088425092473165,0.0188361923982509,29684,4.1735581240986974e-08,5.377642775528102e-17
1:1_GCN_class_weighting_s44,1:1,GCN,class_weighting,44,False,0.1790189501745608,0.16154826747015877,0.2181481778491825,0.25933360096346847,0.24538437041646222,0.011812177226782098,0.016931216931216932,0.010051780937240998,0.02632733655111891,0.044164735216997375,0.8823529411764706,13.7,150,150,reused:42,0.15707735949285836,64,2,,,0.004622589001020831,0.4879639408647978,2.6587543983272695e-05,0.8521743572084074,0.1790189501745607,0.1615482674701587,37820,0.7013578493334549,0.01181217972149,0.0263273365511189,29684,8.326672684688674e-17,2.4947079020620766e-09
1:1_GCN_focal_loss,1:1,GCN,focal_loss,42,False,0.045309799795275954,0.0990728476821192,0.0767397232446635,0.10206995003568879,0.07698295434617569,0.010105358301616543,0.028,0.03616779416173532,0.026122448979591838,0.038900067353851,0.5784313725490196,24.4,22,2,optuna,0.12426120532551707,148,2,,,0.007902619549708232,0.12602063719411183,0.0008536189862866829,0.6374649132262329,0.0453098015128902,0.0990728476821192,37820,0.6665097578505362,0.0101053548025644,0.0261224489795918,29684,1.717614245277943e-09,3.499052141781034e-09
1:1_GCN_focal_loss_s43,1:1,GCN,focal_loss,43,False,0.09451301449820304,0.08002346729246113,0.10171168885013808,0.16831320892791804,0.149703760968738,0.009511626069837678,0.014847809948032665,0.0075534746527574324,0.01540221120853984,0.02464411745328201,0.9901960784313726,3.4,26,6,reused:42,0.12426120532551707,148,2,,,0.007902619549708232,0.12602063719411183,0.0008536189862866829,0.7589122273026474,0.094513014498203,0.0800234672924611,37820,0.6187025552146286,0.0095116260698376,0.0154022112085398,29684,4.163336342344337e-17,7.806255641895632e-17
1:1_GCN_focal_loss_s44,1:1,GCN,focal_loss,44,False,0.09621494062324315,0.07769311220678321,0.10911496639860664,0.17758527341635083,0.17207936367996782,0.0229478678857518,0.04164321890827237,0.05508037617410673,0.01871377697088192,0.04789686334003861,0.9607843137254901,3.6,28,8,reused:42,0.12426120532551707,148,2,,,0.007902619549708232,0.12602063719411183,0.0008536189862866829,0.7811976425767231,0.0962149573334608,0.0776931122067832,37820,0.7435521202236953,0.0229478678857518,0.0187137769708819,29684,1.6710217654036796e-08,0.0
1:1_GCN_none,1:1,GCN,none,42,False,0.17594239681247853,0.16543643819566492,0.22398578452640705,0.25423166279455695,0.24987757521601547,0.00796307889544581,0.014692378328741965,0.007136547821662482,0.01924500370096225,0.02242157766267796,0.8039215686274509,43.7,150,150,optuna,0.1570781183278976,64,2,,,0.004622589001020831,0.4879639408647978,2.6587543983272695e-05,0.8557725932379394,0.1759423968124785,0.1654364381956649,37820,0.6020607313300729,0.0079630788954458,0.0192450037009622,29684,2.7755575615628914e-17,1.0408340855860843e-17
1:1_GCN_none_s43,1:1,GCN,none,43,False,0.20056752542028716,0.18592964824120603,0.23872197894480193,0.28167069382119436,0.27814271409481955,0.008966820386867854,0.008281573498964804,-0.0014890391538329912,0.018481848184818482,0.017768719813944876,0.8039215686274509,13.4,150,145,reused:42,0.1570781183278976,64,2,,,0.004622589001020831,0.4879639408647978,2.6587543983272695e-05,0.8589436691785779,0.200567485682896,0.185929648241206,37820,0.6523789428101447,0.0089668203868678,0.0184818481848184,29684,3.9737391155370005e-08,5.377642775528102e-17
1:1_GCN_none_s44,1:1,GCN,none,44,False,0.1790189501745608,0.16154826747015877,0.2181481778491825,0.25933360096346847,0.24538437041646222,0.011812177226782098,0.016931216931216932,0.010051780937240998,0.02632733655111891,0.044164735216997375,0.8823529411764706,13.9,150,150,reused:42,0.1570781183278976,64,2,,,0.004622589001020831,0.4879639408647978,2.6587543983272695e-05,0.8521743572084073,0.1790189501745608,0.1615482674701587,37820,0.7013577490935808,0.011812177226782,0.0263273365511189,29684,0.0,9.8879238130678e-17
1:1_GraphSAGE_class_weighting,1:1,GraphSAGE,class_weighting,42,False,0.3549220266856754,0.27502710516805207,0.3414187684922411,0.4296455424274973,0.41532871282347245,0.008965900432442109,0.00516795865633075,-0.0012645561233631925,0.016923076923076923,0.01332373213818821,0.9705882352941176,49.7,150,133,optuna,0.42137210939676273,64,2,,,0.004622589001020831,0.4879639408647978,2.6587543983272695e-05,0.9215782813774566,0.3549220266856754,0.275027105168052,37820,0.6758402858039287,0.0089659004324421,0.0169230769230769,29684,0.0,8.673617379884035e-18
1:1_GraphSAGE_class_weighting_s43,1:1,GraphSAGE,class_weighting,43,False,0.38137436722714124,0.2752978836919794,0.3442889235195423,0.4563017479300828,0.44666033246407516,0.010477888697037339,0.017167381974248927,0.010388252843671317,0.017666543982333457,0.015174338929272174,0.9509803921568627,15.6,150,134,reused:42,0.42137210939676273,64,2,,,0.004622589001020831,0.4879639408647978,2.6587543983272695e-05,0.9232461889991735,0.3813743672271412,0.2752978836919794,37820,0.6881048348698435,0.0104778886970373,0.0176665439823334,29684,5.551115123125783e-17,3.8163916471489756e-17
1:1_GraphSAGE_class_weighting_s44,1:1,GraphSAGE,class_weighting,44,False,0.355206299514946,0.27605733498495844,0.3461841529452354,0.42838137472283816,0.41951498262979214,0.010936075550881582,0.013856812933025405,0.007139156697155736,0.017706949977866312,0.01417802325207345,0.9607843137254901,14.9,150,131,reused:42,0.42137210939676273,64,2,,,0.004622589001020831,0.4879639408647978,2.6587543983272695e-05,0.9275349249100648,0.355206299514946,0.2760573349849584,37820,0.7301285977343784,0.0109360755508815,0.0177069499778663,29684,0.0,8.153200337090993e-17
1:1_GraphSAGE_focal_loss,1:1,GraphSAGE,focal_loss,42,False,0.2190605007018473,0.07737960404113622,0.11883661159837379,0.30709876543209874,0.298889216710433,0.004879534746665203,0.0,-0.013449193250857049,0.011145065612079813,-0.0009493719563906798,0.9509803921568627,38.4,26,6,optuna,0.4539306048559946,64,2,,,0.004622589001020831,0.4879639408647978,2.6587543983272695e-05,0.8659382562903616,0.2190606459417738,0.0773796040411362,37820,0.4797921425972352,0.0048795347466652,0.0111450656120798,29684,1.45239926502283e-07,3.469446951953614e-18
1:1_GraphSAGE_focal_loss_s43,1:1,GraphSAGE,focal_loss,43,False,0.36409123843457203,0.10639818122767132,0.16613679432264875,0.43737373737373736,0.42365972550793785,0.006867977493310298,0.0,-0.00818147415601508,0.0155703289013296,0.022954104517386692,0.8823529411764706,3.8,32,12,reused:42,0.4539306048559946,64,2,,,0.004622589001020831,0.4879639408647978,2.6587543983272695e-05,0.8916523509190835,0.3640912172877256,0.1063981812276713,37820,0.6196478172266233,0.0068679774933102,0.0155703289013296,29684,2.114684644061171e-08,9.80118763926896e-17
1:1_GraphSAGE_focal_loss_s44,1:1,GraphSAGE,focal_loss,44,False,0.23462015851027482,0.10160528800755429,0.15674383438614173,0.3143285821455364,0.3085463891799085,0.005635585276102516,0.0,-0.015087748599387133,0.011819116135662899,0.0032047044926154754,0.8137254901960784,3.2,26,6,reused:42,0.4539306048559946,64,2,,,0.004622589001020831,0.4879639408647978,2.6587543983272695e-05,0.8748924614322672,0.2346201584959788,0.1016052880075542,37820,0.5459813333306602,0.0056355868303812,0.0118191161356628,29684,1.4296008821190753e-11,1.554278684055832e-09
1:1_GraphSAGE_none,1:1,GraphSAGE,none,42,False,0.3549215414422758,0.27502710516805207,0.3414187684922411,0.4296455424274973,0.41532871282347245,0.008965847026103197,0.00516795865633075,-0.0012645561233631925,0.016923076923076923,0.01332373213818821,0.9705882352941176,49.8,150,133,optuna,0.4213722216157071,64,2,,,0.004622589001020831,0.4879639408647978,2.6587543983272695e-05,0.9215783554908734,0.3549215306082732,0.275027105168052,37820,0.6758390829254406,0.0089658470261031,0.0169230769230769,29684,1.0834002583948177e-08,9.71445146547012e-17
1:1_GraphSAGE_none_s43,1:1,GraphSAGE,none,43,False,0.38130638548620355,0.27619387027797576,0.3452952987192167,0.4558011049723757,0.4460892673729165,0.01048233195345183,0.017057569296375266,0.010260249964313156,0.017777777777777778,0.015375620527226842,0.9509803921568627,15.7,150,134,reused:42,0.4213722216157071,64,2,,,0.004622589001020831,0.4879639408647978,2.6587543983272695e-05,0.9232946888191076,0.3813063854862035,0.2761938702779757,37820,0.6878490227113483,0.0104823319534518,0.0177777777777777,29684,5.551115123125783e-17,3.122502256758253e-17
1:1_GraphSAGE_none_s44,1:1,GraphSAGE,none,44,False,0.35520646507964093,0.27605733498495844,0.3461841529452354,0.42838137472283816,0.41951498262979214,0.010936075550881582,0.013856812933025405,0.007139156697155736,0.017706949977866312,0.01417802325207345,0.9607843137254901,14.8,150,131,reused:42,0.4213722216157071,64,2,,,0.004622589001020831,0.4879639408647978,2.6587543983272695e-05,0.9275349397327484,0.3552064650796409,0.2760573349849584,37820,0.7301285977343783,0.0109360755508815,0.0177069499778663,29684,5.551115123125783e-17,8.153200337090993e-17
1:1_TAGCN_class_weighting,1:1,TAGCN,class_weighting,42,False,0.2498910121544289,0.21995105801065207,0.29069488734690635,0.34970238095238093,0.34781809905679484,0.01040818078740368,0.011918951132300357,0.0035736606988302647,0.019312695257029253,0.02110170520045731,0.9803921568627451,96.6,130,110,optuna,0.387548653522161,128,3,,3.0,0.0021137059440645744,0.20351199264000677,4.201672054372529e-05,0.9105091313065627,0.2498910121544288,0.219951058010652,37820,0.719949439007545,0.0104081779887248,0.0193126952570292,29684,1.1102230246251565e-16,2.798678880658323e-09
1:1_TAGCN_class_weighting_s43,1:1,TAGCN,class_weighting,43,False,0.22414879019196457,0.2669039145907473,0.3168731845323495,0.3391275828140374,0.34720625209680556,0.010852367089525158,0.006772009029345372,-0.0031558254471825416,0.015608740894901144,0.009534459229005279,0.9411764705882353,37.6,150,135,reused:42,0.387548653522161,128,3,,3.0,0.0021137059440645744,0.20351199264000677,4.201672054372529e-05,0.9041972325220108,0.2241487979583323,0.2669039145907473,37820,0.7247992445923094,0.0108523670895251,0.0156087408949011,29684,7.766367743355929e-09,5.724587470723463e-17
1:1_TAGCN_class_weighting_s44,1:1,TAGCN,class_weighting,44,False,0.14171412192490826,0.18202995008319467,0.21372656565848658,0.2647058823529412,0.25280043895085336,0.007201994046657035,0.009554140127388535,-0.0004496459765464377,0.0124750499001996,0.004194319066885159,0.5392156862745098,6.5,23,3,reused:42,0.387548653522161,128,3,,3.0,0.0021137059440645744,0.20351199264000677,4.201672054372529e-05,0.7961539968891338,0.1417140775345192,0.1820299500831946,37820,0.6343587204179602,0.0072019899737122,0.0124750499001996,29684,4.439038905901249e-08,4.0729448346973895e-09
1:1_TAGCN_focal_loss,1:1,TAGCN,focal_loss,42,False,0.15756317301592176,0.08780853456122503,0.13479508925264974,0.28582202111613875,0.2771127554734548,0.006814710596709708,0.0,-0.01433212976281469,0.016026299568522705,0.03120595906547845,0.6372549019607843,77.3,27,7,optuna,0.39380032326189607,148,3,,4.0,0.006161049539380964,0.4757995766256756,0.0001569639638866114,0.8514863623605349,0.157563175809536,0.087808534561225,37820,0.6115631706674071,0.0068147105967097,0.0160262995685227,29684,2.793614228835395e-09,8.673617379884035e-18
1:1_TAGCN_focal_loss_s43,1:1,TAGCN,focal_loss,43,False,0.2234810126694273,0.06883937479215164,0.0949453724986477,0.3024390243902439,0.28730859734432646,0.006490342888886769,0.0,-0.011507656758422845,0.01482233502538071,0.03284949456527875,0.6176470588235293,10.5,29,9,reused:42,0.39380032326189607,148,3,,4.0,0.006161049539380964,0.4757995766256756,0.0001569639638866114,0.8247971575073748,0.2234810114832801,0.0688393747921516,37820,0.5984225251025703,0.006490344160693,0.0148223350253807,29684,1.186147208231958e-09,1.271806230641881e-09
1:1_TAGCN_focal_loss_s44,1:1,TAGCN,focal_loss,44,False,0.3048288064118331,0.1890909090909091,0.2671443988775933,0.4269449715370019,0.41470009546827097,0.009176755557030607,0.007736943907156673,7.791480266146443e-05,0.018545837723919916,0.022254163517630397,0.8235294117647058,40.7,121,101,reused:42,0.39380032326189607,148,3,,4.0,0.006161049539380964,0.4757995766256756,0.0001569639638866114,0.9145729181748746,0.3048288064118332,0.1890909090909091,37820,0.6954217442339518,0.0091767555570306,0.0185458377239199,29684,1.1102230246251565e-16,6.938893903907228e-18
1:1_TAGCN_none,1:1,TAGCN,none,42,False,0.23488651083920106,0.2259970457902511,0.2967492104102854,0.3451388888888889,0.34862374263681434,0.009481142534237147,0.01124859392575928,0.0026218095389074726,0.013647642679900745,0.006788738500988158,0.9901960784313726,100.5,150,140,optuna,0.38758626873373103,128,3,,3.0,0.0021137059440645744,0.20351199264000677,4.201672054372529e-05,0.9115444512707842,0.234886510839201,0.2259970457902511,37820,0.69630996975763,0.0094811425342371,0.0136476426799007,29684,5.551115123125783e-17,4.683753385137379e-17
1:1_TAGCN_none_s43,1:1,TAGCN,none,43,False,0.2243703415069735,0.26059001512859303,0.3140329900893193,0.33945578231292517,0.34413096047729536,0.010642444059836434,0.004711425206124852,-0.005600819136238774,0.014807502467917079,0.00818616893318923,0.9607843137254901,38.7,150,134,reused:42,0.38758626873373103,128,3,,3.0,0.0021137059440645744,0.20351199264000677,4.201672054372529e-05,0.9048354824445474,0.2243703415069735,0.260590015128593,37820,0.7208102990456162,0.0106424440598364,0.014807502467917,29684,0.0,3.2959746043559335e-17
1:1_TAGCN_none_s44,1:1,TAGCN,none,44,False,0.141714123076474,0.18202995008319467,0.21372656565848658,0.2647058823529412,0.25280043895085336,0.0072019919614912525,0.009554140127388535,-0.0004496459765464377,0.0124750499001996,0.004194319066885159,0.5392156862745098,6.5,23,3,reused:42,0.38758626873373103,128,3,,3.0,0.0021137059440645744,0.20351199264000677,4.201672054372529e-05,0.7961540117118172,0.1417141610804962,0.1820299500831946,37820,0.6343588206578342,0.0072019919614912,0.0124750499001996,29684,3.800402220699439e-08,5.2909066017292616e-17
native_GAT_class_weighting,native,GAT,class_weighting,42,False,0.36021536704392676,0.2577195100914266,0.32296814411452596,0.4466456551103107,0.43776728816268706,0.008069871120956688,0.0,-0.007836689788809685,0.008035714285714285,-0.0049050588876170574,0.8627450980392156,113.5,150,140,optuna,0.3510641221337138,128,2,4.0,,0.0016738085788752138,0.21649165607921678,1.9010245319870364e-05,0.9164242565030964,0.3602153309470162,0.2577195100914266,37820,0.6592467775386499,0.0080698657843724,0.0080357142857142,29684,3.60969105717146e-08,5.3365842890562565e-09
native_GAT_class_weighting_s43,native,GAT,class_weighting,43,False,0.32151652648319556,0.1875,0.253222701530984,0.39552618200305034,0.38047246832914233,0.008979163502255413,0.037082818294190356,0.035008685592144616,0.015781167806417674,0.01551302515678749,0.8725490196078431,12.7,43,23,reused:42,0.3510641221337138,128,2,4.0,,0.0016738085788752138,0.21649165607921678,1.9010245319870364e-05,0.8973907007939385,0.3215166890862851,0.1875,37820,0.602348219288758,0.0089791596573832,0.0157811678064176,29684,1.6260308954851865e-07,3.8448722122774726e-09
native_GAT_class_weighting_s44,native,GAT,class_weighting,44,False,0.2793656295976463,0.1567202906071614,0.2224677940925628,0.3600185099490976,0.3460316697847143,0.007970693565429468,0.02789400278940028,0.022884703753362903,0.0156504727746984,0.015687521157722994,0.8725490196078431,12.5,42,22,reused:42,0.3510641221337138,128,2,4.0,,0.0016738085788752138,0.21649165607921678,1.9010245319870364e-05,0.8865259110584452,0.2793654557270692,0.1567202906071614,37820,0.5721657927420317,0.0079706627472954,0.0156504727746984,29684,1.7387057710260834e-07,3.0818134067259195e-08
native_GAT_focal_loss,native,GAT,focal_loss,42,True,0.34652346177768556,0.40112676056338026,0.38692969163436786,0.4015187470336972,0.3882943862645488,0.006761423053114266,0.019261637239165328,0.01246053355267748,0.013513513513513514,0.006703534299738163,0.47058823529411764,77.4,90,70,optuna,0.3938505767076378,128,2,4.0,,0.0016738085788752138,0.21649165607921678,1.9010245319870364e-05,0.8851036894133195,0.3465232962409733,0.4011267605633802,37820,0.5694126043622388,0.006761418309838,0.0135135135135135,29684,1.6553671228214384e-07,4.743276266552798e-09
native_GAT_focal_loss_s43,native,GAT,focal_loss,43,True,0.352357594366484,0.39758429793658784,0.3827333793950793,0.3985122210414453,0.3833436750938822,0.0047423541247839755,0.003395585738539898,-0.005274141190859534,0.0030441400304414,-0.006261795403158988,0.5196078431372548,12.6,40,20,reused:42,0.3938505767076378,128,2,4.0,,0.0016738085788752138,0.21649165607921678,1.9010245319870364e-05,0.884093671769583,0.3523576194375348,0.3975842979365878,37820,0.4559176108427467,0.0047423541247839,0.0030441400304414,29684,2.5071050790970162e-08,7.546047120499111e-17
native_GAT_focal_loss_s44,native,GAT,focal_loss,44,True,0.298021594685363,0.3746031746031746,0.3698835021167577,0.38236703402012456,0.36812731720240327,0.004255932884257646,0.003305785123966942,-0.005516918886858846,0.0024449877750611247,-0.008251362955105814,0.5392156862745098,16.3,56,36,reused:42,0.3938505767076378,128,2,4.0,,0.0016738085788752138,0.21649165607921678,1.9010245319870364e-05,0.8846281629086421,0.2980215935646995,0.3746031746031746,37820,0.4029456489379084,0.0042559321670206,0.0024449877750611,29684,1.1206635064375803e-09,7.17237045796959e-10
native_GAT_none,native,GAT,none,42,True,0.28345628119298627,0.3364485981308411,0.3219288480930691,0.3397579560735096,0.3260523705206968,0.00487505189117197,0.0,-0.009556297787367338,0.0,-0.00724981286547863,0.3823529411764706,78.3,44,24,optuna,0.31818211505320526,148,2,4.0,,0.007568292060167618,0.4100531293444458,0.0006161049539380963,0.8722474869919096,0.283455957820628,0.3364485981308411,37820,0.4780227083410601,0.0048750508892011,0.0,29684,3.2337235827961663e-07,1.001970869989044e-09
native_GAT_none_s43,native,GAT,none,43,True,0.22571990365815106,0.3160118293198141,0.30357498766854013,0.3204113924050633,0.31176848141193564,0.005718994910477107,0.0024479804161566705,-0.008240140291076928,0.00273224043715847,-0.007238920687282387,0.44117647058823534,11.7,34,14,reused:42,0.31818211505320526,148,2,4.0,,0.007568292060167618,0.4100531293444458,0.0006161049539380963,0.8676568426664655,0.225720849008609,0.3160118293198141,37820,0.551969061965283,0.0057189949104771,0.0027322404371584,29684,9.453504579426397e-07,6.938893903907228e-18
native_GAT_none_s44,native,GAT,none,44,False,0.09829244132765752,0.16685082872928178,0.14643519753562423,0.1699838622915546,0.1490983705097203,0.005754310557125371,0.0,-0.010859275108179507,0.0,-0.010473663951483083,0.4901960784313726,11.1,33,13,reused:42,0.31818211505320526,148,2,4.0,,0.007568292060167618,0.4100531293444458,0.0006161049539380963,0.682163900694662,0.0982923701986938,0.1668508287292817,37820,0.5574600017842698,0.0057543105571253,0.0,29684,7.112896371896937e-08,7.112366251504909e-17
native_GCN_class_weighting,native,GCN,class_weighting,42,False,0.0863088694049592,0.12705615428247305,0.1239597254053338,0.1636060100166945,0.14213970203987894,0.00969919848170896,0.0221316249271986,0.020515277969303896,0.01979742173112339,0.02476694342941277,0.7058823529411764,40.4,23,3,optuna,0.1732797040539508,148,2,,,0.007902619549708232,0.12602063719411183,0.0008536189862866829,0.6936085241575943,0.0863088642355542,0.127056154282473,37820,0.6848604711073599,0.0096991984817089,0.0197974217311233,29684,5.169405001281824e-09,6.071532165918825e-17
native_GCN_class_weighting_s43,native,GCN,class_weighting,43,False,0.09587547641985122,0.09230769230769231,0.10581867408839025,0.18273684210526317,0.1623320699834165,0.005808298694580773,0.003527336860670194,-0.008821387233973953,0.008943543879262158,-0.009776994676032512,0.9803921568627451,3.2,23,3,reused:42,0.1732797040539508,148,2,,,0.007902619549708232,0.12602063719411183,0.0008536189862866829,0.7256036715668087,0.0958754745083391,0.0923076923076923,37820,0.5594941695477277,0.0058082998766833,0.0089435438792621,29684,1.911512129137982e-09,1.1821025269753704e-09
native_GCN_class_weighting_s44,native,GCN,class_weighting,44,False,0.10946068092449582,0.10364604670217124,0.1188001481529173,0.1940379403794038,0.17389703297151088,0.00838037711854562,0.015082956259426848,0.007656440090436047,0.0165057614450327,0.019105646992147993,0.9117647058823529,3.4,25,5,reused:42,0.1732797040539508,148,2,,,0.007902619549708232,0.12602063719411183,0.0008536189862866829,0.7400517708896966,0.1094606843047601,0.1036460467021712,37820,0.6610962032142917,0.0083803771185456,0.0165057614450327,29684,3.380264276819922e-09,2.0816681711721685e-17
native_GCN_focal_loss,native,GCN,focal_loss,42,False,0.07468899968231782,0.15711727842435094,0.15643567312551154,0.15711727842435094,0.15643567312551154,0.025594116940704726,0.05307994757536042,0.09765616009860151,0.05307994757536042,0.09765616009860151,0.5,32.0,48,28,optuna,0.10061404122691567,148,2,,,0.007902619549708232,0.12602063719411183,0.0008536189862866829,0.7101999686707764,0.0746889797489819,0.1571172784243509,37820,0.7389629383113792,0.0255941169407047,0.0530799475753604,29684,1.9933335912436512e-08,2.42861286636753e-17
native_GCN_focal_loss_s43,native,GCN,focal_loss,43,False,0.12026389775443329,0.21544554455445544,0.19871209272399742,0.22242152466367712,0.20311855305971,0.004912909104372939,0.005128205128205128,-0.004662782957443855,0.004347826086956522,-0.006488590023017178,0.5196078431372548,4.5,36,16,reused:42,0.10061404122691567,148,2,,,0.007902619549708232,0.12602063719411183,0.0008536189862866829,0.7608703185963844,0.1202639037004112,0.2154455445544554,37820,0.4770760429708292,0.0049129091043729,0.0043478260869565,29684,5.945977918364598e-09,3.903127820947816e-17
native_GCN_focal_loss_s44,native,GCN,focal_loss,44,False,0.12060496358583518,0.15884194053208137,0.13798252862252064,0.18808411214953272,0.16977873658530726,0.0061985728314767514,0.0,-0.010914652472363081,0.0013956734124214933,-0.013740640378308584,0.6372549019607843,3.6,27,7,reused:42,0.10061404122691567,148,2,,,0.007902619549708232,0.12602063719411183,0.0008536189862866829,0.6867497424706995,0.1206049604478867,0.1588419405320813,37820,0.5859842603349816,0.0061985728314767,0.0013956734124214,29684,3.137948484388531e-09,5.117434254131581e-17
native_GCN_none,native,GCN,none,42,False,0.031233883717744656,0.011753183153770812,0.011067288427294783,0.060382916053019146,0.031079136744388974,0.005104965449167376,0.0034873583260680036,-0.014064964817675175,0.0,-0.004979710718087115,0.14705882352941177,26.9,21,1,optuna,0.09816448866444108,148,2,,,0.007902619549708232,0.12602063719411183,0.0008536189862866829,0.5704866322519534,0.0312338826378917,0.0117531831537708,37820,0.5020642397256635,0.0051049608109288,0.0,29684,1.0798529570532622e-09,4.638238576201714e-09
native_GCN_none_s43,native,GCN,none,43,False,0.09843642950971634,0.20963472736897829,0.18951654649121477,0.21626984126984128,0.19590188025520522,0.005072882168989346,0.0,-0.010568911736753157,0.0,-0.00969083300924842,0.4803921568627451,5.3,40,20,reused:42,0.09816448866444108,148,2,,,0.007902619549708232,0.12602063719411183,0.0008536189862866829,0.7013330691338252,0.0984364295097163,0.2096347273689782,37820,0.4975442233264201,0.0050728821689893,0.0,29684,4.163336342344337e-17,4.597017211338539e-17
native_GCN_none_s44,native,GCN,none,44,False,0.11978074549255407,0.18132506780317706,0.1624874050891155,0.1846989588048891,0.16352016694066207,0.013640344825706344,0.04567699836867863,0.053113265469792975,0.040160642570281124,0.048690463667790486,0.5392156862745098,4.3,30,10,reused:42,0.09816448866444108,148,2,,,0.007902619549708232,0.12602063719411183,0.0008536189862866829,0.759403006348496,0.1197807474619777,0.181325067803177,37820,0.6837911121313304,0.0136403448257063,0.0401606425702811,29684,1.969423624181843e-09,4.336808689942018e-17
native_GraphSAGE_class_weighting,native,GraphSAGE,class_weighting,42,True,0.48450123747254775,0.39498249708284716,0.4259372971048503,0.5146771037181996,0.5043343371299436,0.010245930987894074,0.015748031496062992,0.009533887646845948,0.01364522417153996,0.005671205012145014,0.8333333333333333,56.2,150,145,optuna,0.4446771846241492,64,2,,,0.004622589001020831,0.4879639408647978,2.6587543983272695e-05,0.9246084973581828,0.4845007965776897,0.3949824970828471,37820,0.7002031862246356,0.010245930987894,0.0136452241715399,29684,4.408948580669758e-07,7.45931094670027e-17
native_GraphSAGE_class_weighting_s43,native,GraphSAGE,class_weighting,43,True,0.4464683828105973,0.40585122938064117,0.4297882034399027,0.4708355228586443,0.45757470631218344,0.010309860206219108,0.006211180124223602,0.0008061371282808429,0.015469613259668509,0.008090473586950904,0.8137254901960784,15.9,150,147,reused:42,0.4446771846241492,64,2,,,0.004622589001020831,0.4879639408647978,2.6587543983272695e-05,0.9201415483253272,0.4464683828105973,0.4058512293806411,37820,0.7063460861842389,0.0103098602062191,0.0154696132596685,29684,0.0,8.673617379884035e-18
native_GraphSAGE_class_weighting_s44,native,GraphSAGE,class_weighting,44,True,0.45377576873493686,0.41750629722921917,0.44169966219882606,0.49134001823154055,0.483761054204056,0.010891669815636476,0.015384615384615385,0.009072278577440005,0.007398273736128237,-0.0020164374780381376,0.7549019607843137,15.9,150,146,reused:42,0.4446771846241492,64,2,,,0.004622589001020831,0.4879639408647978,2.6587543983272695e-05,0.9252536546511626,0.4537757687349368,0.4175062972292191,37820,0.7251949916149344,0.0108916698156364,0.0073982737361282,29684,5.551115123125783e-17,7.632783294297951e-17
native_GraphSAGE_focal_loss,native,GraphSAGE,focal_loss,42,True,0.3483198583533772,0.437440305635148,0.42533095486497197,0.44813278008298757,0.4343536322128215,0.0052792566943696126,0.0,-0.008325062589034662,0.0,-0.009545875387559776,0.5196078431372548,45.3,60,40,optuna,0.34596374193427687,148,2,,,0.0005302,0.1135,0.0005,0.8891327319118497,0.3483197810742794,0.437440305635148,37820,0.517568541519857,0.0052792566943696,0.0,29684,7.727909778765252e-08,1.214306433183765e-17
native_GraphSAGE_focal_loss_s43,native,GraphSAGE,focal_loss,43,True,0.2665891283748503,0.3880037488284911,0.3747089284675177,0.3883001271725307,0.38000166541629243,0.005956605944628789,0.0,-0.009944766328040295,0.0,-0.008696927816689102,0.4803921568627451,8.3,63,43,reused:42,0.34596374193427687,148,2,,,0.0005302,0.1135,0.0005,0.885713331556983,0.26658911907844,0.3880037488284911,37820,0.5687391928885824,0.0059566100525435,0.0,29684,9.296410308223813e-09,4.107914711518057e-09
native_GraphSAGE_focal_loss_s44,native,GraphSAGE,focal_loss,44,True,0.2992060548285358,0.37645811240721105,0.36070811874853814,0.3847894975101856,0.37276860029621245,0.006054221521163924,0.00517464424320828,-0.0045627725229862625,0.0034662045060658577,-0.005087308627947623,0.47058823529411764,9.8,77,57,reused:42,0.34596374193427687,148,2,,,0.0005302,0.1135,0.0005,0.8804565261962468,0.2992059472109233,0.376458112407211,37820,0.5679319611831112,0.006054222789383,0.0034662045060658,29684,1.0761761248812007e-07,1.2682190757631884e-09
native_GraphSAGE_none,native,GraphSAGE,none,42,False,0.19849396282255108,0.29049676025917925,0.2727161162592029,0.3269715520345697,0.3253870986328099,0.004361876565885836,0.0,-0.015497702100724155,0.0,-0.010358298220125082,0.411764705882353,41.2,40,20,optuna,0.28047490943595915,64,2,,,0.004622589001020831,0.4879639408647978,2.6587543983272695e-05,0.8651533803840877,0.1984939607755698,0.2904967602591792,37820,0.4168793923859796,0.0043618765658858,0.0,29684,2.0469812789247754e-09,3.642919299551295e-17
native_GraphSAGE_none_s43,native,GraphSAGE,none,43,False,0.10968100847088676,0.10385259631490787,0.11093640080145205,0.1957142857142857,0.18068080956246801,0.004132971733987297,0.0,-0.016536359481271704,0.0,-0.006417783830813104,0.33333333333333337,5.4,44,24,reused:42,0.28047490943595915,64,2,,,0.004622589001020831,0.4879639408647978,2.6587543983272695e-05,0.8035382575236087,0.1096810100374848,0.1038525963149078,37820,0.3844944953273182,0.0041329717339872,0.0,29684,1.566598045732448e-09,9.71445146547012e-17
native_GraphSAGE_none_s44,native,GraphSAGE,none,44,False,0.22325623088597168,0.23468634686346865,0.2379204808079168,0.3128205128205128,0.2953187562963892,0.004065559438160002,0.0029985007496251873,-0.006398150460078402,0.0,-0.0058606537437629475,0.411764705882353,5.2,43,23,reused:42,0.28047490943595915,64,2,,,0.004622589001020831,0.4879639408647978,2.6587543983272695e-05,0.8604471932419,0.2232562308859717,0.2346863468634686,37820,0.3716018432108035,0.00406555943816,0.0,29684,2.7755575615628914e-17,1.734723475976807e-18
native_TAGCN_class_weighting,native,TAGCN,class_weighting,42,True,0.38803821815055717,0.4476077500988533,0.44876129313308266,0.4756814537680385,0.462518824643889,0.00911130355444903,0.005221932114882507,-0.00115570588831649,0.006557377049180328,-0.00189030918596804,0.8039215686274509,110.0,150,141,optuna,0.3931143762269527,128,3,,3.0,0.0021137059440645744,0.20351199264000677,4.201672054372529e-05,0.9104587786512092,0.38803824553483,0.4476077500988533,37820,0.6889061524227477,0.009111303554449,0.0065573770491803,29684,2.738427284931788e-08,2.949029909160572e-17
native_TAGCN_class_weighting_s43,native,TAGCN,class_weighting,43,True,0.3706732911435307,0.45011820330969265,0.4388930690576262,0.46186895810955964,0.44837089158366644,0.00861080651888583,0.006042296072507553,0.0004721327879063575,0.004608294930875576,-0.00242160927521307,0.676470588235294,39.0,150,150,reused:42,0.3931143762269527,128,3,,3.0,0.0021137059440645744,0.20351199264000677,4.201672054372529e-05,0.900383148577479,0.3706732827395316,0.4501182033096926,37820,0.6818345300303628,0.0086108100131757,0.0046082949308755,29684,8.403999107731153e-09,3.4942898696072033e-09
native_TAGCN_class_weighting_s44,native,TAGCN,class_weighting,44,False,0.13905561094027918,0.18266048974189278,0.2152289253351086,0.25654648956356735,0.24487950360093647,0.006992867011864844,0.00777000777000777,-0.003210557914245547,0.011583983883152859,0.0018142265129230998,0.5392156862745098,6.5,23,3,reused:42,0.3931143762269527,128,3,,3.0,0.0021137059440645744,0.20351199264000677,4.201672054372529e-05,0.7949315405475689,0.1390556401970691,0.1826604897418927,37820,0.6298118397324798,0.0069928634942962,0.0115839838831528,29684,2.9256789907394776e-08,3.517568644348379e-09
native_TAGCN_focal_loss,native,TAGCN,focal_loss,42,True,0.34752195913219786,0.3970037453183521,0.3882718747147368,0.40700218818380746,0.392316229261139,0.00870696830195502,0.008888888888888889,0.0018504022776627124,0.010416666666666666,0.0040971685666912235,0.47058823529411764,84.4,99,79,optuna,0.348739954113126,128,3,,3.0,0.0021137059440645744,0.20351199264000677,4.201672054372529e-05,0.892347549591066,0.3475219600743652,0.3970037453183521,37820,0.6720131274139014,0.008706968301955,0.0104166666666666,29684,9.421673441423195e-10,2.0816681711721685e-17
native_TAGCN_focal_loss_s43,native,TAGCN,focal_loss,43,False,0.18463356269669282,0.2831293241085684,0.2649840950756849,0.31772945079248066,0.3134760575106117,0.005428868364877475,0.0017421602787456446,-0.011467251935269112,0.0,-0.00927103895293424,0.4803921568627451,9.7,35,15,reused:42,0.348739954113126,128,3,,3.0,0.0021137059440645744,0.20351199264000677,4.201672054372529e-05,0.8223553279423828,0.1846335902516497,0.2831293241085684,37820,0.5319887490765401,0.0054288683648774,0.0,29684,2.7554956871789216e-08,7.546047120499111e-17
native_TAGCN_focal_loss_s44,native,TAGCN,focal_loss,44,True,0.33885366585226595,0.3895457373988799,0.380320703616722,0.4114071996259935,0.3991382872549421,0.010020901063907212,0.0136986301369863,0.006243850105269228,0.0,-0.005893871520838102,0.4607843137254902,17.8,66,46,reused:42,0.348739954113126,128,3,,3.0,0.0021137059440645744,0.20351199264000677,4.201672054372529e-05,0.8801323985793467,0.3388538535392645,0.3895457373988799,37820,0.6668764353096961,0.0100209010639072,0.0,29684,1.8768699855398197e-07,1.214306433183765e-17
native_TAGCN_none,native,TAGCN,none,42,False,0.1460277483594164,0.002183406113537118,0.02253305708822366,0.219285364659814,0.19902673168639767,0.003928824504860714,0.0,-0.011612502585934025,0.0,0.0,0.29411764705882354,82.4,44,24,optuna,0.2994197659603457,128,3,,3.0,0.0021137059440645744,0.20351199264000677,4.201672054372529e-05,0.7895750971093277,0.1460277625686273,0.0021834061135371,37820,0.3523638065891679,0.0039288239850913,0.0,29684,1.4209210891236168e-08,5.19769414140947e-10
native_TAGCN_none_s43,native,TAGCN,none,43,False,0.04679816567864799,0.0027416038382453737,-0.01613941430466883,0.10319479785128641,0.1007790878675248,0.0035713510021885804,0.0004141644232760406,-0.03142321545436672,0.0,-0.011142669960568381,0.16666666666666666,11.2,39,19,reused:42,0.2994197659603457,128,3,,3.0,0.0021137059440645744,0.20351199264000677,4.201672054372529e-05,0.7295343655612859,0.0467981615006464,0.0027416038382453,37820,0.2712543115675812,0.0035713510021885,0.0,29684,4.178001590526836e-09,8.023096076392733e-17
native_TAGCN_none_s44,native,TAGCN,none,44,False,0.09673088134407017,0.004347826086956522,0.025359535688717814,0.1813317479191439,0.17193512653875054,0.0037237336732532083,0.0,-0.01702354514757835,0.0,-0.0011621467718456995,0.23529411764705882,11.7,43,23,reused:42,0.2994197659603457,128,3,,3.0,0.0021137059440645744,0.20351199264000677,4.201672054372529e-05,0.7713248461020078,0.0967308833293174,0.0043478260869565,37820,0.3120298875208374,0.0037237336732532,0.0,29684,1.985247230495979e-09,8.239936510889834e-18
