scenario,arch,balancing,dur_s42,epochs_s42,dur_s43_s44_mean,epochs_s43_s44_mean,sec_per_epoch_final,optuna8_s_est,sec_per_trial_est,sec_per_trial_max,final_train_s_mean
1:1,GAT,class_weighting,77.2,62,25.3,90.5,0.28894623655913976,59.28533333333334,7.410666666666668,14.447311827956987,25.3
1:1,GAT,focal_loss,71.9,37,14.8,44.5,0.3367138364779874,59.44158805031447,7.430198506289309,16.83569182389937,14.8
1:1,GAT,none,80.1,62,25.65,90.5,0.2912795698924731,62.04066666666667,7.755083333333333,14.563978494623656,25.65
1:1,GCN,class_weighting,43.7,150,13.55,150.0,0.09033333333333332,30.150000000000006,3.7687500000000007,4.516666666666666,13.55
1:1,GCN,focal_loss,24.4,22,3.5,27.0,0.12967032967032968,21.547252747252745,2.693406593406593,6.4835164835164845,3.5
1:1,GCN,none,43.7,150,13.65,150.0,0.091,30.050000000000004,3.7562500000000005,4.55,13.65
1:1,GraphSAGE,class_weighting,49.7,150,15.25,150.0,0.10166666666666666,34.45,4.30625,5.083333333333333,15.25
1:1,GraphSAGE,focal_loss,38.4,26,3.5,29.0,0.12091346153846154,35.25625,4.40703125,6.045673076923077,3.5
1:1,GraphSAGE,none,49.8,150,15.25,150.0,0.10166666666666666,34.55,4.31875,5.083333333333333,15.25
1:1,TAGCN,class_weighting,96.6,130,22.05,86.5,0.26663768115942027,61.93710144927536,7.74213768115942,13.331884057971013,22.05
1:1,TAGCN,focal_loss,77.3,27,25.6,75.0,0.3492163009404389,67.87115987460815,8.48389498432602,17.460815047021942,25.6
1:1,TAGCN,none,100.5,150,22.6,86.5,0.2703043478260869,59.95434782608696,7.49429347826087,13.515217391304347,22.6
1:10,GAT,class_weighting,105.3,150,12.399999999999999,42.5,0.2917220376522702,61.54169435215946,7.6927117940199325,14.586101882613512,12.399999999999999
1:10,GAT,focal_loss,70.6,60,19.75,101.5,0.19755345911949684,58.746792452830185,7.343349056603773,9.877672955974843,19.75
1:10,GAT,none,98.8,107,27.25,95.0,0.29075,67.68975,8.46121875,14.5375,27.25
1:10,GCN,class_weighting,45.5,150,8.0,85.5,0.10247619047619047,30.12857142857143,3.7660714285714287,5.123809523809523,8.0
1:10,GCN,focal_loss,28.7,43,10.25,87.5,0.125,23.325,2.915625,6.25,10.25
1:10,GCN,none,33.9,49,4.1,32.5,0.12629310344827588,27.71163793103448,3.46395474137931,6.314655172413794,4.1
1:10,GraphSAGE,class_weighting,50.5,150,15.2,150.0,0.10133333333333333,35.3,4.4125,5.066666666666666,15.2
1:10,GraphSAGE,focal_loss,46.4,150,9.65,93.5,0.10410958904109589,30.783561643835615,3.847945205479452,5.205479452054795,9.65
1:10,GraphSAGE,none,40.0,68,6.1,56.0,0.10889952153110048,32.59483253588517,4.074354066985646,5.444976076555024,6.1
1:10,TAGCN,class_weighting,99.9,150,21.5,86.5,0.2629710144927536,60.454347826086966,7.556793478260871,13.148550724637682,21.5
1:10,TAGCN,focal_loss,71.9,43,21.450000000000003,62.5,0.3426838810641628,57.164593114241,7.145574139280125,17.13419405320814,21.450000000000003
1:10,TAGCN,none,85.6,79,14.899999999999999,55.5,0.2693122555410691,64.32433181225554,8.040541476531942,13.465612777053455,14.899999999999999
1:10_os,GAT,class_weighting,105.3,150,28.2,96.5,0.3082713178294574,59.05930232558139,7.382412790697674,15.413565891472869,28.2
1:10_os,GAT,focal_loss,84.9,66,13.850000000000001,41.0,0.34461538461538466,62.15538461538462,7.769423076923077,17.230769230769234,13.850000000000001
1:10_os,GAT,none,99.9,106,14.95,49.5,0.30652542372881353,67.40830508474576,8.42603813559322,15.326271186440676,14.95
1:10_os,GCN,class_weighting,41.9,150,8.15,85.5,0.10552380952380952,26.07142857142857,3.258928571428571,5.276190476190476,8.15
1:10_os,GCN,focal_loss,29.0,42,3.8,28.5,0.133625,23.38775,2.92346875,6.6812499999999995,3.8
1:10_os,GCN,none,32.6,49,4.3,32.5,0.13251915708812262,26.106561302681992,3.263320162835249,6.625957854406131,4.3
1:10_os,GraphSAGE,class_weighting,49.6,150,15.25,150.0,0.10166666666666667,34.35,4.29375,5.083333333333333,15.25
1:10_os,GraphSAGE,focal_loss,42.7,120,14.05,139.0,0.10111458333333334,30.566250000000004,3.8207812500000005,5.0557291666666675,14.05
1:10_os,GraphSAGE,none,38.4,49,5.95,55.0,0.10818181818181818,33.099090909090904,4.137386363636363,5.409090909090909,5.95
1:10_os,TAGCN,class_weighting,95.7,150,22.2,86.5,0.2694782608695652,55.27826086956522,6.909782608695653,13.47391304347826,22.2
1:10_os,TAGCN,focal_loss,69.6,48,21.299999999999997,59.5,0.3581918505942275,52.406791171477074,6.550848896434634,17.909592529711375,21.299999999999997
1:10_os,TAGCN,none,99.0,99,31.7,92.5,0.3429966450994488,65.04333213515457,8.130416516894321,17.14983225497244,31.7
native,GAT,class_weighting,113.5,150,12.6,42.5,0.296483942414175,69.02740863787375,8.628426079734218,14.82419712070875,12.6
native,GAT,focal_loss,77.4,90,14.45,48.0,0.3030357142857143,50.12678571428572,6.265848214285715,15.151785714285715,14.45
native,GAT,none,78.3,44,11.399999999999999,33.5,0.3402406417112299,63.32941176470588,7.916176470588235,17.012032085561497,11.399999999999999
native,GCN,class_weighting,40.4,23,3.3,24.0,0.13756521739130434,37.236,4.6545,6.878260869565217,3.3
native,GCN,focal_loss,32.0,48,4.05,31.5,0.12916666666666665,25.8,3.225,6.458333333333332,4.05
native,GCN,none,26.9,21,4.8,35.0,0.1379166666666667,24.003749999999997,3.0004687499999996,6.895833333333334,4.8
native,GraphSAGE,class_weighting,56.2,150,15.9,150.0,0.106,40.300000000000004,5.0375000000000005,5.3,15.9
native,GraphSAGE,focal_loss,45.3,60,9.05,70.0,0.12950937950937952,37.52943722943723,4.6911796536796535,6.475468975468976,9.05
native,GraphSAGE,none,41.2,40,5.300000000000001,43.5,0.12182875264270614,36.326849894291755,4.540856236786469,6.091437632135307,5.300000000000001
native,TAGCN,class_weighting,110.0,150,22.75,86.5,0.2713043478260869,69.30434782608697,8.663043478260871,13.565217391304346,22.75
native,TAGCN,focal_loss,84.4,99,13.75,50.5,0.27341991341991345,57.331428571428575,7.166428571428572,13.670995670995673,13.75
native,TAGCN,none,82.4,44,11.45,41.0,0.27963625521765056,70.09600477042338,8.762000596302922,13.981812760882528,11.45
