scenario,arch,balancing,n_seeds,n_pass_model,seeds_pass,val_pr_auc_mean,val_pr_auc_sd,val_pr_auc_ci_lo,val_pr_auc_ci_hi,val_f1_mean,val_f1_sd,val_f1_ci_lo,val_f1_ci_hi,val_mcc_mean,val_mcc_sd,val_mcc_ci_lo,val_mcc_ci_hi,val_roc_auc_mean,val_roc_auc_sd,val_roc_auc_ci_lo,val_roc_auc_ci_hi,test_pr_auc_mean,test_pr_auc_sd,test_pr_auc_ci_lo,test_pr_auc_ci_hi,test_f1_mean,test_f1_sd,test_f1_ci_lo,test_f1_ci_hi,test_mcc_mean,test_mcc_sd,test_mcc_ci_lo,test_mcc_ci_hi,test_roc_auc_mean,test_roc_auc_sd,test_roc_auc_ci_lo,test_roc_auc_ci_hi,val_f1_cal_mean,val_f1_cal_sd,val_f1_cal_ci_lo,val_f1_cal_ci_hi,val_mcc_cal_mean,val_mcc_cal_sd,val_mcc_cal_ci_lo,val_mcc_cal_ci_hi,test_f1_argmax_mean,test_f1_argmax_sd,test_f1_argmax_ci_lo,test_f1_argmax_ci_hi,test_mcc_argmax_mean,test_mcc_argmax_sd,test_mcc_argmax_ci_lo,test_mcc_argmax_ci_hi,val_f1_s42,val_mcc_s42,val_f1_s43,val_mcc_s43,val_f1_s44,val_mcc_s44,g_model_any,g_model_majority,g_model_all,g_cfg_mean,g_cfg_mean_minus_sd,g_cfg_ci_lo,g_cfg_mean_cal
native,GCN,none,3,0,,0.08315035290667169,0.04621022382522522,-0.03164220676599387,0.19794291257933727,0.13423765944197538,0.10701492608454066,-0.13160215416480617,0.40007747304875696,0.12102374666920834,0.09617931509978084,-0.1178989170604752,0.35994641039889186,0.6770742359114248,0.09676630272171394,0.4366934140937666,0.917455057729083,0.00793939748128769,0.00493719128676339,-0.004325265584286385,0.020204060546861764,0.016388118898248878,0.025424776547663504,-0.04677052733662739,0.07954676513312514,0.00949312963845488,0.0378165675894104,-0.08444843203935477,0.10343469131626452,0.5611331917278046,0.10624891394904042,0.2971962577544776,0.8250701257011317,0.1537839053759165,0.08241352291812276,-0.050942634863192365,0.3585104456150253,0.13016706131341874,0.0873267223468545,-0.08676454291195282,0.3470986655387903,0.013386880856760375,0.023186757798780152,-0.04421221860441047,0.07098598031793121,0.011339973313484982,0.03243212937182618,-0.06922590233143398,0.09190584895840394,0.011753183153770812,0.011067288427294783,0.20963472736897829,0.18951654649121477,0.18132506780317706,0.1624874050891155,False,False,False,False,False,False,False
native,GCN,class_weighting,3,0,,0.09721500891643542,0.01163388819961284,0.06831482850549,0.12611518932738083,0.10766996443077886,0.01772026630212277,0.06365038264741713,0.1516895462141406,0.11619284921554712,0.009347349438883922,0.09297274596950729,0.13941295246158697,0.7197546555380332,0.02376766781014468,0.6607124956104984,0.778796815465568,0.007962624764945117,0.001978803441495039,0.003047004511785952,0.012878245018104282,0.013580639349098547,0.00939268868268754,-0.0097520928222961,0.03691337152049319,0.00645011027525533,0.014705488942212998,-0.030080349375823445,0.0429805699263341,0.6351502812897931,0.06658881692949122,0.46973448997440514,0.8005660726051811,0.18012693083378717,0.015382923130339378,0.14191363136875468,0.21834023029881966,0.15945626833160212,0.016072793575814086,0.11952923567674392,0.19938330098646032,0.015082242351806082,0.00556520179888982,0.0012575146896831018,0.028906970013929063,0.01136519858184275,0.018527191399471652,-0.03465889626640116,0.057389293430086655,0.12705615428247305,0.1239597254053338,0.09230769230769231,0.10581867408839025,0.10364604670217124,0.1188001481529173,False,False,False,False,False,False,False
native,GCN,focal_loss,3,0,,0.10518595367419542,0.026411687442538807,0.03957568486722214,0.1707962224811687,0.17713492117029592,0.03318917764736938,0.09468843335448454,0.25958140898610726,0.16437676482400987,0.031133835163882618,0.08703603078199054,0.2417174988660292,0.7192733432459534,0.03788415956487572,0.6251638737928786,0.8133828126990281,0.01223519962551814,0.011587007235705502,-0.016548522015021844,0.04101892126605812,0.019402717567855183,0.029277832701432083,-0.053327450764089304,0.09213288589979966,0.027359574889598195,0.06095882944367363,-0.12407055219558788,0.17878970197478428,0.6006744138723966,0.1315600127166027,0.27386122492473086,0.9274876028200624,0.18920763841252028,0.03266661717517371,0.10805926277236023,0.27035601405268034,0.1764443209235096,0.02404465284974943,0.116714092013502,0.23617454983351718,0.01960781569157948,0.029025273659129547,-0.052494961198937734,0.09171059258209668,0.02580897656575858,0.06232705186987776,-0.12902000344642367,0.18063795657794085,0.15711727842435094,0.15643567312551154,0.21544554455445544,0.19871209272399742,0.15884194053208137,0.13798252862252064,False,False,False,False,False,False,False
native,GraphSAGE,none,3,0,,0.1771437340598032,0.05972191379908428,0.02878627577359552,0.3255011923460108,0.2096785678125186,0.09580215416894271,-0.028307176225471103,0.44766431185050826,0.20719099928952392,0.08515512233089471,-0.004346051441364324,0.41872805002041213,0.8430462770498655,0.03429576875533827,0.7578508645312609,0.92824168956847,0.004186802579344378,0.00015531992782581244,0.003800966489245938,0.004572638669442818,0.0009995002498750624,0.0017311852149613967,-0.003301002228635145,0.00530000272838527,-0.012810737347358088,0.005577692643802184,-0.026666493988379492,0.001045019293663317,0.39099191030803376,0.023327589157504963,0.33304296635765757,0.44894085425840996,0.27850211685645604,0.07204465085367427,0.09953328274095816,0.4574709509719539,0.2671288881638891,0.07636084744895874,0.07743802731471669,0.45681974901306144,0.0,0.0,0.0,0.0,-0.007545578598233711,0.0024517630874543485,-0.01363609574405648,-0.0014550614524109409,0.29049676025917925,0.2727161162592029,0.10385259631490787,0.11093640080145205,0.23468634686346865,0.2379204808079168,False,False,False,False,False,False,False
native,GraphSAGE,class_weighting,3,3,"42,43,44",0.46158179633936064,0.0201822956735608,0.41144619454697273,0.5117173981317485,0.40611334123090254,0.011264187508425208,0.3781315482489965,0.4340951342128086,0.4324750542478597,0.0082175065431742,0.41206163634740556,0.45288847214831385,0.9233345667782243,0.002783986730136614,0.9164187603528795,0.9302503732035692,0.010482487003249885,0.00035580144280674585,0.00959862722127847,0.0113663467852213,0.012447942334967326,0.0054042501767160665,-0.000976959332746441,0.025872844002681094,0.006470767784188931,0.004911140507471735,-0.00572918155812626,0.018670717126504123,0.7105814213412697,0.01302309994148579,0.6782302476527313,0.742932595029808,0.4922842149361282,0.021936036187719703,0.4377920801958937,0.5467763496763627,0.48189003254872764,0.023435897893601954,0.42367203478250093,0.5401080303149544,0.012171037055778903,0.004232794722789278,0.0016561920588002727,0.022685882052757532,0.003915080373685926,0.005277347167682999,-0.009194576743554204,0.01702473749092606,0.39498249708284716,0.4259372971048503,0.40585122938064117,0.4297882034399027,0.41750629722921917,0.44169966219882606,True,True,True,True,True,True,True
native,GraphSAGE,focal_loss,3,3,"42,43,44",0.30470501385225446,0.0411419125523367,0.2025028373474606,0.4069071903570483,0.4006340556236167,0.03239367932215493,0.32016369519710475,0.48110441605012866,0.3869160006936759,0.03399687038807909,0.3024630928811605,0.47136890850619123,0.8851008632216931,0.004370408962690403,0.8742441655017023,0.895957560941684,0.005763361386720775,0.00042207844657466456,0.004714860400267654,0.006811862373173896,0.0017248814144027599,0.0029875822467768476,-0.005696684311771389,0.009146447140576908,-0.007610867146687073,0.0027611629210918627,-0.01446997608725807,-0.0007517582061160773,0.5514132318638502,0.029313140468349177,0.4785953541765892,0.624231109551111,0.4070741349219013,0.03560112901305982,0.3186360277596706,0.495512242084132,0.3957079659751088,0.03366296105477571,0.3120845349297578,0.47933139702045985,0.0011554015020219526,0.0020012141046434166,-0.0038158899246094305,0.006126692928653336,-0.0077767039440655,0.0023674487046796574,-0.013657772551994705,-0.001895635336136293,0.437440305635148,0.42533095486497197,0.3880037488284911,0.3747089284675177,0.37645811240721105,0.36070811874853814,True,True,True,True,True,True,True
native,GAT,none,3,2,"42,43",0.20248954205959832,0.09474254151867531,-0.03286397823401441,0.437843062353211,0.273103752059979,0.09258335793812031,0.043113941125415056,0.503093562994543,0.2573130110990778,0.09646052666028604,0.017691779126963098,0.4969342430711925,0.8073560767843456,0.10844389894956495,0.5379664977944894,1.076745655774202,0.005449452452924816,0.0004977587796624337,0.0042129510970105415,0.006685953808839091,0.0008159934720522235,0.001413342152238986,-0.002694943067931018,0.004326930012035465,-0.009551904395541258,0.0013095729357155113,-0.01280506391143975,-0.006298744879642765,0.529150590696871,0.04436308004034616,0.4189465905592487,0.6393545908344932,0.2767177369233758,0.09293902504806746,0.045844399908162914,0.5075910739385887,0.26230640748078426,0.0983008245039134,0.01811362223446203,0.5064991927271065,0.0009107468123861566,0.0015774597518842233,-0.003007880446037761,0.004829374070810074,-0.008320799168081367,0.0018644435474411537,-0.012952333695709502,-0.0036892646404532315,0.3364485981308411,0.3219288480930691,0.3160118293198141,0.30357498766854013,0.16685082872928178,0.14643519753562423,True,True,False,False,False,False,False
native,GAT,class_weighting,3,0,,0.32036584104158955,0.04043714961544969,0.21991439272616062,0.42081728935701845,0.20064660023286265,0.05176712670575528,0.07204992855413833,0.329243271911587,0.2662195465793576,0.0514953257543134,0.13829806589419966,0.3941410272645155,0.90011362278516,0.015134017748424653,0.8625186385659995,0.9377086070043206,0.008339909396213856,0.0005558267769263466,0.006959159138450481,0.009720659653977233,0.02165894036119688,0.0193116766691212,-0.026313923929696094,0.06963180465208985,0.01668556651889928,0.022085142624001915,-0.038176969142768524,0.07154810218056708,0.6112535965231465,0.04421825172993937,0.5014093698531348,0.7210978231931582,0.40073011568748623,0.043547402494746736,0.2925523709015154,0.508907860473457,0.38809047542551456,0.04633984725792207,0.2729759132953602,0.5032050375556689,0.01315578495561012,0.004434592771199484,0.0021396458164180815,0.02417192409480216,0.008765162475631142,0.011839080466984807,-0.020644743784852527,0.038175068736114814,0.2577195100914266,0.32296814411452596,0.1875,0.253222701530984,0.1567202906071614,0.2224677940925628,False,False,False,False,False,False,True
native,GAT,focal_loss,3,3,"42,43,44",0.3323008836098442,0.029829708557777838,0.25819977965094676,0.4064019875687417,0.39110474436771425,0.014400125481607153,0.35533284960491707,0.42687663913051144,0.3798488577154016,0.008881637982825498,0.35778564586015066,0.40191206957065256,0.8846085080305149,0.0005052956024352721,0.8833532841689239,0.885863731892106,0.005253236687385296,0.0013285785603933489,0.0019528645824892148,0.008553608792281377,0.008654336033890724,0.00918630204065594,-0.014165703296831712,0.03147437536461316,0.0005564911583196998,0.010309917761428514,-0.025054764357889416,0.026167746674528817,0.47609195471429794,0.08504742750399452,0.2648224327642729,0.687361476664323,0.39413266736508906,0.010299630849774487,0.36854696595405717,0.41971836877612095,0.37992179285361144,0.010509977506590931,0.3538135613798412,0.40603002432738167,0.006334213773005346,0.006224669021669129,-0.009128721286886968,0.021797148832897663,-0.0026032080195088794,0.008121033444616996,-0.022776973457667646,0.017570557418649886,0.40112676056338026,0.38692969163436786,0.39758429793658784,0.3827333793950793,0.3746031746031746,0.3698835021167577,True,True,True,True,True,True,True
native,TAGCN,none,3,0,,0.09651893179404485,0.04961513087465033,-0.026731885885102183,0.2197697494731919,0.003090945346246338,0.0011237028398306662,0.0002995127450220389,0.005882377947470637,0.010584392824090882,0.023186604881075715,-0.04701432676844358,0.06818311241662535,0.7634781029242071,0.030779878087474226,0.6870166470040348,0.8399395588443795,0.003741303060100834,0.00017938321770394835,0.0032956904441473365,0.004186915676054332,0.0001380548077586802,0.00023911794126718814,-0.00045594708769924224,0.0007320567032166027,-0.0200197543959597,0.010239581948689881,-0.04545628606725817,0.005416777275338767,0.3118826685591955,0.04055494791922682,0.21113859303497357,0.41262674408341743,0.1679373034767481,0.05919301717197411,0.02089369724756235,0.31498090970593384,0.15724698203089102,0.05074402497637382,0.03119183594108016,0.2833021281207019,0.0,0.0,0.0,0.0,-0.00410160557747136,0.0061253642352937605,-0.019317853872571313,0.011114642717628593,0.002183406113537118,0.02253305708822366,0.0027416038382453737,-0.01613941430466883,0.004347826086956522,0.025359535688717814,False,False,False,False,False,False,False
native,TAGCN,class_weighting,3,2,"42,43",0.299255706744789,0.1390087702064889,-0.0460612215891858,0.6445726350787638,0.3601288143834796,0.15369720323463823,-0.021676204362240048,0.7419338331291992,0.3676277625086058,0.13207346304415754,0.039539092239150475,0.6957164327780612,0.868591155925419,0.06398971623280789,0.7096318886672986,1.0275504231835393,0.008238325695066566,0.0011072487612654243,0.005487767290918288,0.010988884099214846,0.006344745319132611,0.0013006840685379976,0.00311366697340452,0.009575823664860702,-0.0012980436715518933,0.0018454668068896007,-0.0058824373623298145,0.0032863500192260274,0.6668508407285301,0.03227100334517321,0.5866852243227643,0.7470164571342959,0.3980323004803885,0.1227247826527785,0.09316703972625873,0.7028975612345183,0.3852564066094973,0.12177560172783096,0.08274904198630373,0.6877637712326908,0.007583218621069587,0.00359921134246004,-0.001357718007294931,0.016524155249434104,-0.0008325639827526702,0.0023075300414529027,-0.006564786379722628,0.004899658414217288,0.4476077500988533,0.44876129313308266,0.45011820330969265,0.4388930690576262,0.18266048974189278,0.2152289253351086,True,True,False,True,False,False,True
native,TAGCN,focal_loss,3,2,"42,44",0.2903363958937189,0.09164388433772035,0.06268036675910235,0.5179924250283354,0.35655960227526684,0.06370172512782331,0.19831574458168735,0.5148034599688464,0.3445255578023812,0.0689995543462731,0.17312116275683778,0.5159299528479246,0.8649450920375985,0.03738607338066371,0.7720729372584266,0.9578172468167704,0.00805224591024657,0.002364991994678398,0.0021772801082783257,0.013927211712214815,0.008109893101540278,0.006016179742601155,-0.006835125877723645,0.0230549120808042,-0.0011243331841123908,0.009222666218249855,-0.024034706139752657,0.021786039771527876,0.6236261039333791,0.07940182620892315,0.42638103306594743,0.8208711748008108,0.37871294620076057,0.05285916255116247,0.2474035070958771,0.510022385305644,0.3683101913422309,0.047610101802197935,0.2500401419951187,0.48658024068934314,0.003472222222222222,0.006014065304058602,-0.011467544200518967,0.018411988644963413,-0.003689247302360373,0.006951440068825063,-0.020957581728301023,0.013579087123580278,0.3970037453183521,0.3882718747147368,0.2831293241085684,0.2649840950756849,0.3895457373988799,0.380320703616722,True,True,False,True,False,False,True
1:10,GCN,none,3,0,,0.12145495594615781,0.0344652056656821,0.035838638808805764,0.20707127308350987,0.20870733966401464,0.0499484116943828,0.08462860653196713,0.33278607279606215,0.19888179071261577,0.03953269649858703,0.1006771284932955,0.29708645293193603,0.7565140851263937,0.03889532883704754,0.6598927319513538,0.8531354383014337,0.013009607954851218,0.012769784749461319,-0.018712295912219887,0.04473151182192232,0.025408134812991843,0.02862667188710425,-0.04570446038366682,0.0965207300096505,0.03070223250855048,0.05474828411515436,-0.10530004471552601,0.16670450973262696,0.5805945627887535,0.101224299849732,0.329139462186511,0.8320496633909961,0.2138876204208837,0.046083525804894304,0.09940979607852626,0.32836544476324114,0.2001620733018883,0.04299086919843863,0.09336683386512121,0.30695731273865534,0.02122450525276887,0.021871383260293645,-0.033107022712271464,0.0755560332178092,0.027668358448179563,0.04964116460329006,-0.09564713059805889,0.150983847494418,0.15274657953849297,0.15579053218197345,0.22459893048128343,0.2073816669857404,0.24877650897226752,0.23347317297013345,False,False,False,False,False,False,False
1:10,GCN,class_weighting,3,0,,0.1616144129144408,0.10350384514319459,-0.09550339211693512,0.4187322179458167,0.15946871937807416,0.06729190578822059,-0.007693641485994912,0.32663108024214327,0.1911527994621224,0.09402863525926189,-0.04242727936982682,0.42473287829407164,0.7901359330976013,0.1158604804627941,0.5023225442784622,1.0779493219167404,0.0058694601768791745,0.00034961548883716937,0.005000967156446735,0.006737953197311614,0.007150041518056955,0.0032435238988835144,-0.0009073185181230478,0.015207401554236957,-0.0025678855451802068,0.00330505715059,-0.010778102652450916,0.005642331562090501,0.5255932446344102,0.03429956588358697,0.4403883995263267,0.6107980897424936,0.22369912283973106,0.11237151562101748,-0.05544719684097979,0.5028454425204419,0.2115275454225746,0.10769929525187744,-0.056012335441547406,0.47906742628669663,0.012717812437282545,0.0012480925544224538,0.009617378655086927,0.015818246219478166,0.004175548928232493,0.0024750142772741604,-0.0019727273750647376,0.010323825231529724,0.1900850689351716,0.23971035037134847,0.20600858369098712,0.25097519781615935,0.08231250550806381,0.08277285019885944,False,False,False,False,False,False,False
1:10,GCN,focal_loss,3,0,,0.145670334000688,0.054512524889839306,0.010253715159109666,0.2810869528422663,0.22690760921131678,0.06208928117715098,0.07266928434368611,0.3811459340789475,0.21042995798346967,0.06698541179976418,0.04402897039454992,0.3768309455723894,0.7513122472164285,0.09226697975737738,0.5221083632518231,0.980516131181034,0.007917002292187255,0.0024841943798550883,0.0017459213498710055,0.014088083234503505,0.01747008948458297,0.024316620488202687,-0.04293574449248204,0.07787592346164798,0.013185019110054265,0.03536848644789318,-0.07467517188268764,0.10104521010279617,0.5773967103278145,0.014061585586024283,0.5424657952865667,0.6123276253690623,0.22740537563360977,0.06148326069749103,0.07467248909359539,0.3801382621736241,0.2111227002164291,0.06612780698114344,0.04685212109922393,0.37539327933363426,0.01747008948458297,0.024316620488202687,-0.04293574449248204,0.07787592346164798,0.012969773740003035,0.03560881292846976,-0.07548742132627141,0.10142696880627748,0.20828493999225706,0.19169531256031322,0.29617706237424546,0.2847880891962155,0.1762608252674478,0.15480647219388033,False,False,False,False,False,False,False
1:10,GraphSAGE,none,3,3,"42,43,44",0.37347038889461387,0.06411253023281771,0.21420603474753822,0.5327347430416896,0.4430901918107832,0.03106856512568634,0.3659115975320946,0.5202687860894718,0.43093866065950254,0.032322289945675514,0.35064564127532144,0.5112316800436836,0.8972652465429253,0.010183072775829395,0.8719690914389894,0.9225614016468612,0.005551311897716665,0.0006348981093597959,0.00397413756113701,0.007128486234296319,0.001554001554001554,0.002691609646571682,-0.005132327474358139,0.008240330582361247,-0.0050032349242500876,0.0026326597378102685,-0.01154312426115131,0.0015366544126511365,0.500973061870389,0.041275140719919216,0.39843992825023605,0.6035061954905421,0.44702436502411924,0.03127123432859372,0.36934231253547806,0.5247064175127604,0.4356846686847364,0.030395553966887152,0.36017792680604965,0.5111914105634231,0.001893939393939394,0.003280399256759238,-0.006255024109373982,0.01004290289725277,-0.004405925655807344,0.003911196177157243,-0.014121875577537376,0.005310024265922688,0.47673750717978175,0.4650500308802859,0.41548927263212976,0.4007665261980934,0.43704379562043794,0.42699942490012827,True,True,True,True,True,True,True
1:10,GraphSAGE,class_weighting,3,3,"42,43,44",0.4547520414987855,0.0076744590701863695,0.43568762830525115,0.47381645469231987,0.398633529800512,0.015189366175770025,0.36090105246569676,0.4363660071353272,0.4299361430187061,0.011045095112233921,0.40249860572053653,0.45737368031687564,0.9262890190834341,0.0041524681394264126,0.9159737163814432,0.936604321785425,0.01075659826490605,0.0005876969160455537,0.009296678192677921,0.012216518337134177,0.009805846617042419,0.008617336964828347,-0.011600805112147805,0.031212498346232645,0.004314278735883876,0.008513425069648457,-0.016834241535790533,0.025462799007558285,0.7129243947432874,0.018706602844478556,0.6664546171585822,0.7593941723279926,0.500331692945103,0.012616003160062762,0.4689918037236298,0.5316715821665763,0.4887506870439277,0.012469178224567654,0.4577755311817432,0.5197258429061122,0.011847829631796212,0.003657562355349179,0.002761941051794954,0.02093371821179747,0.0035703989425736812,0.0044806562764534005,-0.007560168287155023,0.014700966172302385,0.3857024106400665,0.4222328498535318,0.3948371956585509,0.42498502970187374,0.4153609831029186,0.44259054950071275,True,True,True,True,True,True,True
1:10,GraphSAGE,focal_loss,3,3,"42,43,44",0.42612878255186176,0.08285160555927122,0.22031398470301283,0.6319435804007107,0.4477372287654697,0.04035870374440657,0.34748065079663004,0.5479938067343093,0.4491888439876046,0.03823431967041884,0.3542095286111997,0.5441681593640095,0.9078396747341987,0.01944415862659589,0.8595377070166164,0.956141642451781,0.009653145474276937,0.0005980094956096339,0.008167607534248252,0.011138683414305623,0.015184789852864205,0.00502478634809233,0.002702528592079827,0.02766705111364858,0.01039071585912181,0.006231418654052453,-0.005088986217114372,0.025870417935357992,0.6664870368124255,0.014948792861401631,0.6293521767202735,0.7036218969045774,0.47707159966647233,0.03845204125058569,0.3815514339021131,0.5725917654308316,0.4649171994897945,0.03839878924572267,0.3695293190389418,0.5603050799406472,0.0159729933249097,0.0030191561698233245,0.008472993625787897,0.023472993024031504,0.009331891767322712,0.003172957201412753,0.0014498291255235062,0.01721395440912192,0.4765285996055227,0.48014691891091094,0.40160642570281124,0.4064506539631517,0.46507666098807493,0.4609689590887512,True,True,True,True,True,True,True
1:10,GAT,none,3,3,"42,43,44",0.40422268656274646,0.025780337461615975,0.3401807780526964,0.4682645950727965,0.45671631569696736,0.030077903873816293,0.38199866039361896,0.5314339710003158,0.44638942498626805,0.032058047968971014,0.3667528190614461,0.52602603091109,0.9076290345219503,0.01678871472664877,0.865923555137664,0.9493345139062367,0.00639534933745321,0.001342617018989341,0.0030601037681439788,0.009730594906762442,0.0038582513888831414,0.000739548629964648,0.0020211107475146695,0.005695392030251613,-0.004208529077422845,0.0018782161202064236,-0.008874276572445012,0.00045721841759932286,0.5565765209479617,0.09259705688063602,0.3265526799536834,0.78660036194224,0.45871650277432385,0.02693199347537673,0.3918137221295267,0.525619283419121,0.4478989938564193,0.029786407996403703,0.37390545445497125,0.5218925332578673,0.0037881460556199137,0.0008605806905546894,0.0016503451082088686,0.005925947003030958,-0.004426879913683794,0.0022555014659290263,-0.010029856164106241,0.0011760963367386523,0.4607438016528926,0.4473578839040743,0.42482758620689653,0.413858120698697,0.4845775592311131,0.4779522703560327,True,True,True,True,True,True,True
1:10,GAT,class_weighting,3,0,,0.32281630841146053,0.040940876201201966,0.22111353388795313,0.42451908293496793,0.196506474986149,0.052032603499518916,0.06725032239244189,0.32576262757985613,0.2624826958649984,0.05161802389085524,0.1342564161116954,0.3907089756183014,0.900342401020939,0.015388078016890662,0.8621162961078247,0.9385685059340533,0.008411026252679065,0.00047769509974389537,0.007224365840686919,0.009597686664671212,0.023322631950102767,0.020962997306833125,-0.028752340211122007,0.07539760411132754,0.018841156323377063,0.02314424225429485,-0.03865232867040225,0.07633464131715638,0.6093137878944315,0.04433992679239848,0.49916730361318556,0.7194602721756774,0.4033447112507805,0.044315158471913224,0.2932597548885087,0.5134296676130522,0.3901587855554169,0.04418272350149914,0.28040281589750526,0.4999147552133285,0.013624814972309897,0.003408684403083698,0.005157173499154519,0.022092456445465272,0.009660404366689685,0.009820160273535192,-0.014734226104231524,0.034055034837610895,0.2536453034927094,0.3194367792249951,0.18402300287535941,0.24922388936072962,0.15185111859037814,0.21878741900927046,False,False,False,False,False,False,True
1:10,GAT,focal_loss,3,0,,0.30415785847398963,0.025011009554848144,0.2420270664298435,0.36628865051813575,0.25850186647197987,0.013820165071651597,0.22417067323487544,0.2928330597090843,0.29776133332511984,0.015705615905094342,0.2587464205690092,0.33677624608123047,0.8828640807764304,0.01403416656332043,0.8480012783635006,0.9177268831893602,0.00509780477340381,0.0004524106475929002,0.003973954422520898,0.006221655124286722,0.005282897124652176,0.006238486863661261,-0.010214363357627803,0.020780157606932154,-0.0038353667190582593,0.007425279319408707,-0.02228078309668125,0.014610049658564732,0.4820936166914092,0.036384090559609644,0.39171052522454375,0.5724767081582747,0.39374383079323144,0.021866409758658462,0.33942465769116253,0.44806300389530035,0.3823507299707282,0.02028431540460531,0.33196169711711,0.43273976282434645,0.005770479652180736,0.0039007027113546772,-0.00391940305542218,0.015460362359783653,-0.010168807125282292,0.009030449466263588,-0.03260168719848331,0.012264072947918729,0.2436738519212746,0.2910707092643944,0.2608076009501188,0.2865089389186178,0.2710241465445462,0.31570435179234735,False,False,False,False,False,False,True
1:10,TAGCN,none,3,3,"42,43,44",0.32019152838391784,0.05355286385042851,0.18715883972083738,0.45322421704699833,0.4133147088440927,0.02145077713920109,0.3600280244062514,0.466601393281934,0.40046521775824423,0.020009739587700307,0.3507582690461344,0.4501721664703541,0.8856714673582969,0.016250329233119816,0.8453034116819452,0.9260395230346486,0.008044815159669354,0.0018773361796061753,0.0033812535582763634,0.012708376761062345,0.008097173905404457,0.0006946015053080748,0.0063716881114301216,0.009822659699378792,0.0006304785316204308,0.0010712458445777408,-0.002030643669450968,0.0032916007326918295,0.6082110490403535,0.08135048180000701,0.4061252493318972,0.8102968487488098,0.41953134768780215,0.0165160373701562,0.3785032364079194,0.4605594589676849,0.40595059395274474,0.017069010470273916,0.3635488213412761,0.4483523665642134,0.007515025386779006,0.0015916241295008873,0.0035612118637540612,0.011468838909803951,0.0006952773831846794,0.000897357061978058,-0.0015338811353804924,0.0029244359017498514,0.4334811529933481,0.4196811543298673,0.41568627450980394,0.4019680781824841,0.3907766990291262,0.3797464207623814,True,True,True,True,True,True,True
1:10,TAGCN,class_weighting,3,2,"42,43",0.2936076318075897,0.13506234508421264,-0.04190583305353973,0.6291210966687191,0.349605378965039,0.14665022392770333,-0.014693972730399463,0.7139047306604775,0.364555795366369,0.131437256086567,0.038047550792742246,0.6910640399399958,0.8735035315339545,0.06835606560860982,0.7036976511287272,1.043309411939182,0.007849408037196743,0.0013067117217004773,0.004603356170934385,0.011095459903459101,0.006148790679130792,0.0016953765580400334,0.0019372418356860726,0.01036033952257551,-0.0020980354567107225,0.0016215771639348764,-0.006126256442154497,0.0019301855287330518,0.6511652718288197,0.037669228705222706,0.5575897202296278,0.7447408234280115,0.3994032266451619,0.12602133401509305,0.08634887833318466,0.7124575749571391,0.3912728259090199,0.11789946317615788,0.09839432323800679,0.684151328580033,0.0076788147440321345,0.0028699729846223833,0.0005494066212270218,0.014808222866837247,-0.0018893608980783633,0.0020229122582388175,-0.006914553526331432,0.003135831730174706,0.4268689057421452,0.43542744866389405,0.441469013006886,0.4453467249173833,0.1804782181460858,0.21289321251782972,True,True,False,True,False,False,True
1:10,TAGCN,focal_loss,3,3,"42,43,44",0.4076404633157373,0.02110251422966166,0.3552189119050868,0.46006201472638775,0.4348260098495402,0.014647575417881259,0.39843941536827426,0.4712126043308061,0.4384322129914613,0.00712859648276023,0.42072379763678586,0.4561406283461367,0.8790394183768782,0.017696108930919396,0.8350798468303394,0.9229989899234169,0.004363223770581754,0.00045705563329877816,0.0032278346355363295,0.005498612905627179,0.0,0.0,0.0,0.0,-0.006398202172628779,0.0005353433971044541,-0.007728068894112486,-0.005068335451145072,0.4108452192763951,0.05995453147704761,0.26190990664393893,0.5597805319088514,0.48449401256334834,0.00895981833409303,0.4622365899491958,0.5067514351775009,0.4721105654897176,0.00847550994669415,0.4510562316048196,0.49316489937461555,0.0008396305625524769,0.0014542827939285283,-0.002773008169395014,0.004452269294499968,-0.009217915829380195,0.001086165987116429,-0.01191610171919664,-0.00651972993956375,0.44792095512556607,0.4455019335157646,0.4375490966221524,0.43854854111053637,0.4190079778009018,0.43124616434808294,True,True,True,True,True,True,True
1:10_os,GCN,none,3,0,,0.12354837200896858,0.0367206118754374,0.032329315250647514,0.21476742876728966,0.2122093834317187,0.05013233385020747,0.08767376233636069,0.3367450045270767,0.2029782500341,0.04152773461776903,0.09981763838654027,0.3061388616816597,0.7583013845216322,0.03779876409814104,0.6644040491678855,0.8521987198753789,0.012766658387525859,0.01198879129534195,-0.017015150187537166,0.042548466962588884,0.023320293881117334,0.03032015670791585,-0.05199915082319616,0.09863973858543083,0.027760117235616128,0.05606447578921804,-0.11151176136189377,0.16703199583312603,0.5898729660076564,0.08517694405341662,0.3782817071129161,0.8014642249023967,0.2156384412183212,0.04629275271094813,0.10064086842832262,0.33063601400831977,0.20076042307310693,0.043397614819779676,0.09295477149927724,0.30856607464693664,0.021508821971348027,0.022633949087385745,-0.03471702452246387,0.07773466846515992,0.027570767528731097,0.05069690692803243,-0.09836733084029083,0.15350886589775303,0.15695350305070482,0.15976283872595856,0.22489270386266094,0.20658945848496552,0.25478194338179033,0.24258245289137592,False,False,False,False,False,False,False
1:10_os,GCN,class_weighting,3,0,,0.16179519085420377,0.10367022686795466,-0.0957359292941947,0.4193263110026022,0.16640566836703244,0.07308591471978294,-0.015149808586148922,0.3479611453202138,0.19500918433752779,0.09725617602136691,-0.04658855021777794,0.43660691889283354,0.7907002820618297,0.11630050339209398,0.5017938156899819,1.0796067484336775,0.0072901639472467685,0.002520236468399679,0.0010295494935666566,0.013550778400926881,0.007322621853179591,0.0025748961483743936,0.0009262252271620862,0.013719018479197095,-0.0017289436386310638,0.0004333341796478592,-0.0028054054160847035,-0.0006524818611774242,0.5765679270494292,0.09893511822551064,0.33079946884896083,0.8223363852498975,0.22263595699413952,0.11281336445802054,-0.05760797604546364,0.5028798900337427,0.21152687291156672,0.10890811325032558,-0.05901587832914287,0.4820696241522763,0.015328862082675102,0.0069546037720224965,-0.001947331417687076,0.03260505558303728,0.008687449882246652,0.012107584791265334,-0.02138945809595031,0.03876435786044362,0.2005851755526658,0.24444998911258767,0.2161393530039104,0.2576127127576231,0.08249247654452116,0.08296485114237265,False,False,False,False,False,False,False
1:10_os,GCN,focal_loss,3,0,,0.10771061994958409,0.011233716410906638,0.07980452137014234,0.13561671852902585,0.1807699367125839,0.023757472702226147,0.12175310283710492,0.2397867705880629,0.16254971606026455,0.02832509513342793,0.09218627905040049,0.2329131530701286,0.7036483574510249,0.008457778567168438,0.6826380707546882,0.7246586441473617,0.008445565996020034,0.002945985207654722,0.0011273330434263124,0.015763798948613756,0.01754002431968534,0.021433403699458908,-0.03570350210130957,0.07078355074068025,0.01383366163407101,0.034208035509134094,-0.07114380941906338,0.09881113268720541,0.5866076186982114,0.019190878650942846,0.53893483331978,0.6342804040766429,0.1843592849085033,0.020210707011106166,0.1341531054410777,0.23456546437592893,0.1659368071368955,0.02518855530368508,0.1033649670025026,0.2285086472712884,0.020099728766182236,0.02074308003236218,-0.03142893860006392,0.07162839613242838,0.016960682656380597,0.033361086674672975,-0.06591285085714596,0.09983421616990715,0.2067058416868303,0.19420501640584756,0.16006156213928435,0.13959693540860163,0.1755424063116371,0.15384719636634453,False,False,False,False,False,False,False
1:10_os,GraphSAGE,none,3,3,"42,43,44",0.3474417294858833,0.036683508582942476,0.256314842415679,0.43856861655608764,0.43325800187460367,0.02234254076826501,0.3777560537758374,0.48875994997336997,0.4213810627594401,0.024608376157899993,0.36025046752066303,0.48251165799821716,0.8910094318512903,0.006111541256138043,0.8758275217399999,0.9061913419625808,0.004879103702648227,0.00014595448878918543,0.004516532652847771,0.005241674752448683,0.0,0.0,0.0,0.0,-0.0073948944656206,0.0012990677062837297,-0.010621957544917016,-0.004167831386324186,0.45903253151458107,0.015946773613843772,0.4194185497996867,0.49864651322947545,0.43406754602035474,0.021747939578678824,0.3800426691600911,0.4880924228806184,0.4231527766433509,0.02494511249244962,0.3611856819770025,0.48511987130969925,0.0,0.0,0.0,0.0,-0.007180628649263243,0.0008583499767378216,-0.009312888196357684,-0.005048369102168802,0.4492951341518872,0.43997040745444,0.40773809523809523,0.3934745830040993,0.44274077623382846,0.43069819781978114,True,True,True,True,True,True,True
1:10_os,GraphSAGE,class_weighting,3,3,"42,43,44",0.43830508578898614,0.015338073485879648,0.40020319901711465,0.4764069725608576,0.4176316408195431,0.02146079924135343,0.3643200600997942,0.4709432215392921,0.4328074913211372,0.01857575607215016,0.38666275513803383,0.4789522275042406,0.91781759367926,0.0053169145895619494,0.9046096456371736,0.9310255417213463,0.011085999019780905,0.0006839845567316963,0.009386887188148865,0.012785110851412946,0.013050122720587767,0.009018272834881694,-0.009352508923395408,0.035452754364570946,0.007960369169992198,0.010760334062173364,-0.018769782464884276,0.034690520804868674,0.7149067050785863,0.017373857136032744,0.6717476513684049,0.7580657587887678,0.4659408938367983,0.017926811030093654,0.4214082265055209,0.5104735611680757,0.45332400602302947,0.018534072289601054,0.4072828180961247,0.4993651939499342,0.011625994904716047,0.001479384258169973,0.007951000678826231,0.015300989130605864,0.0035368684024581747,0.0014008457317817207,5.6974691794714396e-05,0.007016762113121635,0.40256670043904086,0.4158888593639366,0.40812440495080926,0.4298484609582301,0.44220381706877926,0.45268515364124495,True,True,True,True,True,True,True
1:10_os,GraphSAGE,focal_loss,3,3,"42,43,44",0.4421483187540132,0.018925971144913734,0.39513360010143445,0.489163037406592,0.46322473741404074,0.014920780949948016,0.42615946276750893,0.5002900120605726,0.4558493633926461,0.01560510964026977,0.4170841220392533,0.49461460474603886,0.9108447810893233,0.005866633587543063,0.8962712553534865,0.9254183068251601,0.010115362765577342,0.00040314784396386713,0.009113888002975861,0.011116837528178823,0.011280513116731936,0.0065664436418711395,-0.0050314371661233405,0.02759246339958721,0.006925360865246105,0.0060017392110561785,-0.00798378584502922,0.021834507575521432,0.6757901992802108,0.011634060287093302,0.6468895913802655,0.7046908071801561,0.47579197452654126,0.015408383007692948,0.4375154292200382,0.5140685198330442,0.46596696248639263,0.011318425523687255,0.4378504348053636,0.49408349016742165,0.013538181497103194,0.003247707893710562,0.005470427841587553,0.021605935152618834,0.007206007840449999,0.0035954381095571896,-0.0017255555577653297,0.016137571238665327,0.4643157010915197,0.46131985602881187,0.4477884176926585,0.4382455351104658,0.47757009345794393,0.46798269903866063,True,True,True,True,True,True,True
1:10_os,GAT,none,3,3,"42,43,44",0.3852216021475594,0.033544362657147095,0.3018927858543108,0.468550418440808,0.4333948155623935,0.020134753973500525,0.38337731390000607,0.48341231722478095,0.4205587460402791,0.020164047227341202,0.37046847590132614,0.47064901617923205,0.9002347043445841,0.012864984913301233,0.8682763101603534,0.9321930985288147,0.005694306987661751,0.0014969536178341288,0.0019756680528589,0.009412945922464602,0.002551407610856131,0.0022524376106533447,-0.003043957601132649,0.008146772822844912,-0.005144210125608346,0.0019063693135482893,-0.009879894029917242,-0.0004085262212994512,0.5166739340575329,0.09036446303796472,0.29219616362285594,0.7411517044922099,0.4393057220913829,0.017163963386446688,0.39666807336000875,0.48194337082275707,0.4260109124167433,0.016977929985082137,0.38383539627334406,0.4681864285601426,0.0019852524106636414,0.001720740371456551,-0.002289303638202848,0.006259808459530131,-0.007059892773105276,0.0010558744848863403,-0.009682830399886388,-0.004436955146324164,0.4563155267099351,0.44343131886629883,0.41855969067182214,0.4053511389268695,0.4253092293054234,0.4128937803276688,True,True,True,True,True,True,True
1:10_os,GAT,class_weighting,3,0,,0.3450737269073149,0.025994693863497027,0.28049932757559704,0.4096481262390328,0.22983107853413207,0.0433155712354386,0.1222292345221712,0.3374329225460929,0.2948438295239804,0.04266457216034876,0.1888591568647648,0.40082850218319604,0.9093152036895596,0.010276332036340027,0.8837873797396193,0.9348430276395,0.009081277639779582,0.0013433467164742476,0.005744219401429925,0.012418335878129239,0.01372314139437427,0.020558462957996227,-0.0373469117352064,0.06479319452395493,0.008117045479071758,0.023553045994438457,-0.05039196430230287,0.06662605526044638,0.6471050557316992,0.0457898195692443,0.5333568381254962,0.7608532733379022,0.42372107127880376,0.03624483655938522,0.33368390592540786,0.5137582366321997,0.41250466070880193,0.036295953231171636,0.32234051450332224,0.5026688069142816,0.012893683578142556,0.004096033086442645,0.002718573319533282,0.02306879383675183,0.00684428410003284,0.010432544150018522,-0.019071592252528465,0.032760160452594146,0.2560728744939271,0.32384219592737173,0.17983519146873486,0.24585425958805684,0.25358516963973415,0.3148350330565127,False,False,False,False,False,False,True
1:10_os,GAT,focal_loss,3,2,"42,43",0.29431347890426723,0.10241972286973791,0.039888782896533526,0.5487381749120009,0.33674293935807253,0.06711348190700764,0.1700238079860014,0.5034620707301437,0.3307702809413729,0.0821805289820599,0.12662252972544694,0.5349180321572988,0.8656761566624028,0.04168324059326339,0.762129246756715,0.9692230665680907,0.006149762910383646,0.0016125409675322587,0.0021439890811943974,0.010155536739572894,0.0029411764705882353,0.005094267081084933,-0.009713684499263122,0.015596037440439593,-0.004881015083893353,0.004507266015577103,-0.016077684570079086,0.00631565440229238,0.5542959635741663,0.09162384653378762,0.3266897111039597,0.7819022160443729,0.3604194162904024,0.09987832197516384,0.11230791008555618,0.6085309224952486,0.34561182201531765,0.10121780455057602,0.09417285663065755,0.5970507873999777,0.00541872907804945,0.0061937138647346615,-0.009967309109128804,0.020804767265227706,-0.0027626589916946447,0.006726364721596241,-0.019471875259598877,0.013946557276209588,0.4051069703243616,0.4162942109730037,0.3341677096370463,0.3236156520759877,0.2709541381128097,0.2524009797751274,True,True,False,True,False,False,True
1:10_os,TAGCN,none,3,3,"42,43,44",0.39684946884953315,0.031116027009673752,0.31955297271496075,0.47414596498410555,0.4551069642069252,0.02665378251726276,0.3888952978950011,0.5213186305188493,0.4447620135583635,0.026810231744513097,0.3781617058210527,0.5113623212956743,0.8936075023806218,0.006072252010337034,0.8785231921664918,0.9086918125947518,0.009503916076740825,0.0008499979607997477,0.007392404087407293,0.011615428066074357,0.0023148148148148147,0.004009376869372401,-0.007645029467012643,0.012274659096642273,-0.0016640135673594177,0.003420752002983324,-0.010161632620515771,0.006833605485796936,0.6829738898517487,0.013602893085600637,0.6491824301489003,0.716765349554597,0.45893017310172307,0.027793306458111743,0.3898877723948937,0.5279725738085524,0.45139767134236647,0.03397496818040843,0.36699917162989637,0.5357961710548366,0.0024783147459727386,0.004292567057171938,-0.008185012960965207,0.013141642452910685,-0.0016412618749835168,0.0043151366207716205,-0.012360655485997182,0.00907813173603015,0.47149643705463185,0.46131931988979485,0.4243520192887282,0.4138298787291186,0.46947243627741553,0.45913684205617705,True,True,True,True,True,True,True
1:10_os,TAGCN,class_weighting,3,2,"42,43",0.29217780923690995,0.1348339458319697,-0.042768280428387206,0.6271238989022071,0.358362659024219,0.1483823626177004,-0.010239563713023037,0.726964881761461,0.362969124495959,0.1281377128513005,0.044657399704608525,0.6812808492873095,0.8701695493623619,0.0671030089431357,0.7034764342747988,1.036862664449925,0.00841029867102329,0.0013588653183289551,0.0050346900885727165,0.011785907253473865,0.006628620576132056,0.0017874966272549177,0.002188232794741592,0.01106900835752252,-0.0009517045088121616,0.0031906735512319583,-0.00887777700331182,0.006974367985687496,0.6708202729130811,0.04040992723410405,0.5704364487417566,0.7712040970844056,0.38962957618130756,0.12181010924366564,0.08703649013669029,0.6922226622259249,0.3791553840906324,0.1193353679004026,0.08270989634364251,0.6756008718376223,0.008104668768476632,0.002833157085109623,0.001066716410043177,0.015142621126910087,-0.00109514728633187,0.002748314497769377,-0.007922338973990948,0.005732044401327208,0.4218362282878412,0.4173371120058223,0.4644506001846722,0.45495880612849643,0.18880114860014358,0.2166114553535583,True,True,False,True,False,False,True
1:10_os,TAGCN,focal_loss,3,3,"42,43,44",0.40217613749285525,0.0283426089641574,0.3317691937155989,0.4725830812701116,0.4456571781558614,0.006462906052735364,0.42960242950276206,0.4617119268089608,0.4422773650990355,0.006993602463158972,0.4249042934793123,0.45965043671875866,0.884124107679403,0.005954957032896873,0.869331174342131,0.8989170410166749,0.004910871779206066,0.0010855860324434482,0.002214126576663879,0.007607616981748253,0.0,0.0,0.0,0.0,-0.006326538076685355,0.0008880552063917669,-0.008532589504999365,-0.004120486648371344,0.45151718061320745,0.10795115564917351,0.18335164383806585,0.7196827173883491,0.46539688470129376,0.018993054946761134,0.41821552064669826,0.5125782487558892,0.45310088211162597,0.018996454417909918,0.4059110733025498,0.5002906909207021,0.0,0.0,0.0,0.0,-0.009295883553930642,6.254328832821307e-05,-0.009451249695083631,-0.009140517412777653,0.45079624336463864,0.4492706211310134,0.4477739726027397,0.4422780579099233,0.438401318500206,0.4352834162561697,True,True,True,True,True,True,True
1:1,GCN,none,3,0,,0.18517629080244216,0.013417670157057733,0.15184495036146808,0.21850763124341624,0.17097145130234326,0.013099244621123154,0.13843112374356856,0.20351177886111796,0.2269519804401305,0.010602785555195865,0.2006132009928668,0.25329075988739425,0.8556302065416416,0.0033869014771374362,0.8472166768563015,0.8640437362269816,0.009580692169698589,0.0019966267591592546,0.00462079634098124,0.014540587998415937,0.013301722919641235,0.004489379102550979,0.0021494869886504956,0.024453958850631972,0.0052330965350234964,0.006001247969721795,-0.009674829864127519,0.02014102293417451,0.6519324744112661,0.04965001444818523,0.5285950011315804,0.7752699476909518,0.26507865252640656,0.014593810983283497,0.22882561630467585,0.30133168874813726,0.2578015532424324,0.017758641303875066,0.21368664267002932,0.3019164638148355,0.021351396145633212,0.004326151728114033,0.010604639491071283,0.03209815280019514,0.028118344231206738,0.014089970521323901,-0.006883082898264427,0.0631197713606779,0.16543643819566492,0.22398578452640705,0.18592964824120603,0.23872197894480193,0.16154826747015877,0.2181481778491825,False,False,False,False,False,False,False
1:1,GCN,class_weighting,3,0,,0.18504613792375046,0.01327779305711187,0.15206227146176216,0.21803000438573877,0.17172255829350883,0.014420578409518213,0.13589985564117205,0.2075452609458456,0.22754233891448675,0.011869118850866616,0.19805781317180224,0.25702686465717123,0.8556722782578944,0.003500505522747129,0.8469765404786479,0.8643680160371409,0.00955241897133629,0.0020015630966418244,0.004580260600520563,0.014524577342152015,0.01285958570958944,0.005224524388437724,-0.00011885234968803983,0.025838023768866923,0.004793760969090358,0.006728349875478141,-0.011920386694435531,0.021507908632616247,0.6513422286197537,0.04921978766210425,0.5290734979239768,0.7736109593155305,0.2658601286664299,0.01600717477738639,0.22609610214334566,0.30562415518951414,0.2568218248481767,0.01613525833521955,0.216739621128824,0.29690402856752945,0.021491746589626538,0.004194487709959761,0.011072061487842212,0.03191143169141086,0.028384305699866306,0.013821819559599977,-0.005950997513144336,0.06271960891287695,0.16539410313637964,0.22359718098101572,0.18822530427398812,0.24088165791326202,0.16154826747015877,0.2181481778491825,False,False,False,False,False,False,False
1:1,GCN,focal_loss,3,0,,0.07867925163890738,0.02891131915689945,0.0068595534248036966,0.15049894985301104,0.08559647572712119,0.011728899756943493,0.05646027352355858,0.1147326779306838,0.09585545949780273,0.01696350963066314,0.05371576550063251,0.13799515349497296,0.7258582610352011,0.07735759746878404,0.5336913358725928,0.9180251861978095,0.01418828408573534,0.007591828551337047,-0.0046708635197838955,0.033047431691254577,0.02816367628543501,0.013398454305681455,-0.0051199293344718795,0.061447281905341905,0.032933881662866496,0.023927917472959564,-0.026506360495362015,0.092374123821095,0.6762548110962867,0.06299268225603812,0.5197723135397565,0.8327373086528169,0.14932281079331922,0.04118394629348214,0.04701621668698,0.25162940489965846,0.13292202633162717,0.049719731798530856,0.0094113655527846,0.25643268711046974,0.020079479053004532,0.0054890555744871086,0.006443909098527732,0.03371504900748133,0.03714701604905721,0.011725077376139079,0.008020309165799513,0.0662737229323149,0.0990728476821192,0.0767397232446635,0.08002346729246113,0.10171168885013808,0.07769311220678321,0.10911496639860664,False,False,False,False,False,False,False
1:1,GraphSAGE,none,3,0,,0.36381146400270675,0.015151716195041097,0.32617251440486694,0.40145041360054656,0.2757594368103287,0.0006378814131714337,0.274174851536245,0.27734402208441244,0.34429940671889775,0.00253398360362383,0.3380046424881788,0.3505941709496167,0.9241359946809098,0.0030661165376523612,0.9165193389611062,0.9317526504007134,0.01012808484347887,0.0010317792259760558,0.007565003158031184,0.012691166528926557,0.012027446961910474,0.00615228780090544,-0.0032556831778602375,0.027310577101681187,0.005378283512701899,0.005960771310697292,-0.009429093291320688,0.020185660316724488,0.6979389011237224,0.02851652309328466,0.6270999306996947,0.76877787154775,0.43794267404090376,0.015478765987538928,0.39949128771989995,0.47639406036190757,0.42697765427539364,0.016682971261585258,0.3855348562204427,0.46842045233034457,0.01746926822624034,0.0004743393817179706,0.016290943879946392,0.018647592572534285,0.014292458639162835,0.0010307196920752073,0.011732008981835124,0.016852908296490544,0.27502710516805207,0.3414187684922411,0.27619387027797576,0.3452952987192167,0.27605733498495844,0.3461841529452354,False,False,False,False,False,False,True
1:1,GraphSAGE,class_weighting,3,0,,0.3638342311425875,0.015190868413585265,0.3260980220421634,0.4015704402430116,0.27546077461499663,0.0005340818837142769,0.27413404166649935,0.2767875075634939,0.3439639483190063,0.0023992559069287516,0.33800386624046486,0.3499240303975477,0.9241197984288982,0.003072913213941947,0.9164862588292091,0.9317533380285874,0.010126621560120343,0.0010309893066554547,0.0075655021430462025,0.012687740977194484,0.01206405118786836,0.006197341042481325,-0.003330997408337602,0.027459099784074324,0.0054209511391546195,0.006013415166127265,-0.009517200251433496,0.020359102529742733,0.6980245728027169,0.028471145104423123,0.6272983275521036,0.7687508180533302,0.4381095550268061,0.015767575652867495,0.3989407257246416,0.4772783843289706,0.4271680093057799,0.01701012081977626,0.3849125266959443,0.46942349191561555,0.017432190294425564,0.0004413677375876435,0.016335772052734177,0.01852860853611695,0.014225364773177944,0.0009262112547992961,0.011924528466083419,0.01652620108027247,0.27502710516805207,0.3414187684922411,0.2752978836919794,0.3442889235195423,0.27605733498495844,0.3461841529452354,False,False,False,False,False,False,True
1:1,GraphSAGE,focal_loss,3,0,,0.2725906325488981,0.07962283840621934,0.0747965369474061,0.4703847281503901,0.09512769109212062,0.015555992473379856,0.05648446354529343,0.1337709186389478,0.1472390801023881,0.02504160711562558,0.08503227950362718,0.209445880701149,0.877494356213904,0.013053009537449506,0.845068882970089,0.9099198294577191,0.005794365838692673,0.0010036855032646964,0.003301072829295731,0.008287658848089614,0.0,0.0,0.0,0.0,-0.01223947200208642,0.0036085628436524236,-0.021203639047224415,-0.0032753049569484247,0.5484737643848395,0.0699611434364119,0.37468064961727465,0.7222668791524044,0.35293369498379085,0.07321651542882555,0.1710537878840954,0.5348136020834863,0.34369844379942643,0.0694166419122766,0.17125794580207157,0.5161389417967813,0.012844836883024105,0.002384285235342216,0.006921944014340996,0.018767729751707214,0.008403145684537162,0.012771526533758923,-0.023323085014593355,0.04012937638366768,0.07737960404113622,0.11883661159837379,0.10639818122767132,0.16613679432264875,0.10160528800755429,0.15674383438614173,False,False,False,False,False,False,True
1:1,GAT,none,3,0,,0.34668166600192235,0.011987333687260378,0.3169034783260637,0.376459853677781,0.18712869971453083,0.034540354489351575,0.10132570255030776,0.2729316968787539,0.2564506541428365,0.03919816260172995,0.1590770201925577,0.35382428809311534,0.9050334690261058,0.01717611750540039,0.8623656277894857,0.947701310262726,0.008571020376246097,0.002390263617412736,0.002633276383206356,0.014508764369285838,0.018160763062555128,0.00526141095064785,0.005090693703034648,0.031230832422075607,0.011159596255686743,0.005744610071761706,-0.0031108062628772814,0.02542999877425077,0.6140606471285787,0.08699118106067606,0.3979625736660522,0.8301587205911052,0.41357766798715506,0.01794215313178603,0.3690068887624861,0.458148447211824,0.40555075241484656,0.024552630304603057,0.34455863755251814,0.466542867277175,0.015679145908748287,0.007445670019643857,-0.002816923776297841,0.03417521559379441,0.011482109402097193,0.019991219805951473,-0.038178833621756975,0.06114305242595136,0.1630481055768412,0.23158461903816643,0.17163483931066603,0.23613071495869284,0.22670315425608525,0.3016366284316503,False,False,False,False,False,False,True
1:1,GAT,class_weighting,3,0,,0.3466816784000803,0.011987318123134184,0.3169035293876545,0.3764598274125061,0.18712869971453083,0.034540354489351575,0.10132570255030776,0.2729316968787539,0.2564506541428365,0.03919816260172995,0.1590770201925577,0.35382428809311534,0.9050334640852116,0.017176074217786632,0.8623657303809853,0.9477011977894378,0.008571018917897624,0.002390262439007325,0.0026332778521792038,0.014508759983616044,0.018160763062555128,0.00526141095064785,0.005090693703034648,0.031230832422075607,0.011159596255686743,0.005744610071761706,-0.0031108062628772814,0.02542999877425077,0.6140606471285787,0.08699118106067606,0.3979625736660522,0.8301587205911052,0.41357766798715506,0.01794215313178603,0.3690068887624861,0.458148447211824,0.40555075241484656,0.024552630304603057,0.34455863755251814,0.466542867277175,0.015679145908748287,0.007445670019643857,-0.002816923776297841,0.03417521559379441,0.011482109402097193,0.019991219805951473,-0.038178833621756975,0.06114305242595136,0.1630481055768412,0.23158461903816643,0.17163483931066603,0.23613071495869284,0.22670315425608525,0.3016366284316503,False,False,False,False,False,False,True
1:1,GAT,focal_loss,3,0,,0.20401920303771512,0.06430282883095395,0.044282120966516014,0.3637562851089142,0.16866088841805207,0.04893006739913319,0.04711186275337992,0.29020991408272423,0.21711449126810364,0.03088600076257623,0.14038941200863858,0.2938395705275687,0.8601767089160575,0.007683974142774536,0.8410886589718768,0.8792647588602381,0.006566188567406493,0.0010598211984607212,0.003933446760597785,0.009198930374215201,0.009319262566903755,0.004822039213522104,-0.002659346890945404,0.021297872024752914,0.0011658844649249601,0.0046595265656342,-0.010409021195669456,0.012740790125519376,0.5746333643074544,0.054278841318199086,0.439797247638804,0.7094694809761047,0.28044109143572515,0.05879273382605685,0.13439184416151806,0.42649033870993225,0.2678122469943504,0.05201782393511747,0.13859280887393616,0.39703168511476467,0.01081879095877579,0.0037606030300997616,0.0014769351527824087,0.02016064676476917,-0.0007322462352432902,0.013450889630384499,-0.03414610842267288,0.0326816159521863,0.1369229345915441,0.1962083155770078,0.22501045587620241,0.2525904467867548,0.1440492747864097,0.20254471144054836,False,False,False,False,False,False,False
1:1,TAGCN,none,3,0,,0.20032365847421618,0.05102896906670188,0.073560672023881,0.32708664492455136,0.22287233700067963,0.03937313562251583,0.12506404597092774,0.3206806280304315,0.2748362553860304,0.05362348267266734,0.1416281398434671,0.4080443709285937,0.8708446484757163,0.06477091153307467,0.7099447845119611,1.0317445124394715,0.009108526185188278,0.0017502313755431943,0.004760710420912776,0.013456341949463782,0.008504719753090889,0.0033925810320071885,7.70812713129787e-05,0.0169323582348688,-0.0011428851912925796,0.004154917693406298,-0.01146427292270186,0.0091785025401167,0.6838263631536935,0.044557208779721275,0.5731401204936549,0.7945126058137321,0.3164335178515851,0.04488747743857816,0.20492684236107095,0.4279401933420992,0.3151850473549877,0.05407333721147709,0.180859431187765,0.44951066352221036,0.013643398349339142,0.0011662320763550457,0.010746317267812682,0.0165404794308656,0.006389742167020849,0.0020256146955103457,0.001357836312427937,0.01142164802161376,0.2259970457902511,0.2967492104102854,0.26059001512859303,0.3140329900893193,0.18202995008319467,0.21372656565848658,False,False,False,False,False,False,True
1:1,TAGCN,class_weighting,3,0,,0.2052513080904339,0.05651014083565616,0.06487233614425814,0.34563028003660967,0.2229616408948647,0.042516998598023846,0.11734356128707775,0.32857972050265166,0.27376487917924747,0.05361692949708358,0.14057304262728348,0.40695671573121145,0.8702867869059024,0.06427840176388444,0.7106103850331982,1.0299631887786067,0.009487513974528626,0.001991739534495338,0.004539758684904709,0.014435269264152542,0.009415033429678088,0.002576289241875531,0.003015176167558413,0.015814890691797763,-1.0603574966238193e-05,0.003386157796106607,-0.008422285854212045,0.00840107870427957,0.6930358013392715,0.05087366728118875,0.5666586059110316,0.8194129967675113,0.3178452820397865,0.04632281768443496,0.20277302371534653,0.43291754036422647,0.3159415967014846,0.0546827023906389,0.18010223351247856,0.4517809598904906,0.015798828684043333,0.0034227837401929516,0.007296162515864178,0.024301494852222487,0.01161016116544925,0.008642703880392113,-0.009859505475323714,0.03307982780622221,0.21995105801065207,0.29069488734690635,0.2669039145907473,0.3168731845323495,0.18202995008319467,0.21372656565848658,False,False,False,False,False,False,True
1:1,TAGCN,focal_loss,3,0,,0.2286243306990607,0.07376741818133668,0.04537590529634533,0.4118727561017761,0.11524627281476192,0.06465083128354585,-0.04535529527270231,0.27584784090222614,0.1656282868762969,0.09014510928629661,-0.05830457863164737,0.38956115238424116,0.8636188126809281,0.046101182890894016,0.7490971257053591,0.9781404996564971,0.007493936347542362,0.0014663607916664166,0.003851294205931747,0.011136578489152976,0.0025789813023855577,0.0044669266475019405,-0.008517479638296487,0.0136754422430676,-0.00858729057285869,0.0076360166374944555,-0.02755620746961162,0.010381626323894238,0.6351358133346431,0.05262094867790141,0.5044181302957895,0.7658534963734966,0.33840200568112816,0.07712926682763631,0.14680228527494307,0.5300017260873132,0.3263738160953507,0.07666249095066843,0.13593363124807684,0.5168140009426245,0.01646482410594111,0.0019000910278051696,0.011744736328011842,0.021184911883870377,0.028769872382795863,0.005702293288359768,0.014604590581720563,0.042935154183871165,0.08780853456122503,0.13479508925264974,0.06883937479215164,0.0949453724986477,0.1890909090909091,0.2671443988775933,False,False,False,False,False,False,True
